place_id,name,address,latitude,longitude,rating,review_count,primary_type,types,website,google_maps_url,search_query,price_numeric_imputed,price_tier_imputed,price_tier_numeric
ChIJ0X9FAJxzhlQRYVVDN4XOvaI,Tamarind Tales,"1128 W Broadway #201, Vancouver, BC V6H 1G5",49.2633333,-123.13,5.0,1005.0,indian_restaurant,"indian_restaurant, meal_takeaway, restaurant, food, point_of_interest, establishment",https://www.tamarindtales.ca/,https://maps.google.com/?cid=11726756076295771489&g_mp=Cidnb29nbGUubWFwcy5wbGFjZXMudjEuUGxhY2VzLlNlYXJjaFRleHQQAhgEIAA,Indian restaurants in Kitsilano BC,2.0,$$,2
ChIJC3Qfog5zhlQRUZb14_bjCJM,Jake's Thai Food,"1386 Kingsway, Vancouver, BC V5V 3E4",49.2501998,-123.076692,5.0,176.0,meal_takeaway,"meal_takeaway, thai_restaurant, meal_delivery, food_delivery, restaurant, food, point_of_interest, establishment",https://www.callmejakethaifood.com/,https://maps.google.com/?cid=10594968772915074641&g_mp=Cidnb29nbGUubWFwcy5wbGFjZXMudjEuUGxhY2VzLlNlYXJjaFRleHQQAhgEIAA,Thai restaurants in Gastown BC,2.0,$$,2
ChIJiyOJNABzhlQR4sSErME-_K0,Green Bliss,"3623 Main St, Vancouver, BC V5V 1M1",49.2524603,-123.1011916,5.0,95.0,salad_shop,"salad_shop, restaurant, food, point_of_interest, establishment",,https://maps.google.com/?cid=12536964464236610786&g_mp=Cidnb29nbGUubWFwcy5wbGFjZXMudjEuUGxhY2VzLlNlYXJjaFRleHQQAhgEIAA,Vegan restaurants in Mount Pleasant BC,2.0,$$,2
ChIJO8er-JJzhlQR18l9dIBv5mI,Paella La Flamenca,"1780 W 3rd Ave, Vancouver, BC V6J 1K4",49.2686919,-123.14513789999998,5.0,60.0,food,"food, point_of_interest, establishment",https://www.paellalaflamenca.com/,https://maps.google.com/?cid=7126506057861286359&g_mp=Cidnb29nbGUubWFwcy5wbGFjZXMudjEuUGxhY2VzLlNlYXJjaFRleHQQAhgEIAA,Spanish restaurants in Downtown Vancouver BC,2.0,$$,2
ChIJA8fDck7PhVQRwV03i72dQDY,Dr.D’s Jerk Spot,"5680 198 St, Langley, BC V3A 7C7",49.1057382,-122.6726454,5.0,60.0,meal_takeaway,"meal_takeaway, restaurant, food, point_of_interest, establishment",,https://maps.google.com/?cid=3909297913967631809&g_mp=Cidnb29nbGUubWFwcy5wbGFjZXMudjEuUGxhY2VzLlNlYXJjaFRleHQQAhgEIAA,Caribbean restaurants in Richmond BC,2.0,$$,2
ChIJNWLHfN9xhlQRIzznVmCfSlI,Holly Food,"222 MacKay Rd, North Vancouver, BC V7P 3H4",49.3196756,-123.1017874,5.0,56.0,meal_takeaway,"meal_takeaway, restaurant, food, point_of_interest, establishment",https://hollyfood.ca/,https://maps.google.com/?cid=5929727095510350883&g_mp=Cidnb29nbGUubWFwcy5wbGFjZXMudjEuUGxhY2VzLlNlYXJjaFRleHQQAhgEIAA,Vegetarian restaurants in North Vancouver BC,2.0,$$,2
ChIJWRLWAyrfTIsRQ5snW8l7Elk,Lokanta Boutique Catering,"1780 W 3rd Ave, Vancouver, BC V6J 1K4",49.2686919,-123.14513789999998,5.0,55.0,catering_service,"catering_service, turkish_restaurant, food_delivery, restaurant, food, point_of_interest, service, establishment",http://www.lokantabc.ca/,https://maps.google.com/?cid=6418328523704343363&g_mp=Cidnb29nbGUubWFwcy5wbGFjZXMudjEuUGxhY2VzLlNlYXJjaFRleHQQAhgEIAA,Turkish restaurants in Kitsilano BC,2.0,$$,2
ChIJ8RIZaABxhlQRi7YUwlfMAS0,Loreto Brunch and Dinner,"219 Union St, Vancouver, BC V6A 2B2",49.277785300000005,-123.0989703,5.0,34.0,brunch_restaurant,"brunch_restaurant, restaurant, food, point_of_interest, establishment",,https://maps.google.com/?cid=3243097883973826187&g_mp=Cidnb29nbGUubWFwcy5wbGFjZXMudjEuUGxhY2VzLlNlYXJjaFRleHQQAhgEIAA,Spanish restaurants in Gastown BC,2.0,$$,2
ChIJNRmcctZzhlQRUqf3-jNAsJw,Antojitos El Rincon del Mexicano,"1605 W 5th Ave, Vancouver, BC V6J 1N5",49.267321800000005,-123.14113,5.0,34.0,mexican_restaurant,"mexican_restaurant, restaurant, food, point_of_interest, establishment",https://antojitoselrincondelmexicano.ca/,https://maps.google.com/?cid=11290594857815877458&g_mp=Cidnb29nbGUubWFwcy5wbGFjZXMudjEuUGxhY2VzLlNlYXJjaFRleHQQAhgEIAA,Mexican restaurants in Kitsilano BC,1.0,$,1
ChIJRZsRXNVxhlQRamWCThp0pLY,Tsukiji Kitchen,"228 Lonsdale Ave, North Vancouver, BC V7M 2G1",49.3130111,-123.0772298,5.0,30.0,restaurant,"restaurant, food, point_of_interest, establishment",https://www.tsukijikitchen.com/,https://maps.google.com/?cid=13160771667418572138&g_mp=Cidnb29nbGUubWFwcy5wbGFjZXMudjEuUGxhY2VzLlNlYXJjaFRleHQQAhgEIAA,Japanese restaurants in North Vancouver BC,2.0,$$,2
ChIJOXnANQdxhlQRlhOJ5q9npcA,Simya Korea Chicken East Van,"1205 E Hastings St, Vancouver, BC V6A 1S4",49.2815908,-123.0789905,5.0,29.0,korean_restaurant,"korean_restaurant, korean_barbecue_restaurant, asian_restaurant, chicken_restaurant, meal_takeaway, restaurant, food, point_of_interest, establishment",https://www.simyakoreachicken.com/,https://maps.google.com/?cid=13881615431624102806&g_mp=Cidnb29nbGUubWFwcy5wbGFjZXMudjEuUGxhY2VzLlNlYXJjaFRleHQQAhgEIAA,Korean restaurants in Commercial Drive BC,2.0,$$,2
ChIJu55WDABxhlQRUOzOWGuC71I,The Mainstay,"123 Carrie Cates Ct #148, North Vancouver, BC V7M 3K7",49.3102621,-123.0817437,5.0,23.0,bar,"bar, point_of_interest, establishment",http://www.themainstay.ca/,https://maps.google.com/?cid=5976138628107005008&g_mp=Cidnb29nbGUubWFwcy5wbGFjZXMudjEuUGxhY2VzLlNlYXJjaFRleHQQAhgEIAA,Caribbean restaurants in North Vancouver BC,2.0,$$,2
ChIJVyaF4GpzhlQRDC3tH3bIWDA,Travessia Brazilian Kitchen,"Pick up at the back door (located in the alley, 1780 W 3rd Ave, Vancouver, BC V6J 1K4",49.2687123,-123.1451282,5.0,16.0,brazilian_restaurant,"brazilian_restaurant, restaurant, food, point_of_interest, establishment",https://www.travessia.ca/,https://maps.google.com/?cid=3483754721438412044&g_mp=Cidnb29nbGUubWFwcy5wbGFjZXMudjEuUGxhY2VzLlNlYXJjaFRleHQQAhgEIAA,Brazilian restaurants in Downtown Vancouver BC,2.0,$$,2
ChIJNRH2qfZ3hlQRhlSQMclbb_Y,Gimme Coxinhas Bakery,"Within YVR Prep (back door, 5279 Still Creek Ave Unit A5, Burnaby, BC V5C 5V1",49.2611619,-122.9887462,5.0,9.0,brazilian_restaurant,"brazilian_restaurant, restaurant, food, point_of_interest, establishment",https://www.gimmebakery.com/,https://maps.google.com/?cid=17757512775423251590&g_mp=Cidnb29nbGUubWFwcy5wbGFjZXMudjEuUGxhY2VzLlNlYXJjaFRleHQQAhgEIAA,Brazilian restaurants in Richmond BC,2.0,$$,2
ChIJX2pb1jpxhlQRHIUJb9e0sBQ,Nami Vietnamese Oceanic,"1066 W Hastings St, Vancouver, BC V6E 3X2",49.2875863,-123.1190066,5.0,4.0,sandwich_shop,"sandwich_shop, restaurant, food, point_of_interest, establishment",https://namivietnamese.com/,https://maps.google.com/?cid=1490890314033497372&g_mp=Cidnb29nbGUubWFwcy5wbGFjZXMudjEuUGxhY2VzLlNlYXJjaFRleHQQAhgEIAA,Vietnamese restaurants in Gastown BC,2.0,$$,2
ChIJVSY5FQBzhlQRfftdgAdf8t4,Miss Siam Thai Street Eats,"1800 W 1st Ave, Vancouver, BC V6J 4W2",49.2705777,-123.145796,5.0,3.0,thai_restaurant,"thai_restaurant, restaurant, food, point_of_interest, establishment",,https://maps.google.com/?cid=16065007306607033213&g_mp=Cidnb29nbGUubWFwcy5wbGFjZXMudjEuUGxhY2VzLlNlYXJjaFRleHQQAhgEIAA,Thai restaurants in Kitsilano BC,2.0,$$,2
ChIJEfU6kidxhlQRY1ckQDtptaM,BokkiFresh - Premium B.Y.O Tteokbokki,"1370 E Georgia St, Vancouver, BC V5L 2A8",49.2783033,-123.0755742,5.0,3.0,korean_restaurant,"korean_restaurant, restaurant, food, point_of_interest, establishment",https://www.bokkifresh.com/,https://maps.google.com/?cid=11796450502166992739&g_mp=Cidnb29nbGUubWFwcy5wbGFjZXMudjEuUGxhY2VzLlNlYXJjaFRleHQQAhgEIAA,Korean restaurants in Commercial Drive BC,2.0,$$,2
ChIJ8eXBWedxhlQRGYZp8xggnQU,Maizhouse Mexican Kitchen,"1205 E Hastings St, Vancouver, BC V6A 1S4",49.2815908,-123.0789905,5.0,3.0,mexican_restaurant,"mexican_restaurant, restaurant, food, point_of_interest, establishment",,https://maps.google.com/?cid=404514833068295705&g_mp=Cidnb29nbGUubWFwcy5wbGFjZXMudjEuUGxhY2VzLlNlYXJjaFRleHQQAhgEIAA,Mexican restaurants in North Vancouver BC,1.0,$,1
ChIJ6VQrGgBxhlQRqV9KyHo3bEM,Market Kitchen,"123 Carrie Cates Ct, North Vancouver, BC V7M 3K7",49.3103877,-123.0816847,5.0,1.0,caribbean_restaurant,"caribbean_restaurant, restaurant, food, point_of_interest, establishment",,https://maps.google.com/?cid=4858319098511777705&g_mp=Cidnb29nbGUubWFwcy5wbGFjZXMudjEuUGxhY2VzLlNlYXJjaFRleHQQAhgEIAA,Caribbean restaurants in Downtown Vancouver BC,1.0,$,1
ChIJu3Mfj-FzhlQRiCekQBOe5QE,Galaxy Grill at Planet Bingo,"2655 Main St, Vancouver, BC V5T 3E5",49.2615311,-123.1016363,5.0,1.0,bar_and_grill,"bar_and_grill, bar, restaurant, food, point_of_interest, establishment",,https://maps.google.com/?cid=136689169230735240&g_mp=Cidnb29nbGUubWFwcy5wbGFjZXMudjEuUGxhY2VzLlNlYXJjaFRleHQQAhgEIAA,Caribbean restaurants in Mount Pleasant BC,2.0,$$,2
ChIJN2Udw2R1hlQR3tMg7EkkAKc,Songs KoreanBBQ,"8391 Alexandra Rd Unit 2160, Richmond, BC V6X 1C3",49.178588,-123.1298,5.0,1.0,korean_barbecue_restaurant,"korean_barbecue_restaurant, korean_restaurant, restaurant, food, point_of_interest, establishment",https://www.songskoreanbbq.ca/?utm_source=google&utm_medium=wix_google_business_profile&utm_campaign=2871243503144307990,https://maps.google.com/?cid=12033658104246752222&g_mp=Cidnb29nbGUubWFwcy5wbGFjZXMudjEuUGxhY2VzLlNlYXJjaFRleHQQAhgEIAA,Korean restaurants in Richmond BC,2.0,$$,2
ChIJLQwsNwB1hlQRWdVQDp0lTnI,Gyubee Japanese Grill (Vancouver),"8100 Ackroyd Rd #50, Richmond, BC V6X 3K2",49.1710948,-123.1360434,4.9,12870.0,japanese_restaurant,"japanese_restaurant, restaurant, food, point_of_interest, establishment",https://www.gyubeejapanesegrill.com/,https://maps.google.com/?cid=8236562124987487577&g_mp=Cidnb29nbGUubWFwcy5wbGFjZXMudjEuUGxhY2VzLlNlYXJjaFRleHQQAhgEIAA,Japanese restaurants in Richmond BC,2.0,$$,2
ChIJhUH4BABxhlQRl-_T2P6_dfY,Jerusalem Shawarma Vancouver,"560 Robson St, Vancouver, BC V6B 2B7",49.280327,-123.11860379999996,4.9,7042.0,middle_eastern_restaurant,"middle_eastern_restaurant, restaurant, food, point_of_interest, establishment",https://jerusalem-bc.com/,https://maps.google.com/?cid=17759311806885785495&g_mp=Cidnb29nbGUubWFwcy5wbGFjZXMudjEuUGxhY2VzLlNlYXJjaFRleHQQAhgEIAA,Mediterranean restaurants in Downtown Vancouver BC,1.0,$,1
ChIJLyiydABzhlQRa-PA89MDwI8,Taqueria Jalisco Mexican Restaurant,"1180 Denman St #201, Vancouver, BC V6G 2M9",49.2874789,-123.1412321,4.9,3913.0,mexican_restaurant,"mexican_restaurant, restaurant, food, point_of_interest, establishment",,https://maps.google.com/?cid=10358283351814628203&g_mp=Cidnb29nbGUubWFwcy5wbGFjZXMudjEuUGxhY2VzLlNlYXJjaFRleHQQAhgEIAA,Mexican restaurants in Downtown Vancouver BC,1.0,$,1
ChIJVZjKRJdxhlQRHaBRedlJ-KA,Mr.Shawarma Robson Location,"800 Robson St, Vancouver, BC V6Z 2E7",49.2821882,-123.1214554,4.9,2170.0,middle_eastern_restaurant,"middle_eastern_restaurant, restaurant, food, point_of_interest, establishment",https://mrshawarmafastfood.ca/,https://maps.google.com/?cid=11599102038684835869&g_mp=Cidnb29nbGUubWFwcy5wbGFjZXMudjEuUGxhY2VzLlNlYXJjaFRleHQQAhgEIAA,Lebanese restaurants in Downtown Vancouver BC,1.0,$,1
ChIJsZA9cXBxhlQRinTjwXCWK2w,Mr. Supreme Shawarma Granville Location,"680 Granville St, Vancouver, BC V7Y 1H4",49.2829831,-123.11722059999998,4.9,2114.0,fast_food_restaurant,"fast_food_restaurant, restaurant, food, point_of_interest, establishment",,https://maps.google.com/?cid=7794488991128188042&g_mp=Cidnb29nbGUubWFwcy5wbGFjZXMudjEuUGxhY2VzLlNlYXJjaFRleHQQAhgEIAA,Turkish restaurants in Gastown BC,1.0,$,1
ChIJBbm4BghxhlQRlfWQoS4sRGI,BC MoMo Restaurant & Bar,"678 Seymour St, Vancouver, BC V6B 3K6",49.2820833,-123.11653779999996,4.9,1718.0,restaurant,"restaurant, food, point_of_interest, establishment",https://www.bcmomo.ca/,https://maps.google.com/?cid=7080833092924011925&g_mp=Cidnb29nbGUubWFwcy5wbGFjZXMudjEuUGxhY2VzLlNlYXJjaFRleHQQAhgEIAA,Indian restaurants in Downtown Vancouver BC,2.0,$$,2
ChIJi7NJrW5xhlQRIFM6qpLfgcQ,Narenj Restaurant Vancouver,"E 12th St, North Vancouver, BC V7L 2J3",49.3188323,-123.071983,4.9,1395.0,persian_restaurant,"persian_restaurant, restaurant, food, point_of_interest, establishment",https://narenjfood.com/,https://maps.google.com/?cid=14159844524443718432&g_mp=Cidnb29nbGUubWFwcy5wbGFjZXMudjEuUGxhY2VzLlNlYXJjaFRleHQQAhgEIAA,Lebanese restaurants in North Vancouver BC,2.0,$$,2
ChIJKRnP67TVhVQRIMApysQVD2Y,Inkantu Peru Canada,"19166 McMyn Rd, Pitt Meadows, BC V3Y 0E3",49.2294108,-122.6902762,4.9,1112.0,peruvian_restaurant,"peruvian_restaurant, restaurant, food, point_of_interest, establishment",https://www.inkantuperu.ca/,https://maps.google.com/?cid=7354120651468816416&g_mp=Cidnb29nbGUubWFwcy5wbGFjZXMudjEuUGxhY2VzLlNlYXJjaFRleHQQAhgEIAA,Peruvian restaurants in Mount Pleasant BC,2.0,$$,2
ChIJ-3VdJwB3hlQRXeaRu3bNBas,NamPo Rice Bowl,"5021 Kingsway #109, Burnaby, BC V5H 2E5",49.2261949,-122.9917955,4.9,931.0,asian_restaurant,"asian_restaurant, restaurant, food, point_of_interest, establishment",,https://maps.google.com/?cid=12323481865205966429&g_mp=Cidnb29nbGUubWFwcy5wbGFjZXMudjEuUGxhY2VzLlNlYXJjaFRleHQQAhgEIAA,Korean restaurants in Burnaby BC,1.0,$,1
ChIJHaMgNgBxhlQRUPdXTziS1JU,Yunqueen Rice Noodles,"1460 Robson St, Vancouver, BC V6G 0E8",49.2884063,-123.1311114,4.9,837.0,chinese_noodle_restaurant,"chinese_noodle_restaurant, restaurant, food, point_of_interest, establishment",https://yunqueennoodles.com/,https://maps.google.com/?cid=10796414977260910416&g_mp=Cidnb29nbGUubWFwcy5wbGFjZXMudjEuUGxhY2VzLlNlYXJjaFRleHQQAhgEIAA,Chinese restaurants in Downtown Vancouver BC,1.0,$,1
ChIJIY8E0n1xhlQRRqtqthf2YK0,Super Chef Grill,"280 Robson St, Vancouver, BC V6B 0E7",49.278552,-123.1157328,4.9,805.0,asian_restaurant,"asian_restaurant, japanese_restaurant, chinese_restaurant, restaurant, food, point_of_interest, establishment",,https://maps.google.com/?cid=12493255948030880582&g_mp=Cidnb29nbGUubWFwcy5wbGFjZXMudjEuUGxhY2VzLlNlYXJjaFRleHQQAhgEIAA,Chinese restaurants in Downtown Vancouver BC,1.0,$,1
ChIJq4kzLkVxhlQRMVpWDD4hG_I,Luca restaurant Aberdeen Centre,"4151 Hazelbridge Wy #3260, Richmond, BC V6A 4C4",49.1840605,-123.13391279999998,4.9,743.0,mediterranean_restaurant,"mediterranean_restaurant, restaurant, food, point_of_interest, establishment",https://lucarestaurant.ca/,https://maps.google.com/?cid=17445574131928422961&g_mp=Cidnb29nbGUubWFwcy5wbGFjZXMudjEuUGxhY2VzLlNlYXJjaFRleHQQAhgEIAA,Mediterranean restaurants in Richmond BC,2.0,$$,2
ChIJyycGtgBzhlQRe_ZYZvbIelU,Kagura Hand Roll Bar,"2036 W 4th Ave, Vancouver, BC V6J 1M9",49.2679018,-123.1513339,4.9,662.0,restaurant,"restaurant, food, point_of_interest, establishment",,https://maps.google.com/?cid=6159456400987190907&g_mp=Cidnb29nbGUubWFwcy5wbGFjZXMudjEuUGxhY2VzLlNlYXJjaFRleHQQAhgEIAA,Japanese restaurants in Kitsilano BC,2.0,$$,2
ChIJ_9x2ha93hlQR41kMPhSwXfQ,Mineiros Brazilian Bistro,"7542 Edmonds St, Burnaby, BC V3N 1B4",49.2223656,-122.9439139,4.9,661.0,restaurant,"restaurant, food, point_of_interest, establishment",https://mineiros.zomi.menu/,https://maps.google.com/?cid=17608423719075338723&g_mp=Cidnb29nbGUubWFwcy5wbGFjZXMudjEuUGxhY2VzLlNlYXJjaFRleHQQAhgEIAA,Brazilian restaurants in Yaletown BC,2.0,$$,2
ChIJlzPJIVjXhVQRr3FyhohJUI0,Back 2 Jamaica Eats,"1881 152 St, Surrey, BC V3S 5A5",49.0360299,-122.80156,4.9,628.0,restaurant,"restaurant, food, point_of_interest, establishment",https://www.back2jamaicaeats.com/,https://maps.google.com/?cid=10182719608204718511&g_mp=Cidnb29nbGUubWFwcy5wbGFjZXMudjEuUGxhY2VzLlNlYXJjaFRleHQQAhgEIAA,Caribbean restaurants in Richmond BC,2.0,$$,2
ChIJl12s1G9zhlQRaa3UINcuQX0,Miraas Restaurant & Bar (Vancouver Downtown),"961 Denman St, Vancouver, BC V6G 2M3",49.2899103,-123.1380862,4.9,587.0,restaurant,"restaurant, food, point_of_interest, establishment",https://www.miraasrestaurant.com/,https://maps.google.com/?cid=9025546629730839913&g_mp=Cidnb29nbGUubWFwcy5wbGFjZXMudjEuUGxhY2VzLlNlYXJjaFRleHQQAhgEIAA,Indian restaurants in West End BC,2.0,$$,2
ChIJH7Q7ewB3hlQR3qM4uJ-MzSM,Pho Anh Vu East Vancouver,"2155 Kingsway, Vancouver, BC V5N 2T4",49.2440943,-123.06248029999998,4.9,560.0,vietnamese_restaurant,"vietnamese_restaurant, meal_delivery, food_delivery, asian_restaurant, soup_restaurant, noodle_shop, meal_takeaway, restaurant, food, point_of_interest, establishment",https://phoanhvu.com/,https://maps.google.com/?cid=2579872779171570654&g_mp=Cidnb29nbGUubWFwcy5wbGFjZXMudjEuUGxhY2VzLlNlYXJjaFRleHQQAhgEIAA,Vietnamese restaurants in Commercial Drive BC,1.0,$,1
ChIJVaYbywNxhlQR__j3cj0a4xw,Eivan Restaurant and Bar,"1615 Lonsdale Ave, North Vancouver, BC V7M 2J5",49.323416,-123.0725585,4.9,554.0,restaurant,"restaurant, persian_restaurant, food, point_of_interest, establishment",https://eivanrestaurant.com/,https://maps.google.com/?cid=2081536303999482111&g_mp=Cidnb29nbGUubWFwcy5wbGFjZXMudjEuUGxhY2VzLlNlYXJjaFRleHQQAhgEIAA,Mediterranean restaurants in North Vancouver BC,2.0,$$,2
ChIJtcfn6Q3RhVQRIoR0h4SEbvQ,Tommie's Jerk,"5337 180 St, Surrey, BC V3S 4K5",49.1000146,-122.7244685,4.9,538.0,restaurant,"chicken_restaurant, caribbean_restaurant, mexican_restaurant, restaurant, food, point_of_interest, establishment",http://www.tommiesjerk.com/,https://maps.google.com/?cid=17613160897435698210&g_mp=Cidnb29nbGUubWFwcy5wbGFjZXMudjEuUGxhY2VzLlNlYXJjaFRleHQQAhgEIAA,Caribbean restaurants in Downtown Vancouver BC,1.0,$,1
ChIJl2VRJgALhlQRCEiof1bzsHs,Pho Capital,"5508 Hollybridge Way #130, Richmond, BC V7C 0E2",49.174309,-123.1480213,4.9,472.0,restaurant,"vietnamese_restaurant, asian_restaurant, restaurant, food, point_of_interest, establishment",http://pho-capital-richmond.com/,https://maps.google.com/?cid=8912891215400683528&g_mp=Cidnb29nbGUubWFwcy5wbGFjZXMudjEuUGxhY2VzLlNlYXJjaFRleHQQAhgEIAA,Vietnamese restaurants in Richmond BC,2.0,$$,2
ChIJU0FPvhVzhlQR7sHMW2R5vts,PHO IN LOVE AUTHENTIC VIETNAMESE RESTAURANT & BAR,"1725 Davie St, Vancouver, BC V6G 1W5",49.2866586,-123.1405444,4.9,465.0,restaurant,"restaurant, food, point_of_interest, establishment",http://phoinlove.ca/,https://maps.google.com/?cid=15834226811825078766&g_mp=Cidnb29nbGUubWFwcy5wbGFjZXMudjEuUGxhY2VzLlNlYXJjaFRleHQQAhgEIAA,Vietnamese restaurants in Downtown Vancouver BC,2.0,$$,2
ChIJeehEiF5zhlQRM3Rx4lVzsgg,Master Donair (HALAL),"1230 Davie St, Vancouver, BC V6E 1N3",49.2821156,-123.1341446,4.9,459.0,mediterranean_restaurant,"mediterranean_restaurant, restaurant, food, point_of_interest, establishment",https://www.masterdonair.com/,https://maps.google.com/?cid=626690110866420787&g_mp=Cidnb29nbGUubWFwcy5wbGFjZXMudjEuUGxhY2VzLlNlYXJjaFRleHQQAhgEIAA,Mediterranean restaurants in Yaletown BC,2.0,$$,2
ChIJhxvCoEdzhlQRXjEP79FStno,123Dough Organic Cafe,"1010 Hamilton St, Vancouver, BC V6B 2R9",49.2767373,-123.119761,4.9,403.0,cafe,"cafe, acai_shop, brazilian_restaurant, tea_house, bakery, food_store, store, restaurant, food, point_of_interest, establishment",https://www.123dough.ca/,https://maps.google.com/?cid=8842345980000940382&g_mp=Cidnb29nbGUubWFwcy5wbGFjZXMudjEuUGxhY2VzLlNlYXJjaFRleHQQAhgEIAA,Brazilian restaurants in Yaletown BC,2.0,$$,2
ChIJDSDXWdBzhlQRpxc6LmuYLo8,"Puerto Mexico, Tacos and Mexican Products","2710 W 4th Ave, Vancouver, BC V6K 3W2",49.2682179,-123.1667028,4.9,397.0,mexican_restaurant,"mexican_restaurant, grocery_store, food_store, store, restaurant, food, point_of_interest, establishment",http://www.puertomexicovan.com/,https://maps.google.com/?cid=10317351382456866727&g_mp=Cidnb29nbGUubWFwcy5wbGFjZXMudjEuUGxhY2VzLlNlYXJjaFRleHQQAhgEIAA,Mexican restaurants in Kitsilano BC,1.0,$,1
ChIJ-0TZPrxxhlQR9GweiyUa99I,AM Cafe,"2528 Guelph St, Vancouver, BC V5T 4T4",49.2621301,-123.0947353,4.9,364.0,cafe,"cafe, coffee_shop, brunch_restaurant, food_store, store, restaurant, food, point_of_interest, establishment",https://www.amcafe.ca/,https://maps.google.com/?cid=15201647815762537716&g_mp=Cidnb29nbGUubWFwcy5wbGFjZXMudjEuUGxhY2VzLlNlYXJjaFRleHQQAhgEIAA,Vegetarian restaurants in Mount Pleasant BC,2.0,$$,2
ChIJDyoW7ZpzhlQRGcexMGs7p84,Planted Love Food Truck,"Cambie Street &, W 8th Ave, Vancouver, BC V5Z 1C6",49.2641457,-123.115412,4.9,352.0,middle_eastern_restaurant,"middle_eastern_restaurant, restaurant, food, point_of_interest, establishment",,https://maps.google.com/?cid=14890936024488331033&g_mp=Cidnb29nbGUubWFwcy5wbGFjZXMudjEuUGxhY2VzLlNlYXJjaFRleHQQAhgEIAA,Vegan restaurants in Mount Pleasant BC,1.0,$,1
ChIJlUzfl35zhlQRp33i4hf807A,Akihana Sushi,"1205 Davie St, Vancouver, BC V6E 1N5",49.2819738,-123.133467,4.9,334.0,sushi_restaurant,"sushi_restaurant, japanese_restaurant, restaurant, food, point_of_interest, establishment",http://akihanasushi.ca/,https://maps.google.com/?cid=12741804950282206631&g_mp=Cidnb29nbGUubWFwcy5wbGFjZXMudjEuUGxhY2VzLlNlYXJjaFRleHQQAhgEIAA,Japanese restaurants in West End BC,2.0,$$,2
ChIJPV46Zf5zhlQRGP6NHGESiCE,Caveman Café & Bakery,"4331 Main St, Vancouver, BC V5V 3R1",49.2468401,-123.101427,4.9,318.0,restaurant,"restaurant, food, point_of_interest, establishment",https://www.cavemancafe.ca/,https://maps.google.com/?cid=2416201408384466456&g_mp=Cidnb29nbGUubWFwcy5wbGFjZXMudjEuUGxhY2VzLlNlYXJjaFRleHQQAhgEIAA,Brazilian restaurants in Yaletown BC,2.0,$$,2
ChIJi_JIVa1zhlQRFgoJXrdOoKg,Healthy Noodle House,"2716 W 4th Ave, Vancouver, BC V6K 1R1",49.2682121,-123.1668536,4.9,291.0,chinese_noodle_restaurant,"chinese_noodle_restaurant, tea_store, dumpling_restaurant, bakery, food_store, chinese_restaurant, store, restaurant, food, point_of_interest, supplier, establishment",https://www.healthynoodlehouse.com/,https://maps.google.com/?cid=12150798344109230614&g_mp=Cidnb29nbGUubWFwcy5wbGFjZXMudjEuUGxhY2VzLlNlYXJjaFRleHQQAhgEIAA,Chinese restaurants in Kitsilano BC,1.0,$,1
ChIJbSS3NOhxhlQRzXKPx8Winw0,Saan Saan Cafe and Restaurant,"227 Main St, Vancouver, BC V6A 2S7",49.2827013,-123.09981619999998,4.9,269.0,restaurant,"restaurant, food, point_of_interest, establishment",http://saansaan.ca/,https://maps.google.com/?cid=981682214130381517&g_mp=Cidnb29nbGUubWFwcy5wbGFjZXMudjEuUGxhY2VzLlNlYXJjaFRleHQQAhgEIAA,Chinese restaurants in Gastown BC,2.0,$$,2
ChIJSyfKDs1xhlQRjA6oWpg7TJI,TWK - The Lebanese Sandwich Spot,"1605 Commercial Dr, Vancouver, BC V5L 3Y3",49.2703333,-123.0698196,4.9,254.0,restaurant,"restaurant, food, point_of_interest, establishment",http://www.twkrestaurant.com/,https://maps.google.com/?cid=10541866353309519500&g_mp=Cidnb29nbGUubWFwcy5wbGFjZXMudjEuUGxhY2VzLlNlYXJjaFRleHQQAhgEIAA,Lebanese restaurants in Gastown BC,2.0,$$,2
ChIJ4fU26hpxhlQRWsVqzUjpPY4,Mucho Burrito Fresh Mexican Grill,"1244 Marine Dr, North Vancouver, BC V7P 1T2",49.3244415,-123.1083134,4.9,228.0,mexican_restaurant,"mexican_restaurant, restaurant, food, point_of_interest, establishment",https://locations.muchoburrito.com/en-ca/bc/north-vancouver/MB0237,https://maps.google.com/?cid=10249604825858360666&g_mp=Cidnb29nbGUubWFwcy5wbGFjZXMudjEuUGxhY2VzLlNlYXJjaFRleHQQAhgEIAA,Mexican restaurants in North Vancouver BC,1.0,$,1
ChIJKx-pRPFxhlQRu6oX7Po58pM,Behind You,"Chinatown Plaza, 180 Keefer St #108, Vancouver, BC V6A 4E9",49.2791047,-123.1007624,4.9,201.0,restaurant,"restaurant, breakfast_restaurant, chicken_wings_restaurant, dessert_restaurant, salad_shop, sandwich_shop, hamburger_restaurant, american_restaurant, food_store, soup_restaurant, store, food, point_of_interest, establishment",https://www.behindyou-restaurant.com/,https://maps.google.com/?cid=10660647017804966587&g_mp=Cidnb29nbGUubWFwcy5wbGFjZXMudjEuUGxhY2VzLlNlYXJjaFRleHQQAhgEIAA,Chinese restaurants in Gastown BC,2.0,$$,2
ChIJAQtCtN1xhlQRnVzL1GcgWYQ,Coqoudak,"180 Keefer St, Vancouver, BC V6A 4E9",49.2792207,-123.1007808,4.9,185.0,meal_takeaway,"food_court, meal_takeaway, korean_restaurant, restaurant, food, point_of_interest, establishment",https://coqoudak.com/,https://maps.google.com/?cid=9536689316257553565&g_mp=Cidnb29nbGUubWFwcy5wbGFjZXMudjEuUGxhY2VzLlNlYXJjaFRleHQQAhgEIAA,Korean restaurants in Mount Pleasant BC,2.0,$$,2
ChIJ-RLDVHB3hlQRDuIbRzT7D6E,La Torre Bistro,"5063 Anola Dr, Burnaby, BC V5B 4V7",49.2658367,-122.9894621,4.9,176.0,italian_restaurant,"italian_restaurant, restaurant, food, point_of_interest, establishment",http://latorrebistro.com/,https://maps.google.com/?cid=11605770966706938382&g_mp=Cidnb29nbGUubWFwcy5wbGFjZXMudjEuUGxhY2VzLlNlYXJjaFRleHQQAhgEIAA,Italian restaurants in Burnaby BC,2.0,$$,2
ChIJw-tV2VZxhlQRrfSECpvt0Ks,GOYO (Korean food and dessert),"1931 Lonsdale Ave, North Vancouver, BC V7M 2K2",49.3267933,-123.07249089999998,4.9,157.0,korean_restaurant,"korean_restaurant, restaurant, food, point_of_interest, establishment",https://goyokoreandessertcafe.com/?utm_source=google&utm_medium=maps&utm_campaign=website,https://maps.google.com/?cid=12380656625793692845&g_mp=Cidnb29nbGUubWFwcy5wbGFjZXMudjEuUGxhY2VzLlNlYXJjaFRleHQQAhgEIAA,Korean restaurants in North Vancouver BC,2.0,$$,2
ChIJy-f14U1xhlQRKrl1nixblN0,Pho Khanh Express (Hastings),"987 E Hastings St, Vancouver, BC V6A 4A3",49.281214,-123.0827196,4.9,154.0,vietnamese_restaurant,"vietnamese_restaurant, restaurant, food, point_of_interest, establishment",https://khanhexpress.ca/,https://maps.google.com/?cid=15966486826130454826&g_mp=Cidnb29nbGUubWFwcy5wbGFjZXMudjEuUGxhY2VzLlNlYXJjaFRleHQQAhgEIAA,Vietnamese restaurants in Gastown BC,1.0,$,1
ChIJRf4BtpBzhlQRb4OEHDTfBgQ,The Bliss Banh Mi,"1612 W 1st Ave, Vancouver, BC V6J 3B1",49.2704484,-123.1414184,4.9,143.0,vietnamese_restaurant,"vietnamese_restaurant, restaurant, food, point_of_interest, establishment",https://theblissbanhmi.com/,https://maps.google.com/?cid=290164640921715567&g_mp=Cidnb29nbGUubWFwcy5wbGFjZXMudjEuUGxhY2VzLlNlYXJjaFRleHQQAhgEIAA,Vietnamese restaurants in Kitsilano BC,1.0,$,1
ChIJzWkPOqE_hFQRqueRxNWppwE,Caribbean Island Kitchen,"45961 Princess Ave, Chilliwack, BC V2P 2B4",49.170274,-121.9527966,4.9,142.0,restaurant,"restaurant, food, point_of_interest, establishment",https://caribbeanislandkitchen.com/,https://maps.google.com/?cid=119250650739632042&g_mp=Cidnb29nbGUubWFwcy5wbGFjZXMudjEuUGxhY2VzLlNlYXJjaFRleHQQAhgEIAA,Caribbean restaurants in Richmond BC,2.0,$$,2
ChIJJ_BeA0lzhlQR-qgqRESBMN0,Cachito Mio,"4462 W 10th Ave, Vancouver, BC V6R 2H9",49.26366,-123.2081976,4.9,131.0,mexican_restaurant,"mexican_restaurant, restaurant, food, point_of_interest, establishment",https://www.cachitomio.ca/,https://maps.google.com/?cid=15938381211465591034&g_mp=Cidnb29nbGUubWFwcy5wbGFjZXMudjEuUGxhY2VzLlNlYXJjaFRleHQQAhgEIAA,Mexican restaurants in Kitsilano BC,1.0,$,1
ChIJ9ylOXZd3hlQRUwGGOl9wjxw,Sakura Sushi & Arisu BBQ,"7328 Edmonds St, Burnaby, BC V3N 1A7",49.218825,-122.9503288,4.9,124.0,japanese_restaurant,"japanese_restaurant, restaurant, food, point_of_interest, establishment",http://sakura-arisu.ca/,https://maps.google.com/?cid=2057987109037670739&g_mp=Cidnb29nbGUubWFwcy5wbGFjZXMudjEuUGxhY2VzLlNlYXJjaFRleHQQAhgEIAA,Japanese restaurants in Burnaby BC,2.0,$$,2
ChIJ_eSRvN93hlQRSLZIKKXe2wA,Adulis Restaurant,"808 12th St, New Westminster, BC V3M 4K1",49.2107064,-122.93464979999996,4.9,89.0,restaurant,"restaurant, food, point_of_interest, establishment",,https://maps.google.com/?cid=61887820826457672&g_mp=Cidnb29nbGUubWFwcy5wbGFjZXMudjEuUGxhY2VzLlNlYXJjaFRleHQQAhgEIAA,Ethiopian restaurants in Richmond BC,2.0,$$,2
ChIJQfHQCADXhVQRRFT9UCIuhKU,Hdmona Habesha Eritrean Bar and Restaurant,"14916 104 Ave, Surrey, BC V3R 1M7",49.1913585,-122.8083495,4.9,87.0,restaurant,"restaurant, family_restaurant, food, point_of_interest, establishment",https://hdmonarestaurant.ca/,https://maps.google.com/?cid=11926708438106461252&g_mp=Cidnb29nbGUubWFwcy5wbGFjZXMudjEuUGxhY2VzLlNlYXJjaFRleHQQAhgEIAA,Ethiopian restaurants in Richmond BC,2.0,$$,2
ChIJPwc3WwBzhlQRogFKtp-DBw8,Murmur,"235 E Broadway, Vancouver, BC V5T 1W4",49.2630372,-123.1001203,4.9,81.0,restaurant,"restaurant, food, point_of_interest, establishment",https://www.murmursandthings.com/,https://maps.google.com/?cid=1082978957387235746&g_mp=Cidnb29nbGUubWFwcy5wbGFjZXMudjEuUGxhY2VzLlNlYXJjaFRleHQQAhgEIAA,Mediterranean restaurants in Mount Pleasant BC,2.0,$$,2
ChIJDWZIEQBxhlQRC-qxaEwVkKg,Hey Brazilian Pizza,"401 Industrial Ave, Vancouver, BC V6A 2P8",49.2700024,-123.0957949,4.9,79.0,meal_takeaway,"pizza_delivery, meal_delivery, food_delivery, meal_takeaway, restaurant, food, point_of_interest, establishment",https://hey-brazilian-pizza.square.site/#S45L6HSEVS42K4PMAIV57KX2,https://maps.google.com/?cid=12146231612936415755&g_mp=Cidnb29nbGUubWFwcy5wbGFjZXMudjEuUGxhY2VzLlNlYXJjaFRleHQQAhgEIAA,Brazilian restaurants in Yaletown BC,2.0,$$,2
ChIJtY2ZX4B3hlQRiDjbqKgUFzM,Little Brazil Foods,"5686 Dorset St, Burnaby, BC V5J 1L7",49.2206907,-122.98136,4.9,78.0,food,"food, point_of_interest, establishment",http://littlebr.ca/,https://maps.google.com/?cid=3681433935018670216&g_mp=Cidnb29nbGUubWFwcy5wbGFjZXMudjEuUGxhY2VzLlNlYXJjaFRleHQQAhgEIAA,Brazilian restaurants in Mount Pleasant BC,2.0,$$,2
ChIJ18II-wx3hlQR396fn4AOrAI,Sizzle Pan Korean BBQ(with Chicken),"7625 Edmonds St, Burnaby, BC V3N 1B6",49.22334,-122.9428955,4.9,73.0,korean_barbecue_restaurant,"korean_barbecue_restaurant, korean_restaurant, meal_takeaway, restaurant, food, point_of_interest, establishment",https://www.sizzlepan.ca/,https://maps.google.com/?cid=192544829666746079&g_mp=Cidnb29nbGUubWFwcy5wbGFjZXMudjEuUGxhY2VzLlNlYXJjaFRleHQQAhgEIAA,Korean restaurants in Burnaby BC,2.0,$$,2
ChIJ_8YuKwBzhlQRgVdmf4CSdL4,AURA Vietnamese Cuisine and Bar,"781 Davie St, Vancouver, BC V6Z 2S7",49.2777355,-123.1267333,4.9,65.0,vietnamese_restaurant,"vietnamese_restaurant, restaurant, food, point_of_interest, establishment",https://www.auradining.ca/,https://maps.google.com/?cid=13723755045095626625&g_mp=Cidnb29nbGUubWFwcy5wbGFjZXMudjEuUGxhY2VzLlNlYXJjaFRleHQQAhgEIAA,Vietnamese restaurants in Downtown Vancouver BC,1.0,$,1
ChIJoT9H9lhzhlQRLJa27i96eaM,No Ne Kitchen And Bar,"867 Denman St, Vancouver, BC V6G 2L9",49.2906669,-123.1370499,4.9,62.0,vietnamese_restaurant,"vietnamese_restaurant, restaurant, food, point_of_interest, establishment",https://nonekitchenandbar.com/,https://maps.google.com/?cid=11779580646651237932&g_mp=Cidnb29nbGUubWFwcy5wbGFjZXMudjEuUGxhY2VzLlNlYXJjaFRleHQQAhgEIAA,Vietnamese restaurants in Downtown Vancouver BC,1.0,$,1
ChIJVVpLmPlzhlQRI46Dx4kIfJc,Lotus Indian Bistro,"3188 Macdonald St, Vancouver, BC V6K 4W7",49.2579641,-123.1682216,4.9,59.0,restaurant,"restaurant, indian_restaurant, food, point_of_interest, establishment",https://lotusindianbistro.ca/?,https://maps.google.com/?cid=10915608984690069027&g_mp=Cidnb29nbGUubWFwcy5wbGFjZXMudjEuUGxhY2VzLlNlYXJjaFRleHQQAhgEIAA,Indian restaurants in Kitsilano BC,2.0,$$,2
ChIJrayTFSFxhlQRypRsQ1DZ6qs,Bekon Loft + Lounge,"321 Water St, Vancouver, BC V6B 1B6",49.2845278,-123.1092918,4.9,44.0,restaurant,"restaurant, food, point_of_interest, establishment",,https://maps.google.com/?cid=12387952663787771082&g_mp=Cidnb29nbGUubWFwcy5wbGFjZXMudjEuUGxhY2VzLlNlYXJjaFRleHQQAhgEIAA,Caribbean restaurants in Gastown BC,2.0,$$,2
ChIJH-6uJlVxhlQRXToG5Rg77-Y,Touski,"154 E Pender St, Vancouver, BC V6A 1T3",49.2803091,-123.1010371,4.9,29.0,restaurant,"restaurant, food, point_of_interest, establishment",https://www.heytouski.com/,https://maps.google.com/?cid=16640584126264916573&g_mp=Cidnb29nbGUubWFwcy5wbGFjZXMudjEuUGxhY2VzLlNlYXJjaFRleHQQAhgEIAA,Caribbean restaurants in North Vancouver BC,2.0,$$,2
ChIJBRpxueVxhlQRHif4jxOtkyc,Elbo Jamaican Patties Inc,"1689 Johnston St #505, Vancouver, BC V6H 3R9",49.2724745,-123.1347541,4.9,22.0,restaurant,"restaurant, food, point_of_interest, establishment",https://www.elbopatties.com/,https://maps.google.com/?cid=2851813288587044638&g_mp=Cidnb29nbGUubWFwcy5wbGFjZXMudjEuUGxhY2VzLlNlYXJjaFRleHQQAhgEIAA,Caribbean restaurants in Downtown Vancouver BC,2.0,$$,2
ChIJD2Y2gmlxhlQRGOOjJy297r8,SHAWARMA TIME VANCOVER,"700 Hamilton St UNIT#10, Vancouver, BC V6B 0L9",49.2796085,-123.1143842,4.9,19.0,halal_restaurant,"halal_restaurant, restaurant, food, point_of_interest, establishment",https://shawarmastime.ca/,https://maps.google.com/?cid=13830199507337601816&g_mp=Cidnb29nbGUubWFwcy5wbGFjZXMudjEuUGxhY2VzLlNlYXJjaFRleHQQAhgEIAA,Lebanese restaurants in Downtown Vancouver BC,2.0,$$,2
ChIJW3CoR-dxhlQRDVgn1Zsv8Ko,JOEY Shipyards,"125 Victory Ship Way Unit #110, North Vancouver, BC V7L 0B9",49.3095552,-123.0789361,4.8,9495.0,restaurant,"restaurant, food, point_of_interest, establishment",https://joeyrestaurants.com/location/joey-shipyards,https://maps.google.com/?cid=12317397327200868365&g_mp=Cidnb29nbGUubWFwcy5wbGFjZXMudjEuUGxhY2VzLlNlYXJjaFRleHQQAhgEIAA,Thai restaurants in North Vancouver BC,2.0,$$,2
ChIJ3ys--w9rsYkRo3N9NMiSu8c,Fogo de Chão Brazilian Steakhouse,"11221 W Broad St, Glen Allen, VA 23060, USA",37.6486443,-77.6003978,4.8,6591.0,brazilian_restaurant,"brazilian_restaurant, steak_house, restaurant, food, point_of_interest, establishment",https://fogodechao.com/location/richmond/,https://maps.google.com/?cid=14392258422764303267&g_mp=Cidnb29nbGUubWFwcy5wbGFjZXMudjEuUGxhY2VzLlNlYXJjaFRleHQQAhgEIAA,Brazilian restaurants in Richmond BC,3.0,$$$,3
ChIJxfj2JgJ3hlQRLvD2VM1fDuM,Living Room Hookah Lounge,"3787 Canada Wy #116, Burnaby, BC V5G 0B5",49.254953,-123.0200924,4.8,5929.0,hookah_bar,"hookah_bar, wine_bar, middle_eastern_restaurant, liquor_store, lounge_bar, lebanese_restaurant, cafe, event_venue, night_club, bar, store, restaurant, food, point_of_interest, establishment",http://livingroomhookah.ca/,https://maps.google.com/?cid=16361119831781994542&g_mp=Cidnb29nbGUubWFwcy5wbGFjZXMudjEuUGxhY2VzLlNlYXJjaFRleHQQAhgEIAA,Lebanese restaurants in Burnaby BC,2.0,$$,2
ChIJ9wW5VQBzhlQRE5cLK6cA4uE,House of Dosas | Davie st,"1188 Davie St, Vancouver, BC V6E 1N1",49.281454,-123.1331673,4.8,5162.0,south_indian_restaurant,"south_indian_restaurant, indian_restaurant, restaurant, food, point_of_interest, establishment",http://houseofdosas.ca/,https://maps.google.com/?cid=16276572721252112147&g_mp=Cidnb29nbGUubWFwcy5wbGFjZXMudjEuUGxhY2VzLlNlYXJjaFRleHQQAhgEIAA,Indian restaurants in Downtown Vancouver BC,2.0,$$,2
ChIJD64_2KpzhlQRZ4c_BsxnnUo,East Is East,"3035 W Broadway, Vancouver, BC V6K 2G9",49.2643582,-123.1727086,4.8,4870.0,mediterranean_restaurant,"mediterranean_restaurant, family_restaurant, afghani_restaurant, middle_eastern_restaurant, cocktail_bar, vegan_restaurant, vegetarian_restaurant, indian_restaurant, live_music_venue, event_venue, bar, restaurant, food, point_of_interest, establishment",http://www.eastiseast.ca/,https://maps.google.com/?cid=5376567656126056295&g_mp=Cidnb29nbGUubWFwcy5wbGFjZXMudjEuUGxhY2VzLlNlYXJjaFRleHQQAhgEIAA,Indian restaurants in Kitsilano BC,2.0,$$,2
ChIJLXCAEgBxhlQRziJPJuSzHHU,Akbarjoojeh 19th | اکبرجوجه,"1857 Lonsdale Ave, North Vancouver, BC V7M 2J9",49.3260959,-123.072448,4.8,4097.0,restaurant,"restaurant, food, point_of_interest, establishment",http://akbarjoojeh.ca/,https://maps.google.com/?cid=8438817594262102734&g_mp=Cidnb29nbGUubWFwcy5wbGFjZXMudjEuUGxhY2VzLlNlYXJjaFRleHQQAhgEIAA,Mediterranean restaurants in North Vancouver BC,2.0,$$,2
ChIJ_4DyPpfbhVQRv2KFIlapZ5g,Saba Foods Middle Eastern Yemeni Restaurant,"2881 Granville St, Vancouver, BC V6H 3J4",49.2600643,-123.1390416,4.8,3947.0,halal_restaurant,"halal_restaurant, middle_eastern_restaurant, vegan_restaurant, vegetarian_restaurant, dessert_shop, confectionery, food_store, store, restaurant, food, point_of_interest, establishment",http://www.sabafoods.ca/,https://maps.google.com/?cid=10981932403777692351&g_mp=Cidnb29nbGUubWFwcy5wbGFjZXMudjEuUGxhY2VzLlNlYXJjaFRleHQQAhgEIAA,Lebanese restaurants in Burnaby BC,2.0,$$,2
ChIJlb7tIFJvhlQRbvWsjztCwsI,Miraas Restaurant & Bar,"1579 Bellevue Ave, West Vancouver, BC V7V 1A6",49.3277252,-123.1583379,4.8,2209.0,restaurant,"restaurant, food, point_of_interest, establishment",https://miraasrestaurant.com/,https://maps.google.com/?cid=14033852212420867438&g_mp=Cidnb29nbGUubWFwcy5wbGFjZXMudjEuUGxhY2VzLlNlYXJjaFRleHQQAhgEIAA,Mediterranean restaurants in West End BC,2.0,$$,2
ChIJkVCpiqp3hlQRUw0Go-V8NbQ,Sushi On Burnaby (Edmonds st),"7617 Edmonds St, Burnaby, BC V3N 1B6",49.2233569,-122.9432078,4.8,2089.0,japanese_restaurant,"japanese_restaurant, restaurant, food, point_of_interest, establishment",http://turnthesushion.com/,https://maps.google.com/?cid=12985422426317131091&g_mp=Cidnb29nbGUubWFwcy5wbGFjZXMudjEuUGxhY2VzLlNlYXJjaFRleHQQAhgEIAA,Japanese restaurants in Burnaby BC,2.0,$$,2
ChIJByzXMQDFhVQRfRfCs5j7WAI,Ozikizler Turkish Restaurant,"Grandview Corners, Besides TD Bank, 2411 160 St Unit 24, Surrey, BC V3S 0C8",49.0461139,-122.77988929999998,4.8,2025.0,turkish_restaurant,"turkish_restaurant, restaurant, food, point_of_interest, establishment",http://www.ozikizler.ca/,https://maps.google.com/?cid=169161619295836029&g_mp=Cidnb29nbGUubWFwcy5wbGFjZXMudjEuUGxhY2VzLlNlYXJjaFRleHQQAhgEIAA,Turkish restaurants in Downtown Vancouver BC,1.0,$,1
ChIJASfB6-ZxhlQRxMskZkZgpYU,Seaside Doner Kebab - Lonsdale Quay- حلال,"147 Chadwick Ct, North Vancouver, BC V7M 3K2",49.3100566,-123.0829695,4.8,1943.0,shawarma_restaurant,"shawarma_restaurant, middle_eastern_restaurant, restaurant, food, point_of_interest, establishment",,https://maps.google.com/?cid=9630209233679338436&g_mp=Cidnb29nbGUubWFwcy5wbGFjZXMudjEuUGxhY2VzLlNlYXJjaFRleHQQAhgEIAA,Mediterranean restaurants in North Vancouver BC,1.0,$,1
ChIJvypt7AB1hlQRAHHd5nfljSQ,Lamajoun,"11782 River Rd Unit 128, Richmond, BC V6X 1Z7",49.1959231,-123.0951175,4.8,1828.0,restaurant,"restaurant, russian_restaurant, persian_restaurant, turkish_restaurant, ukrainian_restaurant, meal_delivery, food_delivery, meal_takeaway, eastern_european_restaurant, food, point_of_interest, establishment",http://www.lamajoun.com/,https://maps.google.com/?cid=2634013660218749184&g_mp=Cidnb29nbGUubWFwcy5wbGFjZXMudjEuUGxhY2VzLlNlYXJjaFRleHQQAhgEIAA,Mediterranean restaurants in Richmond BC,1.0,$,1
ChIJj0XSRZNxhlQRmOYOKpilFn8,Kozak Ukrainian Restaurant,"1 W Cordova St, Vancouver, BC V6C 3N8",49.2827218,-123.1046125,4.8,1812.0,ukrainian_restaurant,"ukrainian_restaurant, bar, restaurant, food, point_of_interest, establishment",http://kozakeatery.ca/,https://maps.google.com/?cid=9157688965263713944&g_mp=Cidnb29nbGUubWFwcy5wbGFjZXMudjEuUGxhY2VzLlNlYXJjaFRleHQQAhgEIAA,Vegetarian restaurants in Gastown BC,2.0,$$,2
ChIJ9eGJ9fVxhlQRDbLkgdEI9Co,Skewers Souvlaki Pita Bar,"26 Powell St, Vancouver, BC V6A 1E7",49.2830875,-123.10352209999998,4.8,1799.0,restaurant,"restaurant, greek_restaurant, food, point_of_interest, establishment",https://skewersgastown.ca/,https://maps.google.com/?cid=3095108539830809101&g_mp=Cidnb29nbGUubWFwcy5wbGFjZXMudjEuUGxhY2VzLlNlYXJjaFRleHQQAhgEIAA,Mediterranean restaurants in Downtown Vancouver BC,1.0,$,1
ChIJVzoIGtRzhlQR8Kyc1DyKEVU,Manoush'eh,"620 Davie St, Vancouver, BC V6B 2G5",49.2766748,-123.1256829,4.8,1750.0,middle_eastern_restaurant,"breakfast_restaurant, halal_restaurant, vegan_restaurant, lebanese_restaurant, vegetarian_restaurant, middle_eastern_restaurant, family_restaurant, bakery, meal_takeaway, food_store, store, restaurant, food, point_of_interest, establishment",https://www.manousheh.ca/,https://maps.google.com/?cid=6129832561697664240&g_mp=Cidnb29nbGUubWFwcy5wbGFjZXMudjEuUGxhY2VzLlNlYXJjaFRleHQQAhgEIAA,Mediterranean restaurants in Downtown Vancouver BC,1.0,$,1
ChIJ5TZ41eBzhlQRFwUz7_YhsvI,Bisou Bakehouse,"1190 Bidwell St, Vancouver, BC V6G 2K6",49.2863378,-123.1398993,4.8,1670.0,coffee_shop,"coffee_shop, cake_shop, brunch_restaurant, pastry_shop, dessert_shop, confectionery, cafe, bakery, food_store, wholesaler, store, restaurant, food, point_of_interest, manufacturer, establishment",http://www.bisoubakehouse.com/,https://maps.google.com/?cid=17488077647491826967&g_mp=Cidnb29nbGUubWFwcy5wbGFjZXMudjEuUGxhY2VzLlNlYXJjaFRleHQQAhgEIAA,French restaurants in West End BC,1.0,$,1
ChIJjeg6yERxhlQRF1iKJnjKrD0,Thai Away Home on Nanaimo St.,"2404 E Hastings St, Vancouver, BC V5K 1Z1",49.2810006,-123.05631659999996,4.8,1638.0,thai_restaurant,"thai_restaurant, restaurant, food, point_of_interest, establishment",https://www.thaiaway.com/,https://maps.google.com/?cid=4444149549699323927&g_mp=Cidnb29nbGUubWFwcy5wbGFjZXMudjEuUGxhY2VzLlNlYXJjaFRleHQQAhgEIAA,Thai restaurants in Commercial Drive BC,2.0,$$,2
ChIJ10btzU1xhlQRCxadiVol9VU,Gojo Café Ethiopia I Ethiopian Cuisine,"2838 Commercial Dr, Vancouver, BC V5N 0J7",49.2591235,-123.06966219999998,4.8,1598.0,ethiopian_restaurant,"ethiopian_restaurant, vegan_restaurant, african_restaurant, vegetarian_restaurant, restaurant, food, point_of_interest, establishment",https://gojocafe.com/,https://maps.google.com/?cid=6193897933304043019&g_mp=Cidnb29nbGUubWFwcy5wbGFjZXMudjEuUGxhY2VzLlNlYXJjaFRleHQQAhgEIAA,Ethiopian restaurants in Downtown Vancouver BC,1.0,$,1
ChIJRaFJmqlzhlQRXiX0nqKsMqA,Oshi Nori,"1055 Mainland St, Vancouver, BC V6B 2R9",49.2761232,-123.1200677,4.8,1475.0,japanese_restaurant,"japanese_restaurant, sushi_restaurant, restaurant, food, point_of_interest, establishment",http://www.oshinori.com/,https://maps.google.com/?cid=11543478609355482462&g_mp=Cidnb29nbGUubWFwcy5wbGFjZXMudjEuUGxhY2VzLlNlYXJjaFRleHQQAhgEIAA,Japanese restaurants in Downtown Vancouver BC,2.0,$$,2
ChIJecsKPJRzhlQRIPUiXBfetRc,Diba Restaurant,"1795 Pendrell St, Vancouver, BC V6G 2M8",49.28794260000001,-123.1404572,4.8,1463.0,restaurant,"restaurant, food, point_of_interest, establishment",http://diba.restaurant/,https://maps.google.com/?cid=1708515825568380192&g_mp=Cidnb29nbGUubWFwcy5wbGFjZXMudjEuUGxhY2VzLlNlYXJjaFRleHQQAhgEIAA,Mediterranean restaurants in Downtown Vancouver BC,2.0,$$,2
ChIJRdhfVwBzhlQRWaPB8apSM4g,Taqueria Jalisco Mexican Restaurant,"1178 Davie St, Vancouver, BC V6E 1N1",49.2814302,-123.1330671,4.8,1386.0,mexican_restaurant,"mexican_restaurant, restaurant, food, point_of_interest, establishment",,https://maps.google.com/?cid=9814278907124360025&g_mp=Cidnb29nbGUubWFwcy5wbGFjZXMudjEuUGxhY2VzLlNlYXJjaFRleHQQAhgEIAA,Mexican restaurants in Downtown Vancouver BC,1.0,$,1
ChIJFTYR2U0qK4gRQ8wIMzRBGZY,Aneal's Taste Of The Islands,"10220 Yonge St, Richmond Hill, ON L4C 3B6",43.8766254,-79.4386786,4.8,1364.0,caribbean_restaurant,"caribbean_restaurant, catering_service, food_delivery, meal_takeaway, restaurant, food, point_of_interest, service, establishment",,https://maps.google.com/?cid=10815747672557276227&g_mp=Cidnb29nbGUubWFwcy5wbGFjZXMudjEuUGxhY2VzLlNlYXJjaFRleHQQAhgEIAA,Caribbean restaurants in Richmond BC,1.0,$,1
ChIJvwZJqBxzhlQR-es8abhT5zM,Mazahr Lebanese Kitchen,"1488 W 11th Ave, Vancouver, BC V6H 1L1",49.2615983,-123.1382076,4.8,1358.0,restaurant,"restaurant, food, point_of_interest, establishment",http://www.mazahr.ca/,https://maps.google.com/?cid=3740050067059174393&g_mp=Cidnb29nbGUubWFwcy5wbGFjZXMudjEuUGxhY2VzLlNlYXJjaFRleHQQAhgEIAA,Mediterranean restaurants in Downtown Vancouver BC,2.0,$$,2
ChIJHa9CHPt1hlQRO06TfBHC1OM,Spark Kitchen and Bar,"8291 Alexandra Rd #155, Richmond, BC V6X 3K7",49.1788992,-123.1317905,4.8,1343.0,restaurant,"restaurant, cocktail_bar, bar, food, point_of_interest, establishment",https://vansparkbar.ca/,https://maps.google.com/?cid=16416959922032561723&g_mp=Cidnb29nbGUubWFwcy5wbGFjZXMudjEuUGxhY2VzLlNlYXJjaFRleHQQAhgEIAA,Caribbean restaurants in Richmond BC,2.0,$$,2
ChIJS88fJA93hlQR54O6h6wLueA,Cayenne Bistro and Grill,"7677 6th St, Burnaby, BC V3N 3M8",49.2214453,-122.9309765,4.8,1257.0,indian_restaurant,"indian_restaurant, barbecue_restaurant, african_restaurant, fusion_restaurant, halal_restaurant, restaurant, food, point_of_interest, establishment",http://cayennebistro.com/,https://maps.google.com/?cid=16192986770826757095&g_mp=Cidnb29nbGUubWFwcy5wbGFjZXMudjEuUGxhY2VzLlNlYXJjaFRleHQQAhgEIAA,Indian restaurants in Burnaby BC,2.0,$$,2
ChIJ0WAZJgBzhlQR_tgKSLwV9WA,Eggstatic Vancouver,"3950 Main St, Vancouver, BC V5V 3P2",49.2498542,-123.1007856,4.8,1219.0,brunch_restaurant,"brunch_restaurant, restaurant, food, point_of_interest, establishment",http://www.eggstatic.ca/,https://maps.google.com/?cid=6986514295341897982&g_mp=Cidnb29nbGUubWFwcy5wbGFjZXMudjEuUGxhY2VzLlNlYXJjaFRleHQQAhgEIAA,Turkish restaurants in Mount Pleasant BC,2.0,$$,2
ChIJxxv_LiNzhlQROxtxt94s-0Q,Tayybeh | Dine-in Takeout and Catering,"151 W Broadway, Vancouver, BC V5Y 1P4",49.263322,-123.1082151,4.8,1172.0,catering_service,"catering_service, food_delivery, middle_eastern_restaurant, restaurant, food, point_of_interest, service, establishment",https://tayybeh.com/,https://maps.google.com/?cid=4970615948805479227&g_mp=Cidnb29nbGUubWFwcy5wbGFjZXMudjEuUGxhY2VzLlNlYXJjaFRleHQQAhgEIAA,Lebanese restaurants in Kitsilano BC,2.0,$$,2
ChIJ4Wl_KTpzhlQR-J1EEBGBrdQ,Thai Away Home at City Square,"555 W 12th Ave #28, Vancouver, BC V5Z 3X7",49.2607144,-123.1163479,4.8,1113.0,restaurant,"restaurant, food_court, thai_restaurant, food, point_of_interest, establishment",http://thaiaway.com/,https://maps.google.com/?cid=15325047017299025400&g_mp=Cidnb29nbGUubWFwcy5wbGFjZXMudjEuUGxhY2VzLlNlYXJjaFRleHQQAhgEIAA,Thai restaurants in Mount Pleasant BC,2.0,$$,2
ChIJI0lI91lxhlQRUTQK9JLVkpA,Himalayan Momo Restaurant and Bar,"622 W Pender St, Vancouver, BC V6B 1V8",49.2841509,-123.1144276,4.8,1028.0,restaurant,"restaurant, food, point_of_interest, establishment",http://himalayanvancouver.ca/,https://maps.google.com/?cid=10417623715197629521&g_mp=Cidnb29nbGUubWFwcy5wbGFjZXMudjEuUGxhY2VzLlNlYXJjaFRleHQQAhgEIAA,Indian restaurants in Downtown Vancouver BC,2.0,$$,2
ChIJyYygwSZxhlQRpRPu3BOglQM,Hungry Zus,"433 Granville St, Vancouver, BC V6C 1T2",49.2851623,-123.1144963,4.8,994.0,mediterranean_restaurant,"mediterranean_restaurant, vegan_restaurant, vegetarian_restaurant, restaurant, food, point_of_interest, establishment",http://hungryzus.com/,https://maps.google.com/?cid=258288560815084453&g_mp=Cidnb29nbGUubWFwcy5wbGFjZXMudjEuUGxhY2VzLlNlYXJjaFRleHQQAhgEIAA,Mediterranean restaurants in Downtown Vancouver BC,2.0,$$,2
ChIJjUcL86ZxhlQRU0sbVXhMXEU,Diyar Grill House,"1480 Pemberton Ave, North Vancouver, BC V7P 2S1",49.3217185,-123.1075969,4.8,984.0,restaurant,"restaurant, persian_restaurant, food, point_of_interest, establishment",https://anorder.ca/diyar,https://maps.google.com/?cid=4997953766182046547&g_mp=Cidnb29nbGUubWFwcy5wbGFjZXMudjEuUGxhY2VzLlNlYXJjaFRleHQQAhgEIAA,Turkish restaurants in West End BC,2.0,$$,2
ChIJoTjZcH5xhlQRQBx63ku5-yE,Le Parfait,"812 Homer St, Vancouver, BC V6B 2W2",49.2791309,-123.1171837,4.8,979.0,ice_cream_shop,"ice_cream_shop, breakfast_restaurant, brunch_restaurant, dessert_shop, confectionery, cafe, food_store, store, restaurant, food, point_of_interest, establishment",https://www.leparfait.ca/,https://maps.google.com/?cid=2448754557912226880&g_mp=Cidnb29nbGUubWFwcy5wbGFjZXMudjEuUGxhY2VzLlNlYXJjaFRleHQQAhgEIAA,Lebanese restaurants in Downtown Vancouver BC,2.0,$$,2
ChIJ8Qfip-VxhlQR6TQRjv-7eXQ,Cornelia Fine Tacos,"1329 Pemberton Ave, North Vancouver, BC V7P 2R6",49.3205216,-123.1081984,4.8,890.0,mexican_restaurant,"mexican_restaurant, restaurant, food, point_of_interest, establishment",https://corneliafinetacos.ca/,https://maps.google.com/?cid=8392946086856176873&g_mp=Cidnb29nbGUubWFwcy5wbGFjZXMudjEuUGxhY2VzLlNlYXJjaFRleHQQAhgEIAA,Mexican restaurants in North Vancouver BC,1.0,$,1
ChIJt5aoBABzhlQRNOtmBbJMpFE,The Hestia Veggie,"1161 Davie St, Vancouver, BC V6E 1N2",49.2814394,-123.1326391,4.8,840.0,vegan_restaurant,"vegan_restaurant, vietnamese_restaurant, vegetarian_restaurant, restaurant, food, point_of_interest, establishment",https://www.thehestiaveggie.ca/gallery,https://maps.google.com/?cid=5882911340731231028&g_mp=Cidnb29nbGUubWFwcy5wbGFjZXMudjEuUGxhY2VzLlNlYXJjaFRleHQQAhgEIAA,Vegetarian restaurants in Downtown Vancouver BC,2.0,$$,2
ChIJb0tDCgBzhlQRxpR3-DStr3E,Napoletana Pizza Restaurant,"3875 Fraser St, Vancouver, BC V5V 4E3",49.2503594,-123.0904478,4.8,837.0,italian_restaurant,"italian_restaurant, restaurant, food, point_of_interest, establishment",http://pizzanapoletana.ca/,https://maps.google.com/?cid=8191956690228712646&g_mp=Cidnb29nbGUubWFwcy5wbGFjZXMudjEuUGxhY2VzLlNlYXJjaFRleHQQAhgEIAA,Italian restaurants in West End BC,2.0,$$,2
ChIJ9WVlAwBxhlQRVkN9nIq-cOs,Erbil Restaurant,"1861 Commercial Dr, Vancouver, BC V5N 4A6",49.2680898,-123.0698753,4.8,825.0,restaurant,"restaurant, food, point_of_interest, establishment",http://erbilrestaurant.ca/,https://maps.google.com/?cid=16965269298844877654&g_mp=Cidnb29nbGUubWFwcy5wbGFjZXMudjEuUGxhY2VzLlNlYXJjaFRleHQQAhgEIAA,Turkish restaurants in Downtown Vancouver BC,2.0,$$,2
ChIJZTLDyItxhlQRFgojllOyqhY,Viet Family - The Vegan House,"1414 Commercial Dr, Vancouver, BC V5L 3X9",49.2718742,-123.0694234,4.8,818.0,vegan_restaurant,"vegan_restaurant, vegetarian_restaurant, restaurant, food, point_of_interest, establishment",http://vietfamilyvegan.ca/,https://maps.google.com/?cid=1633313886946134550&g_mp=Cidnb29nbGUubWFwcy5wbGFjZXMudjEuUGxhY2VzLlNlYXJjaFRleHQQAhgEIAA,Vegan restaurants in Downtown Vancouver BC,2.0,$$,2
ChIJCyx7qkBxhlQRSIRvX3cIxiE,Tonkotsu Ramen Tsukiya,"740 Denman St, Vancouver, BC V6G 2L5",49.2918299,-123.1345432,4.8,816.0,ramen_restaurant,"ramen_restaurant, japanese_restaurant, restaurant, food, point_of_interest, establishment",https://ryugetsuservices.wixsite.com/tsukiya,https://maps.google.com/?cid=2433641957435606088&g_mp=Cidnb29nbGUubWFwcy5wbGFjZXMudjEuUGxhY2VzLlNlYXJjaFRleHQQAhgEIAA,Japanese restaurants in West End BC,1.0,$,1
ChIJixHjfQBzhlQR4VxGrkkdk-c,Fresh Solo Pasta,"1088 Denman St, Vancouver, BC V6G 2M8",49.288364,-123.1399383,4.8,758.0,restaurant,"restaurant, food, point_of_interest, establishment",http://freshsolopasta.ca/,https://maps.google.com/?cid=16686713246631484641&g_mp=Cidnb29nbGUubWFwcy5wbGFjZXMudjEuUGxhY2VzLlNlYXJjaFRleHQQAhgEIAA,Italian restaurants in West End BC,2.0,$$,2
ChIJ9Q2OpslxhlQRogtZ7iWeo6s,Bahubali Biryani House Downtown,"1130 W Pender St Unit 105, Vancouver, BC V6E 4A4",49.2874749,-123.1215914,4.8,743.0,fine_dining_restaurant,"fine_dining_restaurant, restaurant, food, point_of_interest, establishment",https://bahubalibiryanihousedowntown.ca/,https://maps.google.com/?cid=12367902887439305634&g_mp=Cidnb29nbGUubWFwcy5wbGFjZXMudjEuUGxhY2VzLlNlYXJjaFRleHQQAhgEIAA,Indian restaurants in Downtown Vancouver BC,2.0,$$,2
ChIJnQA-AV1zhlQRzp8ilKRtAUE,DS Indian Kitchen,"2445 Burrard St, Vancouver, BC V6J 1Y2",49.2640931,-123.1460681,4.8,742.0,indian_restaurant,"indian_restaurant, restaurant, food, point_of_interest, establishment",https://www.dskitchen.ca/,https://maps.google.com/?cid=4684145641069387726&g_mp=Cidnb29nbGUubWFwcy5wbGFjZXMudjEuUGxhY2VzLlNlYXJjaFRleHQQAhgEIAA,Indian restaurants in Kitsilano BC,2.0,$$,2
ChIJJfohPABzhlQRP6Y6LAS-xoc,Sip Song Thai Cuisine,"3626 W 16th Ave, Vancouver, BC V6R 3C4",49.2576665,-123.1857551,4.8,736.0,restaurant,"restaurant, thai_restaurant, food, point_of_interest, establishment",https://www.sipsongthai.com/,https://maps.google.com/?cid=9783716165640169023&g_mp=Cidnb29nbGUubWFwcy5wbGFjZXMudjEuUGxhY2VzLlNlYXJjaFRleHQQAhgEIAA,Thai restaurants in Kitsilano BC,2.0,$$,2
ChIJnbTaZhFxhlQRs86cqwLFX-Q,House of India,"509 Main St, Vancouver, BC V6A 1T6",49.28012450000001,-123.0999413,4.8,732.0,restaurant,"restaurant, asian_restaurant, indian_restaurant, fusion_restaurant, bar, food, point_of_interest, establishment",https://houseofindiaofficial.ca/,https://maps.google.com/?cid=16456088178694868659&g_mp=Cidnb29nbGUubWFwcy5wbGFjZXMudjEuUGxhY2VzLlNlYXJjaFRleHQQAhgEIAA,Indian restaurants in Downtown Vancouver BC,2.0,$$,2
ChIJx3BZ6MtzhlQRvys_xYe1Yww,Cockney Kings Fish & Chips,"1935 Cornwall Ave, Vancouver, BC V6J 1C8",49.2726111,-123.1485125,4.8,731.0,restaurant,"restaurant, meal_takeaway, food, point_of_interest, establishment",http://www.cockneykings.ca/,https://maps.google.com/?cid=892756745883954111&g_mp=Cidnb29nbGUubWFwcy5wbGFjZXMudjEuUGxhY2VzLlNlYXJjaFRleHQQAhgEIAA,Seafood restaurants in Kitsilano BC,2.0,$$,2
ChIJjVfGWkBxhlQRxr6S-iEfNu0,Chop and Chew,"1842 Lonsdale Ave, North Vancouver, BC V7M 2J9",49.3258174,-123.0720392,4.8,698.0,restaurant,"restaurant, food, point_of_interest, establishment",http://chopandchew.ca/,https://maps.google.com/?cid=17092883666529599174&g_mp=Cidnb29nbGUubWFwcy5wbGFjZXMudjEuUGxhY2VzLlNlYXJjaFRleHQQAhgEIAA,Chinese restaurants in North Vancouver BC,2.0,$$,2
ChIJs-6mLZFxhlQRXj4l4xra8II,Cafe Dilli Yaletown,"191 Smithe St, Vancouver, BC V6B 2P6",49.2771514,-123.1163521,4.8,693.0,cafe,"cafe, breakfast_restaurant, asian_restaurant, halal_restaurant, middle_eastern_restaurant, ice_cream_shop, dessert_shop, sandwich_shop, confectionery, indian_restaurant, food_store, store, restaurant, food, point_of_interest, establishment",http://www.cafedilli.ca/,https://maps.google.com/?cid=9435281028356062814&g_mp=Cidnb29nbGUubWFwcy5wbGFjZXMudjEuUGxhY2VzLlNlYXJjaFRleHQQAhgEIAA,Vegetarian restaurants in Yaletown BC,2.0,$$,2
ChIJSd-ZWNxxhlQRTQ4qRjCi0X0,"Emilee’s Sweet House — Authentic Turkish Baklava, Pastries, Turkish breakfast & Coffee","3671 E Hastings St, Vancouver, BC V5K 2B1",49.2813247,-123.02440449999996,4.8,688.0,pastry_shop,"pastry_shop, coffee_shop, dessert_shop, confectionery, bakery, cafe, food_store, store, food, point_of_interest, establishment",https://emilees.ca/,https://maps.google.com/?cid=9066205853092810317&g_mp=Cidnb29nbGUubWFwcy5wbGFjZXMudjEuUGxhY2VzLlNlYXJjaFRleHQQAhgEIAA,Turkish restaurants in Downtown Vancouver BC,2.0,$$,2
ChIJ5wj6nFB1hlQRqbazx4h4G5E,Nukkad Indian Street Eats- Pure Vegetarian Food Truck (Richmond & Vancouver),"7899 Templeton Station Rd, Richmond, BC V7B 0B7",49.1981125,-123.1413793,4.8,668.0,indian_restaurant,"indian_restaurant, vegan_restaurant, vegetarian_restaurant, catering_service, food_delivery, restaurant, food, point_of_interest, service, establishment",https://www.instagram.com/nukkadstreeteats/,https://maps.google.com/?cid=10456083488732067497&g_mp=Cidnb29nbGUubWFwcy5wbGFjZXMudjEuUGxhY2VzLlNlYXJjaFRleHQQAhgEIAA,Indian restaurants in Richmond BC,2.0,$$,2
ChIJQWSOr3x5hlQRv3KVvJqMBac,Sabor A Mexico,"2517 St Johns St, Port Moody, BC V3H 2B3",49.2765189,-122.8552519,4.8,655.0,mexican_restaurant,"mexican_restaurant, restaurant, food, point_of_interest, establishment",https://www.saboramexico.ca/,https://maps.google.com/?cid=12035180175434281663&g_mp=Cidnb29nbGUubWFwcy5wbGFjZXMudjEuUGxhY2VzLlNlYXJjaFRleHQQAhgEIAA,Mexican restaurants in Burnaby BC,1.0,$,1
ChIJrz9USnpxhlQRyONR3eKidt4,Bali Thai,"88 W Pender St #2/F, Vancouver, BC V6B 1R3",49.2803526,-123.1065868,4.8,631.0,indonesian_restaurant,"indonesian_restaurant, asian_fusion_restaurant, asian_restaurant, fusion_restaurant, thai_restaurant, chicken_restaurant, meal_delivery, food_delivery, meal_takeaway, restaurant, food, point_of_interest, establishment",https://www.balithaivancouver.com/,https://maps.google.com/?cid=16030179018931299272&g_mp=Cidnb29nbGUubWFwcy5wbGFjZXMudjEuUGxhY2VzLlNlYXJjaFRleHQQAhgEIAA,Thai restaurants in Downtown Vancouver BC,1.0,$,1
ChIJiYjpfChzhlQRmDmazeq8pzM,Vegan Shoku Japanese Restaurant,"2260 W 41st Ave, Vancouver, BC V6M 1Z8",49.2344887,-123.15933400000002,4.8,618.0,vegan_restaurant,"vegan_restaurant, sushi_restaurant, vegetarian_restaurant, japanese_restaurant, restaurant, food, point_of_interest, establishment",https://swypepos.com/olo/veganshoku/001?t=1718675824542,https://maps.google.com/?cid=3722151333702810008&g_mp=Cidnb29nbGUubWFwcy5wbGFjZXMudjEuUGxhY2VzLlNlYXJjaFRleHQQAhgEIAA,Vegetarian restaurants in West End BC,2.0,$$,2
ChIJR9eZztFxhlQRuHWq68KN5uc,Meet and Eat,"3663 E Hastings St, Vancouver, BC V5K 2E2",49.2812889,-123.0246416,4.8,605.0,turkish_restaurant,"turkish_restaurant, halal_restaurant, restaurant, food, point_of_interest, establishment",https://meetandeat.ca/,https://maps.google.com/?cid=16710199335721792952&g_mp=Cidnb29nbGUubWFwcy5wbGFjZXMudjEuUGxhY2VzLlNlYXJjaFRleHQQAhgEIAA,Turkish restaurants in Downtown Vancouver BC,1.0,$,1
ChIJ7RODc1FzhlQRqjWp21zY1eA,Persian BBQ & Bar,"1072 Denman St, Vancouver, BC V6G 2M8",49.2884745,-123.13970919999998,4.8,592.0,restaurant,"restaurant, food, point_of_interest, establishment",https://persian-bbq.ca/,https://maps.google.com/?cid=16201093127869117866&g_mp=Cidnb29nbGUubWFwcy5wbGFjZXMudjEuUGxhY2VzLlNlYXJjaFRleHQQAhgEIAA,Turkish restaurants in Downtown Vancouver BC,2.0,$$,2
ChIJ0-qmXnBvhlQRA30XV6SaMQI,Asur Kitchen,"1746 Marine Dr, West Vancouver, BC V7V 1J3",49.3284779,-123.161152,4.8,581.0,restaurant,"restaurant, food, point_of_interest, establishment",https://asurkitchen.ca/,https://maps.google.com/?cid=158077492561149187&g_mp=Cidnb29nbGUubWFwcy5wbGFjZXMudjEuUGxhY2VzLlNlYXJjaFRleHQQAhgEIAA,Lebanese restaurants in Kitsilano BC,2.0,$$,2
ChIJm_zob_ZxhlQRZ80MTXXJJGU,Mogu Fried Chicken,"1012 Commercial Dr, Vancouver, BC V5L 3W9",49.2755287,-123.06931659999998,4.8,562.0,japanese_restaurant,"japanese_restaurant, japanese_izakaya_restaurant, asian_restaurant, meal_takeaway, restaurant, food, point_of_interest, establishment",https://www.eatmogu.com/,https://maps.google.com/?cid=7288171602633346407&g_mp=Cidnb29nbGUubWFwcy5wbGFjZXMudjEuUGxhY2VzLlNlYXJjaFRleHQQAhgEIAA,Japanese restaurants in Commercial Drive BC,2.0,$$,2
ChIJo3H5vqZxhlQRrnnUvzvE7p8,Oku Izakaya Bar,"2 Water St, Vancouver, BC V6B 1A4",49.283441,-123.1044594,4.8,552.0,japanese_izakaya_restaurant,"japanese_izakaya_restaurant, sushi_restaurant, seafood_restaurant, japanese_restaurant, restaurant, food, point_of_interest, establishment",https://okuizakayabar.com/,https://maps.google.com/?cid=11524364257388165550&g_mp=Cidnb29nbGUubWFwcy5wbGFjZXMudjEuUGxhY2VzLlNlYXJjaFRleHQQAhgEIAA,Japanese restaurants in Downtown Vancouver BC,2.0,$$,2
ChIJUSS2bRBxhlQRrllHGRZrZ14,Khyber Chai House,"436 Richards St, Vancouver, BC V6B 2Z3",49.2834695,-123.1125227,4.8,545.0,pakistani_restaurant,"pakistani_restaurant, halal_restaurant, catering_service, fast_food_restaurant, tea_house, food_delivery, afghani_restaurant, cafe, restaurant, food, point_of_interest, service, establishment",https://www.khyberchai.com/,https://maps.google.com/?cid=6802523504823982510&g_mp=Cidnb29nbGUubWFwcy5wbGFjZXMudjEuUGxhY2VzLlNlYXJjaFRleHQQAhgEIAA,Indian restaurants in Gastown BC,2.0,$$,2
ChIJr0HCPDpxhlQRgZbt70T2-Yc,حلال momo donair,"1264 Marine Dr, North Vancouver, BC V7P 1T2",49.3249911,-123.1097804,4.8,539.0,restaurant,"restaurant, shawarma_restaurant, greek_restaurant, middle_eastern_restaurant, mediterranean_restaurant, meal_takeaway, food, point_of_interest, establishment",https://momodonair.com/,https://maps.google.com/?cid=9798133240264758913&g_mp=Cidnb29nbGUubWFwcy5wbGFjZXMudjEuUGxhY2VzLlNlYXJjaFRleHQQAhgEIAA,Mediterranean restaurants in North Vancouver BC,2.0,$$,2
ChIJy_11ZAAhoFMR770gwLudKho,Jamaican Delight Cuisine Restaurant & Lounge,"15041 Stony Plain Rd, Edmonton, AB T5P 4W1",53.5403418,-113.5811215,4.8,525.0,restaurant,"restaurant, food, point_of_interest, establishment",https://www.jamaicandelightcuisine.com/,https://maps.google.com/?cid=1885492823715790319&g_mp=Cidnb29nbGUubWFwcy5wbGFjZXMudjEuUGxhY2VzLlNlYXJjaFRleHQQAhgEIAA,Caribbean restaurants in Richmond BC,2.0,$$,2
ChIJQcIvdhBxhlQRe3KDDDd5muE,Nine Dumplings Nine Dishes,"1610 Robson St #204, Vancouver, BC V6G 1C7",49.2894022,-123.1328091,4.8,524.0,restaurant,"restaurant, food, point_of_interest, establishment",https://order.ubereats.com/vancouver/food-delivery/Nine%20Dumplings%20Nine%20Dishes/QWJAv8x0TvC0J3IgzS5-PQ/?utm_source=web-restaurant-manager,https://maps.google.com/?cid=16256439082287329915&g_mp=Cidnb29nbGUubWFwcy5wbGFjZXMudjEuUGxhY2VzLlNlYXJjaFRleHQQAhgEIAA,Chinese restaurants in West End BC,2.0,$$,2
ChIJv1IAdH5zhlQRM96oAEL0B7A,The Sauce Pasta Cafe,"861 Denman St, Vancouver, BC V6G 2L8",49.2907838,-123.1367417,4.8,523.0,italian_restaurant,"italian_restaurant, restaurant, food, point_of_interest, establishment",https://www.thesaucepastacafe.ca/,https://maps.google.com/?cid=12684375439828377139&g_mp=Cidnb29nbGUubWFwcy5wbGFjZXMudjEuUGxhY2VzLlNlYXJjaFRleHQQAhgEIAA,Italian restaurants in West End BC,2.0,$$,2
ChIJByCNoBl1hlQRAHHkoEfWfxQ,Bar Bravo,"4194 Fraser St, Vancouver, BC V5V 4E8",49.2477076,-123.0898537,4.8,520.0,seafood_restaurant,"seafood_restaurant, restaurant, food, point_of_interest, establishment",http://bravovancouver.com/,https://maps.google.com/?cid=1477134805931159808&g_mp=Cidnb29nbGUubWFwcy5wbGFjZXMudjEuUGxhY2VzLlNlYXJjaFRleHQQAhgEIAA,Seafood restaurants in West End BC,2.0,$$,2
ChIJLc2CHABxhlQRrFHdrurOnZk,Onda by Casereccio,"1610 Salt St, Vancouver, BC V5Y 0E4",49.2714241,-123.1059563,4.8,499.0,italian_restaurant,"italian_restaurant, restaurant, food, point_of_interest, establishment",https://ondayvr.ca/,https://maps.google.com/?cid=11069230966497956268&g_mp=Cidnb29nbGUubWFwcy5wbGFjZXMudjEuUGxhY2VzLlNlYXJjaFRleHQQAhgEIAA,Italian restaurants in Mount Pleasant BC,2.0,$$,2
ChIJF-RpeABxhlQRF6npJxbwbXc,Big Way Hot Pot (North Vancouver),"116 Esplanade W, North Vancouver, BC V7M 1A2",49.3115335,-123.0801557,4.8,476.0,restaurant,"restaurant, hot_pot_restaurant, food, point_of_interest, establishment",https://www.bigwayhotpot.com/,https://maps.google.com/?cid=8605798440924457239&g_mp=Cidnb29nbGUubWFwcy5wbGFjZXMudjEuUGxhY2VzLlNlYXJjaFRleHQQAhgEIAA,Chinese restaurants in North Vancouver BC,2.0,$$,2
ChIJj5oLIGZzhlQRNImeNMA4N7Q,Pho Viet Lotus Restaurant,"2680 W Broadway, Vancouver, BC V6K 2G3",49.2638727,-123.1658085,4.8,472.0,vietnamese_restaurant,"vietnamese_restaurant, restaurant, food, point_of_interest, establishment",https://phovietlotus.ca/,https://maps.google.com/?cid=12985910448713795892&g_mp=Cidnb29nbGUubWFwcy5wbGFjZXMudjEuUGxhY2VzLlNlYXJjaFRleHQQAhgEIAA,Vietnamese restaurants in Yaletown BC,1.0,$,1
ChIJ2Y0E7mhzhlQRKGYU--iec7E,Sushi Flamingo Kitsilano Vancouver,"1855 Burrard St #1, Vancouver, BC V6J 3G9",49.2691662,-123.1460991,4.8,453.0,sushi_restaurant,"sushi_restaurant, japanese_restaurant, restaurant, food, point_of_interest, establishment",,https://maps.google.com/?cid=12786738490516989480&g_mp=Cidnb29nbGUubWFwcy5wbGFjZXMudjEuUGxhY2VzLlNlYXJjaFRleHQQAhgEIAA,Japanese restaurants in Kitsilano BC,2.0,$$,2
ChIJyeurR7NxhlQRvcSDVLeAktg,Little Tokyo Sushi,"152 Chadwick Ct, North Vancouver, BC V7M 3K2",49.310108,-123.0832591,4.8,438.0,sushi_restaurant,"sushi_restaurant, japanese_restaurant, restaurant, food, point_of_interest, establishment",http://www.little-tokyo.ca/,https://maps.google.com/?cid=15605677183677482173&g_mp=Cidnb29nbGUubWFwcy5wbGFjZXMudjEuUGxhY2VzLlNlYXJjaFRleHQQAhgEIAA,Japanese restaurants in North Vancouver BC,1.0,$,1
ChIJ8aDgLb9zhlQRlHrceu1afXU,"Okami Sushi - Japanese Restaurant, Bute Street Vancouver BC","1226 Bute St, Vancouver, BC V6E 1Z8",49.2813915,-123.1336479,4.8,423.0,sushi_restaurant,"sushi_restaurant, japanese_restaurant, restaurant, food, point_of_interest, establishment",https://okamisushi.zomi.menu/,https://maps.google.com/?cid=8466022850541419156&g_mp=Cidnb29nbGUubWFwcy5wbGFjZXMudjEuUGxhY2VzLlNlYXJjaFRleHQQAhgEIAA,Japanese restaurants in West End BC,2.0,$$,2
ChIJxbjMZwBxhlQRoozy5qNgiQY,IMRAN Halal Beef Noodle 伊穆兰·兰州牛肉面,"1509 Robson St, Vancouver, BC V6G 3L4",49.2889571,-123.13126619999998,4.8,421.0,chinese_restaurant,"chinese_restaurant, halal_restaurant, restaurant, food, point_of_interest, establishment",http://imrannoodle.com/,https://maps.google.com/?cid=471013893107518626&g_mp=Cidnb29nbGUubWFwcy5wbGFjZXMudjEuUGxhY2VzLlNlYXJjaFRleHQQAhgEIAA,Chinese restaurants in West End BC,2.0,$$,2
ChIJn29_OzZzhlQRTvwdfqw1A98,COFU Pressed Sushi,"1833 Anderson St Unit #103, Vancouver, BC V6H 4E5",49.269287,-123.1388221,4.8,408.0,vegan_restaurant,"vegan_restaurant, sushi_restaurant, vegetarian_restaurant, japanese_restaurant, food_store, store, restaurant, food, point_of_interest, establishment",https://pressedsushi.cofu.ca/,https://maps.google.com/?cid=16069746910354603086&g_mp=Cidnb29nbGUubWFwcy5wbGFjZXMudjEuUGxhY2VzLlNlYXJjaFRleHQQAhgEIAA,Vegan restaurants in Mount Pleasant BC,2.0,$$,2
ChIJMWyr8N9xhlQRhsd_Hpa8sq0,Cozen Japanese Cuisine,"1441 Commercial Dr, Vancouver, BC V5L 3X8",49.2716334,-123.0697618,4.8,401.0,sushi_restaurant,"sushi_restaurant, japanese_restaurant, restaurant, food, point_of_interest, establishment",http://cozen.ca/,https://maps.google.com/?cid=12516273667358836614&g_mp=Cidnb29nbGUubWFwcy5wbGFjZXMudjEuUGxhY2VzLlNlYXJjaFRleHQQAhgEIAA,Japanese restaurants in Commercial Drive BC,2.0,$$,2
ChIJ7U6EmP9xhlQRen8sgePfBUg,Lucifer's House of Heat,"1682 Davie St, Vancouver, BC V6G 1V9",49.2859231,-123.1399825,4.8,396.0,restaurant,"restaurant, chicken_wings_restaurant, catering_service, taco_restaurant, food_delivery, sandwich_shop, grocery_store, food_store, wholesaler, bar, store, food, point_of_interest, supplier, service, establishment",https://lucifershouseofheat.com/,https://maps.google.com/?cid=5189800313832111994&g_mp=Cidnb29nbGUubWFwcy5wbGFjZXMudjEuUGxhY2VzLlNlYXJjaFRleHQQAhgEIAA,Caribbean restaurants in Downtown Vancouver BC,2.0,$$,2
ChIJO_VP7QB1hlQRs2pf08BAajI,River Road Café,"11782 River Rd, Richmond, BC V6X 1Z7",49.19687400000001,-123.09519609999998,4.8,376.0,coffee_shop,"coffee_shop, brazilian_restaurant, cafeteria, cafe, food_store, store, restaurant, food, point_of_interest, establishment",https://www.riverroadcafe.ca/,https://maps.google.com/?cid=3632787246351870643&g_mp=Cidnb29nbGUubWFwcy5wbGFjZXMudjEuUGxhY2VzLlNlYXJjaFRleHQQAhgEIAA,Brazilian restaurants in Richmond BC,1.0,$,1
ChIJkTqy2ZZzhlQRJZGwOIBvZVo,Thai Ni Yom (Thai Restaurant),"2953 W 4th Ave Unit 2, Vancouver, BC V6K 4A7",49.2685357,-123.1706866,4.8,375.0,thai_restaurant,"thai_restaurant, restaurant, food, point_of_interest, establishment",http://www.thainiyom.ca/,https://maps.google.com/?cid=6513735032558883109&g_mp=Cidnb29nbGUubWFwcy5wbGFjZXMudjEuUGxhY2VzLlNlYXJjaFRleHQQAhgEIAA,Thai restaurants in Kitsilano BC,2.0,$$,2
ChIJXfuCqxVxhlQRDDWLkXik0yw,Lee Bros Winery,"82 Keefer Pl, Vancouver, BC V6B 0C9",49.2794812,-123.1070346,4.8,371.0,korean_restaurant,"korean_restaurant, wine_bar, bar, restaurant, food, point_of_interest, establishment",https://www.vanmak.ca/,https://maps.google.com/?cid=3230106195499627788&g_mp=Cidnb29nbGUubWFwcy5wbGFjZXMudjEuUGxhY2VzLlNlYXJjaFRleHQQAhgEIAA,Korean restaurants in Downtown Vancouver BC,2.0,$$,2
ChIJRRYFKSZxhlQREha9GnWUAXc,Pho You Vietnamese Restaurant,"2526 E Hastings St, Vancouver, BC V5K 1Z3",49.2810287,-123.05369129999998,4.8,368.0,vietnamese_restaurant,"vietnamese_restaurant, restaurant, food, point_of_interest, establishment",https://phoyou.zomi.menu/,https://maps.google.com/?cid=8575298396170819090&g_mp=Cidnb29nbGUubWFwcy5wbGFjZXMudjEuUGxhY2VzLlNlYXJjaFRleHQQAhgEIAA,Vietnamese restaurants in Gastown BC,1.0,$,1
ChIJ58RsUSVzhlQRzMqDbN75Uy0,Indi Co.@ Club Kitchen,"988 Expo Blvd, Vancouver, BC V6Z 0G2",49.275361100000005,-123.11563169999998,4.8,362.0,restaurant,"restaurant, food, point_of_interest, establishment",https://order.clubkitchen.ca/menu/indi-co,https://maps.google.com/?cid=3266228888472373964&g_mp=Cidnb29nbGUubWFwcy5wbGFjZXMudjEuUGxhY2VzLlNlYXJjaFRleHQQAhgEIAA,Indian restaurants in Downtown Vancouver BC,2.0,$$,2
ChIJsZz1HMURsYkRG3TSwrygxqU,Buna Kurs Ethiopian Cafe,"402 1/2 N 2nd St Ste A, Richmond, VA 23219, USA",37.5457376,-77.4393171,4.8,343.0,cafe,"cafe, food, point_of_interest, establishment",https://bunakursrva.com/,https://maps.google.com/?cid=11945411794229687323&g_mp=Cidnb29nbGUubWFwcy5wbGFjZXMudjEuUGxhY2VzLlNlYXJjaFRleHQQAhgEIAA,Ethiopian restaurants in Richmond BC,2.0,$$,2
ChIJdwtgKaBxhlQRR8ya774rI7w,Chao Mami Express,"678 Dunsmuir St #80, Vancouver, BC V6B 1N3",49.2831479,-123.1165547,4.8,335.0,vietnamese_restaurant,"vietnamese_restaurant, restaurant, food, point_of_interest, establishment",http://chaomamiexpress.com/,https://maps.google.com/?cid=13556727402379004999&g_mp=Cidnb29nbGUubWFwcy5wbGFjZXMudjEuUGxhY2VzLlNlYXJjaFRleHQQAhgEIAA,Vietnamese restaurants in Downtown Vancouver BC,1.0,$,1
ChIJ1Z8H60NxhlQR0iECHbsZSvk,Phonatic Social Restaurant,"751 Lonsdale Ave, North Vancouver, BC V7M 2G9",49.3177346,-123.0729918,4.8,335.0,vietnamese_restaurant,"vietnamese_restaurant, restaurant, food, point_of_interest, establishment",https://www.phonaticsocial.com/,https://maps.google.com/?cid=17963198355156902354&g_mp=Cidnb29nbGUubWFwcy5wbGFjZXMudjEuUGxhY2VzLlNlYXJjaFRleHQQAhgEIAA,Vietnamese restaurants in West End BC,1.0,$,1
ChIJk2fgao9zhlQR3z76iBFExKA,CASPIAN FLAME,"1521 W Broadway, Vancouver, BC V6J 1W6",49.2637703,-123.1393451,4.8,329.0,turkish_restaurant,"turkish_restaurant, halal_restaurant, vegan_restaurant, vegetarian_restaurant, mediterranean_restaurant, eastern_european_restaurant, restaurant, food, point_of_interest, establishment",http://caspianflame.zomi.menu/,https://maps.google.com/?cid=11584458983606992607&g_mp=Cidnb29nbGUubWFwcy5wbGFjZXMudjEuUGxhY2VzLlNlYXJjaFRleHQQAhgEIAA,Turkish restaurants in Downtown Vancouver BC,1.0,$,1
ChIJ72D89mFzhlQRVzSxD04aIjA,Red Wasabi,"437 Davie St, Vancouver, BC V6B 2G2",49.2755513,-123.1234525,4.8,325.0,restaurant,"restaurant, sushi_restaurant, meal_takeaway, japanese_restaurant, food, point_of_interest, establishment",,https://maps.google.com/?cid=3468363585601746007&g_mp=Cidnb29nbGUubWFwcy5wbGFjZXMudjEuUGxhY2VzLlNlYXJjaFRleHQQAhgEIAA,Japanese restaurants in Yaletown BC,2.0,$$,2
ChIJ_Qknwv5xhlQRxsdSw91dTd0,Acuyo Mexican Restaurant,"1140 Alberni St, Vancouver, BC V6E 1A5",49.2857482,-123.1247109,4.8,290.0,restaurant,"restaurant, mexican_restaurant, bar, food, point_of_interest, establishment",https://acuyo.ca/,https://maps.google.com/?cid=15946505062634932166&g_mp=Cidnb29nbGUubWFwcy5wbGFjZXMudjEuUGxhY2VzLlNlYXJjaFRleHQQAhgEIAA,Mexican restaurants in Downtown Vancouver BC,2.0,$$,2
ChIJ-U1r_VhzhlQRA9bC5IwFTkY,ThaiLicious,"1943 Cornwall Ave, Vancouver, BC V6J 1C8",49.2726196,-123.1487946,4.8,264.0,thai_restaurant,"thai_restaurant, asian_fusion_restaurant, vegan_restaurant, vegetarian_restaurant, fusion_restaurant, asian_restaurant, meal_delivery, food_delivery, meal_takeaway, restaurant, food, point_of_interest, establishment",https://www.thaiaway.com/,https://maps.google.com/?cid=5065992733529921027&g_mp=Cidnb29nbGUubWFwcy5wbGFjZXMudjEuUGxhY2VzLlNlYXJjaFRleHQQAhgEIAA,Thai restaurants in Kitsilano BC,2.0,$$,2
ChIJsc0iEHlxhlQRNaXy8TDmIJ4,Little Bangkok Thai Kitchen 2,"88 W Pender St #2000, Vancouver, BC V6B 6N9",49.2803526,-123.1065868,4.8,244.0,thai_restaurant,"thai_restaurant, restaurant, food, point_of_interest, establishment",https://littlebangkokthaikitchen.square.site/,https://maps.google.com/?cid=11394360155139384629&g_mp=Cidnb29nbGUubWFwcy5wbGFjZXMudjEuUGxhY2VzLlNlYXJjaFRleHQQAhgEIAA,Thai restaurants in Downtown Vancouver BC,2.0,$$,2
ChIJJTcwhEh5hlQRNnUReWm7yBY,Paella Guys,"3191 Thunderbird Crescent #106, Burnaby, BC V5A 3G1",49.2559727,-122.9219078,4.8,190.0,food,"food, point_of_interest, establishment",http://paellaguys.ca/,https://maps.google.com/?cid=1641768125853693238&g_mp=Cidnb29nbGUubWFwcy5wbGFjZXMudjEuUGxhY2VzLlNlYXJjaFRleHQQAhgEIAA,Spanish restaurants in Burnaby BC,2.0,$$,2
ChIJE_Eq-wFxhlQRtgIijrHnZSk,Zenya,"88 W Pender St, Vancouver, BC V6B 6N9",49.280455,-123.1068717,4.8,179.0,japanese_restaurant,"japanese_restaurant, japanese_curry_restaurant, restaurant, food, point_of_interest, establishment",https://profu.link/u/zenyavancouver2013,https://maps.google.com/?cid=2983045077982642870&g_mp=Cidnb29nbGUubWFwcy5wbGFjZXMudjEuUGxhY2VzLlNlYXJjaFRleHQQAhgEIAA,Japanese restaurants in Gastown BC,2.0,$$,2
ChIJxbpfDMJxhlQR0vyzfFXjZtU,Twisted Indian Kingsway,"69 Kingsway, Vancouver, BC V5T 1W4",49.2633323,-123.0996529,4.8,173.0,restaurant,"restaurant, food, point_of_interest, establishment",https://twistedindian.com/,https://maps.google.com/?cid=15377227934007033042&g_mp=Cidnb29nbGUubWFwcy5wbGFjZXMudjEuUGxhY2VzLlNlYXJjaFRleHQQAhgEIAA,Indian restaurants in Gastown BC,2.0,$$,2
ChIJ6TrkzDIjoFMRacoXGl3Apjg,Cafe Caribbean,"10140 117 St NW, Edmonton, AB T5K 1X3",53.541925,-113.523645,4.8,167.0,restaurant,"restaurant, food, point_of_interest, establishment",http://cafecaribbean.ca/,https://maps.google.com/?cid=4082161618360191593&g_mp=Cidnb29nbGUubWFwcy5wbGFjZXMudjEuUGxhY2VzLlNlYXJjaFRleHQQAhgEIAA,Caribbean restaurants in Richmond BC,2.0,$$,2
ChIJgQYeTTrDhVQRiXpHPLSU5vE,Abraxas' Kitchen,"15081 Marine Dr, White Rock, BC V4B 1C5",49.0211452,-122.8045652,4.8,165.0,restaurant,"restaurant, food, point_of_interest, establishment",,https://maps.google.com/?cid=17430782909610424969&g_mp=Cidnb29nbGUubWFwcy5wbGFjZXMudjEuUGxhY2VzLlNlYXJjaFRleHQQAhgEIAA,Brazilian restaurants in Richmond BC,2.0,$$,2
ChIJATkvHcVxhlQR6CN-ctllKo4,Sabina Mexican Food,"51 W Hastings St, Vancouver, BC V6B 1G4",49.2819928,-123.1064086,4.8,152.0,mexican_restaurant,"mexican_restaurant, restaurant, food, point_of_interest, establishment",https://order.online/business/sabina-mexican-food-14427195,https://maps.google.com/?cid=10244112287010792424&g_mp=Cidnb29nbGUubWFwcy5wbGFjZXMudjEuUGxhY2VzLlNlYXJjaFRleHQQAhgEIAA,Mexican restaurants in Downtown Vancouver BC,1.0,$,1
ChIJ2WcAHgBxhlQRX0Nei00VHJo,Nasa Bakery & Cafe,"1678 Commercial Dr, Vancouver, BC V5L 3Y4",49.2699027,-123.0693141,4.8,151.0,cafe,"cafe, bakery, food_store, store, food, point_of_interest, establishment",https://www.nasabakery.ca/,https://maps.google.com/?cid=11104774203983676255&g_mp=Cidnb29nbGUubWFwcy5wbGFjZXMudjEuUGxhY2VzLlNlYXJjaFRleHQQAhgEIAA,Turkish restaurants in Commercial Drive BC,2.0,$$,2
ChIJfwkyT4txhlQRqD41tVf1-xM,Angela Pastificio,"1869 Powell St, Vancouver, BC V5L 1H8",49.284784,-123.0662582,4.8,148.0,italian_restaurant,"italian_restaurant, restaurant, food, point_of_interest, establishment",https://www.angelapastificio.ca/,https://maps.google.com/?cid=1440014262926130856&g_mp=Cidnb29nbGUubWFwcy5wbGFjZXMudjEuUGxhY2VzLlNlYXJjaFRleHQQAhgEIAA,Italian restaurants in Commercial Drive BC,2.0,$$,2
ChIJdUAzNgDhhVQRjzAAT_cfdN0,Vogue Café,"12251 No 1 Rd #130, Steveston, BC V7E 1T6",49.1246062,-123.1816534,4.8,134.0,french_restaurant,"french_restaurant, restaurant, food, point_of_interest, establishment",,https://maps.google.com/?cid=15957414526723305615&g_mp=Cidnb29nbGUubWFwcy5wbGFjZXMudjEuUGxhY2VzLlNlYXJjaFRleHQQAhgEIAA,French restaurants in Richmond BC,2.0,$$,2
ChIJvTb4TXpzhlQR8D9ItpPVkkA,Kumi Sushi Bar,"4422 W 10th Ave, Vancouver, BC V6R 2H9",49.2636144,-123.2067299,4.8,133.0,sushi_restaurant,"sushi_restaurant, japanese_restaurant, restaurant, food, point_of_interest, establishment",https://order.plento.io/restaurant/kumi-sushi-bar,https://maps.google.com/?cid=4653016195422240752&g_mp=Cidnb29nbGUubWFwcy5wbGFjZXMudjEuUGxhY2VzLlNlYXJjaFRleHQQAhgEIAA,Japanese restaurants in Kitsilano BC,2.0,$$,2
ChIJizYYSgB1hlQRREHHu78l_UQ,Shanghai Lao Wei Dao,"8700 McKim Way #2113, Richmond, BC V6X 4A5",49.1832458,-123.1266072,4.8,132.0,chinese_restaurant,"chinese_restaurant, restaurant, food, point_of_interest, establishment",https://shanghailaoweidao.com/utm_source=google&utm_medium=maps&utm_campaign=website,https://maps.google.com/?cid=4971171069106274628&g_mp=Cidnb29nbGUubWFwcy5wbGFjZXMudjEuUGxhY2VzLlNlYXJjaFRleHQQAhgEIAA,Chinese restaurants in Richmond BC,2.0,$$,2
ChIJQxUHg5NxhlQRUzVvJM_z5fI,The Cozy Wok,"854 Denman St, Vancouver, BC V6G 2L8",49.290803200000006,-123.1361112,4.8,118.0,restaurant,"restaurant, wine_bar, asian_restaurant, cocktail_bar, bar, chinese_restaurant, food, point_of_interest, establishment",http://www.thecozywok.com/,https://maps.google.com/?cid=17502663597840348499&g_mp=Cidnb29nbGUubWFwcy5wbGFjZXMudjEuUGxhY2VzLlNlYXJjaFRleHQQAhgEIAA,Chinese restaurants in Mount Pleasant BC,2.0,$$,2
ChIJf8TPgD1xhlQRwTmZ7wnJPhA,Blaze Cafe - Mount Pleasant,"43 E 5th Ave, Vancouver, BC V5T 1G7",49.266576,-123.1037401,4.8,112.0,cafe,"cafe, hamburger_restaurant, coffee_shop, brunch_restaurant, breakfast_restaurant, food_store, store, american_restaurant, restaurant, food, point_of_interest, establishment",http://www.blazecafeyvr.com/,https://maps.google.com/?cid=1170593997674592705&g_mp=Cidnb29nbGUubWFwcy5wbGFjZXMudjEuUGxhY2VzLlNlYXJjaFRleHQQAhgEIAA,Spanish restaurants in Mount Pleasant BC,2.0,$$,2
ChIJfe2sYHhxhlQRUbjA606xqxI,Little Japan Restaurant,"555 W Hastings St, Vancouver, BC V6B 1N9",49.2847563,-123.1121504,4.8,86.0,japanese_restaurant,"japanese_restaurant, restaurant, food, point_of_interest, establishment",,https://maps.google.com/?cid=1345363866221066321&g_mp=Cidnb29nbGUubWFwcy5wbGFjZXMudjEuUGxhY2VzLlNlYXJjaFRleHQQAhgEIAA,Japanese restaurants in Gastown BC,2.0,$$,2
ChIJZ2lDZQBxhlQR3CNNfDdgh70,Vanmak,"82 Keefer Pl, Vancouver, BC V6B 0C9",49.2794812,-123.1070346,4.8,85.0,restaurant,"restaurant, food, point_of_interest, establishment",https://www.vanmak.ca/,https://maps.google.com/?cid=13656990186449216476&g_mp=Cidnb29nbGUubWFwcy5wbGFjZXMudjEuUGxhY2VzLlNlYXJjaFRleHQQAhgEIAA,Korean restaurants in Downtown Vancouver BC,2.0,$$,2
ChIJpQsNsC9xhlQROjRoAtlVt_c,LE COQ FRIT(LONSDALE),"123 Carrie Cates Ct #134, North Vancouver, BC V7M 3K7",49.310644,-123.08155999999998,4.8,84.0,restaurant,"restaurant, food, point_of_interest, establishment",http://lecoqfrit.ca/,https://maps.google.com/?cid=17849830038642897978&g_mp=Cidnb29nbGUubWFwcy5wbGFjZXMudjEuUGxhY2VzLlNlYXJjaFRleHQQAhgEIAA,Korean restaurants in North Vancouver BC,2.0,$$,2
ChIJT2MmohdxhlQRCT5IaRtrM1c,Nabi House Korean Foods,"1889 Powell St, Vancouver, BC V5L 1H8",49.2848421,-123.06596559999998,4.8,80.0,restaurant,"restaurant, food, point_of_interest, establishment",https://www.nabihouse.ca/,https://maps.google.com/?cid=6283483670586605065&g_mp=Cidnb29nbGUubWFwcy5wbGFjZXMudjEuUGxhY2VzLlNlYXJjaFRleHQQAhgEIAA,Korean restaurants in Commercial Drive BC,2.0,$$,2
ChIJWdFQQGJxhlQRFxewkkFT95k,Mui Garden Restaurant (North Vancouver),"185 Forester St #107, North Vancouver, BC V7H 0A6",49.3059814,-123.0107309,4.8,73.0,restaurant,"restaurant, food, point_of_interest, establishment",https://www.muigarden.com/,https://maps.google.com/?cid=11094427748149499671&g_mp=Cidnb29nbGUubWFwcy5wbGFjZXMudjEuUGxhY2VzLlNlYXJjaFRleHQQAhgEIAA,Chinese restaurants in North Vancouver BC,2.0,$$,2
ChIJk7sgjNxxhlQRh3rcstC0Te0,SOLO POCHA,"1256 Robson St, Vancouver, BC V6E 1C1",49.2864748,-123.1280089,4.8,37.0,restaurant,"restaurant, korean_barbecue_restaurant, korean_restaurant, meal_takeaway, food, point_of_interest, establishment",https://solopocha.ca/?utm_source=google&utm_medium=maps&utm_campaign=website,https://maps.google.com/?cid=17099522168642632327&g_mp=Cidnb29nbGUubWFwcy5wbGFjZXMudjEuUGxhY2VzLlNlYXJjaFRleHQQAhgEIAA,Korean restaurants in Downtown Vancouver BC,2.0,$$,2
ChIJuWU7oh1zhlQR0xevnG3qBjI,Pho Goodness Kitchen (Main & 26th),"4160 Main St, Vancouver, BC V5V 3P7",49.2480936,-123.1009002,4.8,37.0,vietnamese_restaurant,"vietnamese_restaurant, restaurant, food, point_of_interest, establishment",https://phogoodness.com/,https://maps.google.com/?cid=3604826308257716179&g_mp=Cidnb29nbGUubWFwcy5wbGFjZXMudjEuUGxhY2VzLlNlYXJjaFRleHQQAhgEIAA,Vietnamese restaurants in Mount Pleasant BC,1.0,$,1
ChIJ57TyilhxhlQRpXpb9Mypa_o,La Valentina Mexican Cuisine,"218 MacKay Rd, North Vancouver, BC V7P 3H4",49.3188763,-123.1020065,4.8,34.0,mexican_restaurant,"mexican_restaurant, restaurant, food, point_of_interest, establishment",https://www.lavalentinacanada.ca/,https://maps.google.com/?cid=18044703029728082597&g_mp=Cidnb29nbGUubWFwcy5wbGFjZXMudjEuUGxhY2VzLlNlYXJjaFRleHQQAhgEIAA,Mexican restaurants in Burnaby BC,1.0,$,1
ChIJX2NVfABzhlQRT8afKF1kuCo,Empanada Republic Restaurant,"1288 Howe St, Vancouver, BC V6Z 1R5",49.2768502,-123.1283799,4.8,30.0,mexican_restaurant,"mexican_restaurant, restaurant, food, point_of_interest, establishment",,https://maps.google.com/?cid=3078320696584029775&g_mp=Cidnb29nbGUubWFwcy5wbGFjZXMudjEuUGxhY2VzLlNlYXJjaFRleHQQAhgEIAA,Spanish restaurants in Downtown Vancouver BC,1.0,$,1
ChIJURRmCB5zhlQRiKOj8nLg3Nc,Gimme Bakery,"1605 W 5th Ave, Vancouver, BC V6J 1N5",49.267321800000005,-123.14113,4.8,21.0,brazilian_restaurant,"brazilian_restaurant, restaurant, food, point_of_interest, establishment",https://www.gimmebakery.com/,https://maps.google.com/?cid=15554553997332554632&g_mp=Cidnb29nbGUubWFwcy5wbGFjZXMudjEuUGxhY2VzLlNlYXJjaFRleHQQAhgEIAA,Brazilian restaurants in Downtown Vancouver BC,2.0,$$,2
ChIJfX3_cQBxhlQRuaZWsLv4gjU,Di Chai,"4124 Hastings St, Burnaby, BC V5C 2J3",49.2809235,-123.0133203,4.8,21.0,restaurant,"asian_restaurant, tapas_restaurant, korean_restaurant, soup_restaurant, restaurant, food, point_of_interest, establishment",https://order.toasttab.com/online/dichai.yvr,https://maps.google.com/?cid=3855917715983607481&g_mp=Cidnb29nbGUubWFwcy5wbGFjZXMudjEuUGxhY2VzLlNlYXJjaFRleHQQAhgEIAA,Vietnamese restaurants in Burnaby BC,2.0,$$,2
ChIJe2wctUJ1hlQR3vaUDzb-mQo,ponchos tacos,"8351 River Rd, Richmond, BC V6X 2W3",49.1931701,-123.1329672,4.8,17.0,fast_food_restaurant,"fast_food_restaurant, restaurant, food, point_of_interest, establishment",https://www.ponchostacos.ca/?utm_source=google&utm_medium=wix_google_business_profile&utm_campaign=6134368328997106483,https://maps.google.com/?cid=763921119959119582&g_mp=Cidnb29nbGUubWFwcy5wbGFjZXMudjEuUGxhY2VzLlNlYXJjaFRleHQQAhgEIAA,Mexican restaurants in Richmond BC,1.0,$,1
ChIJVRB6BwZzhlQRfK8Tud6yRZk,Chau Cafe,"Island Public Market, 1689 Johnston St, Vancouver, BC V6H 3X4",49.2727282,-123.1351543,4.8,11.0,cafe,"cafe, restaurant, food, point_of_interest, establishment",https://chaucafe.com/,https://maps.google.com/?cid=11044430330853568380&g_mp=Cidnb29nbGUubWFwcy5wbGFjZXMudjEuUGxhY2VzLlNlYXJjaFRleHQQAhgEIAA,Vietnamese restaurants in Yaletown BC,2.0,$$,2
ChIJx8zDGIBxhlQRU-OFjaGa-6Q,JOEY Burrard,"820 Burrard St, Vancouver, BC V6Z 1X9",49.282606,-123.1231879,4.7,11366.0,restaurant,"restaurant, food, point_of_interest, establishment",https://joeyrestaurants.com/location/joey-burrard,https://maps.google.com/?cid=11888265660029330259&g_mp=Cidnb29nbGUubWFwcy5wbGFjZXMudjEuUGxhY2VzLlNlYXJjaFRleHQQAhgEIAA,Vegetarian restaurants in Downtown Vancouver BC,2.0,$$,2
ChIJod2tPlFzhlQRCSDoo93R3-M,iDen & Quanjude Beijing Duck House,"2808 Cambie St., Vancouver, BC V5Z 2V5",49.2601245,-123.1147588,4.7,9272.0,chinese_restaurant,"chinese_restaurant, wine_bar, seafood_restaurant, asian_restaurant, fine_dining_restaurant, bar, restaurant, food, point_of_interest, establishment",http://www.quanjude1864.com/,https://maps.google.com/?cid=16420073516283994121&g_mp=Cidnb29nbGUubWFwcy5wbGFjZXMudjEuUGxhY2VzLlNlYXJjaFRleHQQAhgEIAA,Chinese restaurants in Mount Pleasant BC,4.0,$$$$,4
ChIJS6bVOy53hlQRU0vCI7PvbAA,JOEY Burnaby,"1899 Rosser Ave #109, Burnaby, BC V5C 6R5",49.2669122,-123.0066466,4.7,8927.0,restaurant,"restaurant, food, point_of_interest, establishment",https://joeyrestaurants.com/location/joey-burnaby,https://maps.google.com/?cid=30662850162871123&g_mp=Cidnb29nbGUubWFwcy5wbGFjZXMudjEuUGxhY2VzLlNlYXJjaFRleHQQAhgEIAA,Italian restaurants in Burnaby BC,2.0,$$,2
ChIJR66qkPl3hlQRo3sbz6cmASs,Birdies,"3850 Lougheed Hwy., Burnaby, BC V5C 6N4",49.2654067,-123.0195924,4.7,5070.0,californian_restaurant,"californian_restaurant, american_restaurant, restaurant, food, point_of_interest, establishment",https://birdiesrestaurant.com/,https://maps.google.com/?cid=3098800520783690659&g_mp=Cidnb29nbGUubWFwcy5wbGFjZXMudjEuUGxhY2VzLlNlYXJjaFRleHQQAhgEIAA,Caribbean restaurants in West End BC,2.0,$$,2
ChIJZ04tZ9ZzhlQRDsJZp_cOS4U,Blue Water Cafe,"1095 Hamilton St, Vancouver, BC V6B 2W9",49.276155,-123.12112899999998,4.7,3821.0,restaurant,"restaurant, fine_dining_restaurant, wine_bar, sushi_restaurant, seafood_restaurant, cocktail_bar, bar, cafe, japanese_restaurant, food, point_of_interest, establishment",https://bluewatercafe.ca/?utm_source=GoogleBusinessProfile&utm_medium=Website&utm_campaign=MapLabs,https://maps.google.com/?cid=9604787087125103118&g_mp=Cidnb29nbGUubWFwcy5wbGFjZXMudjEuUGxhY2VzLlNlYXJjaFRleHQQAhgEIAA,Seafood restaurants in Downtown Vancouver BC,4.0,$$$$,4
ChIJE-VknPdzhlQR0P5V7wAaSqk,Paratha 2 Pasta (P2P) | Yaletown | Vancouver,"1257 Hamilton St, Vancouver, BC V6B 6K3",49.2743099,-123.1238687,4.7,3727.0,indian_restaurant,"indian_restaurant, restaurant, food, point_of_interest, establishment",https://paratha2pasta.com/,https://maps.google.com/?cid=12198591132004122320&g_mp=Cidnb29nbGUubWFwcy5wbGFjZXMudjEuUGxhY2VzLlNlYXJjaFRleHQQAhgEIAA,Vegetarian restaurants in Yaletown BC,2.0,$$,2
ChIJk6nj4NlxhlQRz0kVe0cCy1I,Riley's Vancouver,"200 Burrard St, Vancouver, BC V6C 3M1",49.2879155,-123.11526599999998,4.7,3670.0,restaurant,"restaurant, seafood_restaurant, brunch_restaurant, steak_house, bar, live_music_venue, event_venue, food, point_of_interest, establishment",https://rileysrestaurant.ca/,https://maps.google.com/?cid=5965864637413280207&g_mp=Cidnb29nbGUubWFwcy5wbGFjZXMudjEuUGxhY2VzLlNlYXJjaFRleHQQAhgEIAA,Seafood restaurants in Downtown Vancouver BC,2.0,$$,2
ChIJw1aBrdVzhlQRn5GWQhUM6cw,Thai Away Home on Granville,"1081 Granville St, Vancouver, BC V6Z 1L4",49.2785035,-123.1245091,4.7,2761.0,thai_restaurant,"thai_restaurant, restaurant, food, point_of_interest, establishment",http://www.thaiaway.com/,https://maps.google.com/?cid=14765346138761892255&g_mp=Cidnb29nbGUubWFwcy5wbGFjZXMudjEuUGxhY2VzLlNlYXJjaFRleHQQAhgEIAA,Thai restaurants in Downtown Vancouver BC,1.0,$,1
ChIJq8Wb6blzhlQR-SGqeJHI4ks,Tom Sushi,"1175 Davie St, Vancouver, BC V6E 1N2",49.2815689,-123.13281619999998,4.7,2714.0,sushi_restaurant,"sushi_restaurant, meal_takeaway, japanese_restaurant, restaurant, food, point_of_interest, establishment",https://tomsushi.ca/,https://maps.google.com/?cid=5468153424701432313&g_mp=Cidnb29nbGUubWFwcy5wbGFjZXMudjEuUGxhY2VzLlNlYXJjaFRleHQQAhgEIAA,Japanese restaurants in West End BC,2.0,$$,2
ChIJz2O67pp3hlQRht7JWs--wEY,Trattoria by Italian Kitchen,"4501 Kingsway #102, Burnaby, BC V5H 2A9",49.2301941,-123.0039355,4.7,2685.0,restaurant,"restaurant, fine_dining_restaurant, wine_bar, brunch_restaurant, lounge_bar, night_club, meal_takeaway, bar, food_store, italian_restaurant, event_venue, store, food, point_of_interest, establishment",https://glowbalgroup.com/trattoria/,https://maps.google.com/?cid=5098284575974088326&g_mp=Cidnb29nbGUubWFwcy5wbGFjZXMudjEuUGxhY2VzLlNlYXJjaFRleHQQAhgEIAA,Italian restaurants in Richmond BC,2.0,$$,2
ChIJ25UYF_pzhlQRQB7i8ROEdRc,The Fish Counter Main Street,"3825 Main St, Vancouver, BC V5V 3P1",49.2507837,-123.1012792,4.7,2381.0,seafood_restaurant,"seafood_restaurant, fish_and_chips_restaurant, market, food_store, meal_takeaway, store, restaurant, food, point_of_interest, establishment",https://the-fishcounter.com/,https://maps.google.com/?cid=1690402456344862272&g_mp=Cidnb29nbGUubWFwcy5wbGFjZXMudjEuUGxhY2VzLlNlYXJjaFRleHQQAhgEIAA,Seafood restaurants in Mount Pleasant BC,2.0,$$,2
ChIJ1YEhf8hxhlQRGKa2FCbaXyk,Mumbaiyaa Street Foods - Pure Vegetarian,"4160 Hastings St, Burnaby, BC V5C 2J4",49.2808437,-123.0124379,4.7,2294.0,vegetarian_restaurant,"vegetarian_restaurant, restaurant, food, point_of_interest, establishment",http://www.mumbaiyaa.ca/,https://maps.google.com/?cid=2981341335433684504&g_mp=Cidnb29nbGUubWFwcy5wbGFjZXMudjEuUGxhY2VzLlNlYXJjaFRleHQQAhgEIAA,Indian restaurants in Burnaby BC,2.0,$$,2
ChIJL_p6s9R3hlQRhLHiqxTkZvk,Kurrywala Indian Restaurant Burnaby,"7660 6th St, Burnaby, BC V3N 3M7",49.221836,-122.9309891,4.7,2195.0,indian_restaurant,"indian_restaurant, restaurant, food, point_of_interest, establishment",http://www.kurrywala.net/,https://maps.google.com/?cid=17971302140502782340&g_mp=Cidnb29nbGUubWFwcy5wbGFjZXMudjEuUGxhY2VzLlNlYXJjaFRleHQQAhgEIAA,Indian restaurants in Burnaby BC,2.0,$$,2
ChIJ-3YQ4u_XhVQRqcevvcC2cE8,VadaPav Mirchi By Geeta,"832 12th St, New Westminster, BC V3M 4K4",49.2114526,-122.9357154,4.7,2186.0,indian_restaurant,"indian_restaurant, restaurant, food, point_of_interest, establishment",https://sites.google.com/view/vada-pav-mirchi-by-geeta/home,https://maps.google.com/?cid=5724276065320290217&g_mp=Cidnb29nbGUubWFwcy5wbGFjZXMudjEuUGxhY2VzLlNlYXJjaFRleHQQAhgEIAA,Indian restaurants in Burnaby BC,2.0,$$,2
ChIJZwLUZ2NxhlQRdmA5dJf08is,PHO H&P NOODLE HOUSE,"4015 Hastings St, Burnaby, BC V5C 2J1",49.2812597,-123.01582969999998,4.7,2148.0,vietnamese_restaurant,"vietnamese_restaurant, thai_restaurant, restaurant, food, point_of_interest, establishment",http://www.noodlehouses.ca/,https://maps.google.com/?cid=3166862419322036342&g_mp=Cidnb29nbGUubWFwcy5wbGFjZXMudjEuUGxhY2VzLlNlYXJjaFRleHQQAhgEIAA,Thai restaurants in Burnaby BC,1.0,$,1
ChIJh2kc_yJ3hlQRmmxZ42fYThU,Krsma Indian Restaurant,"5207 Victoria Dr, Vancouver, BC V5P 3V4",49.2373775,-123.0656173,4.7,1958.0,indian_restaurant,"indian_restaurant, family_restaurant, seafood_restaurant, north_indian_restaurant, vegan_restaurant, vegetarian_restaurant, meal_takeaway, restaurant, food, point_of_interest, establishment",https://krsmaindianrestaurant.com/,https://maps.google.com/?cid=1535402463687437466&g_mp=Cidnb29nbGUubWFwcy5wbGFjZXMudjEuUGxhY2VzLlNlYXJjaFRleHQQAhgEIAA,Indian restaurants in Burnaby BC,2.0,$$,2
ChIJrdfFq1FzhlQROGjeG3ndkVA,Craffles,"518 Davie St, Vancouver, BC V6B 2G4",49.2759437,-123.12470469999998,4.7,1870.0,breakfast_restaurant,"breakfast_restaurant, belgian_restaurant, brazilian_restaurant, brunch_restaurant, dessert_shop, confectionery, food_store, store, restaurant, food, point_of_interest, establishment",http://www.craffles.ca/,https://maps.google.com/?cid=5805664906885621816&g_mp=Cidnb29nbGUubWFwcy5wbGFjZXMudjEuUGxhY2VzLlNlYXJjaFRleHQQAhgEIAA,Brazilian restaurants in Downtown Vancouver BC,2.0,$$,2
ChIJ2z9SdABxhlQRp4NYil_ubr8,SANTO TACO,"108 W Hastings St, Vancouver, BC V6B 1G8",49.2819801,-123.10763839999998,4.7,1852.0,mexican_restaurant,"mexican_restaurant, restaurant, food, point_of_interest, establishment",https://order.toasttab.com/online/santo-taco-hastings,https://maps.google.com/?cid=13794224802792768423&g_mp=Cidnb29nbGUubWFwcy5wbGFjZXMudjEuUGxhY2VzLlNlYXJjaFRleHQQAhgEIAA,Mexican restaurants in Downtown Vancouver BC,1.0,$,1
ChIJdeRWN3dxhlQRv88uiXGJQyg,RENS Cafe & Bistro Thai Contemporary,"3901 Hastings St, Burnaby, BC V5C 2H8",49.2812307,-123.0184754,4.7,1840.0,thai_restaurant,"thai_restaurant, wine_bar, pub, bar, restaurant, food, point_of_interest, establishment",https://renscafe.com/,https://maps.google.com/?cid=2901313705682587583&g_mp=Cidnb29nbGUubWFwcy5wbGFjZXMudjEuUGxhY2VzLlNlYXJjaFRleHQQAhgEIAA,Thai restaurants in Burnaby BC,2.0,$$,2
ChIJc8G7nyNxhlQRJzYYqcLYls0,PiCaDo,"605 W Pender St, Vancouver, BC V6B 3H5",49.284193,-123.1139037,4.7,1777.0,turkish_restaurant,"turkish_restaurant, shawarma_restaurant, halal_restaurant, middle_eastern_restaurant, pizza_restaurant, bakery, cafe, food_store, store, restaurant, food, point_of_interest, establishment",https://picado-online-ordering.brygid.online/,https://maps.google.com/?cid=14814266354854016551&g_mp=Cidnb29nbGUubWFwcy5wbGFjZXMudjEuUGxhY2VzLlNlYXJjaFRleHQQAhgEIAA,Turkish restaurants in Downtown Vancouver BC,1.0,$,1
ChIJ7xNUtyArK4gRBRqWudtSoQk,Saray Turkish Restaurant,"9737 Yonge St Unit 217, Richmond Hill, ON L4C 8S7",43.864316,-79.4350898,4.7,1728.0,restaurant,"restaurant, middle_eastern_restaurant, food, point_of_interest, establishment",https://sarayrestaurants.com/,https://maps.google.com/?cid=693926921256704517&g_mp=Cidnb29nbGUubWFwcy5wbGFjZXMudjEuUGxhY2VzLlNlYXJjaFRleHQQAhgEIAA,Turkish restaurants in Richmond BC,2.0,$$,2
ChIJH29_Ocd3hlQR-GPRl64CO0k,Tasty Planet Indian cuisine restaurant,"7892 6th St, Burnaby, BC V3N 3N3",49.2194335,-122.92752209999998,4.7,1709.0,indian_restaurant,"indian_restaurant, fine_dining_restaurant, north_indian_restaurant, restaurant, food, point_of_interest, establishment",http://tastyplanet.ca/,https://maps.google.com/?cid=5276814337289315320&g_mp=Cidnb29nbGUubWFwcy5wbGFjZXMudjEuUGxhY2VzLlNlYXJjaFRleHQQAhgEIAA,Indian restaurants in Burnaby BC,1.0,$,1
ChIJQ94YI0F2hlQRThl4MaBwzO0,Tenen Restaurant,"7569 Royal Oak Ave c, Burnaby, BC V5J 4J8",49.2154311,-122.9889216,4.7,1607.0,eastern_european_restaurant,"eastern_european_restaurant, restaurant, food, point_of_interest, establishment",http://www.tenenrestaurant.com/,https://maps.google.com/?cid=17135194515564927310&g_mp=Cidnb29nbGUubWFwcy5wbGFjZXMudjEuUGxhY2VzLlNlYXJjaFRleHQQAhgEIAA,Mediterranean restaurants in Burnaby BC,2.0,$$,2
ChIJ-2JqCBV3hlQR-UDpMEfMit0,Zamzam Grill,"2128 Kingsway, Vancouver, BC V5N 2T5",49.2441272,-123.0633818,4.7,1527.0,middle_eastern_restaurant,"middle_eastern_restaurant, restaurant, food, point_of_interest, establishment",https://www.zamzamgrill.ca/,https://maps.google.com/?cid=15963796435303481593&g_mp=Cidnb29nbGUubWFwcy5wbGFjZXMudjEuUGxhY2VzLlNlYXJjaFRleHQQAhgEIAA,Lebanese restaurants in Mount Pleasant BC,1.0,$,1
ChIJ06wWrld1hlQR3O807Mqq2NI,Osmanthus Chinese Fusion Restaurant,"4151 Hazelbridge Wy #2788, Richmond, BC V6X 3R8",49.1834288,-123.1341481,4.7,1477.0,chinese_restaurant,"chinese_restaurant, restaurant, food, point_of_interest, establishment",http://osmanthuscanada.com/,https://maps.google.com/?cid=15193081131457376220&g_mp=Cidnb29nbGUubWFwcy5wbGFjZXMudjEuUGxhY2VzLlNlYXJjaFRleHQQAhgEIAA,Chinese restaurants in Richmond BC,2.0,$$,2
ChIJHegc_RpzhlQREsSRLz5TBRY,Thai Away Home on Cambie,"3315 Cambie St., Vancouver, BC V5Z 2W6",49.2557391,-123.1153778,4.7,1379.0,restaurant,"restaurant, thai_restaurant, food, point_of_interest, establishment",http://www.thaiaway.com/,https://maps.google.com/?cid=1586765970269127698&g_mp=Cidnb29nbGUubWFwcy5wbGFjZXMudjEuUGxhY2VzLlNlYXJjaFRleHQQAhgEIAA,Thai restaurants in Gastown BC,2.0,$$,2
ChIJ_T3myUhxhlQRvzhG9hm9rnE,Mr. Greek Donair Store,"2285 Commercial Dr, Vancouver, BC V5N 4B6",49.26407100000001,-123.06994549999996,4.7,1379.0,middle_eastern_restaurant,"middle_eastern_restaurant, restaurant, food, point_of_interest, establishment",https://www.mrgreekdonair.com/,https://maps.google.com/?cid=8191692691437140159&g_mp=Cidnb29nbGUubWFwcy5wbGFjZXMudjEuUGxhY2VzLlNlYXJjaFRleHQQAhgEIAA,Mediterranean restaurants in Commercial Drive BC,1.0,$,1
ChIJCX5OhzFzhlQRmM-hZpTNRZc,LE COQ FRIT (VANCOUVER),"1888 W Broadway, Vancouver, BC V6J 1Y9",49.2635643,-123.1477581,4.7,1364.0,chicken_restaurant,"chicken_restaurant, asian_restaurant, fusion_restaurant, meal_takeaway, restaurant, food, point_of_interest, establishment",http://lecoqfrit.ca/,https://maps.google.com/?cid=10900344510380887960&g_mp=Cidnb29nbGUubWFwcy5wbGFjZXMudjEuUGxhY2VzLlNlYXJjaFRleHQQAhgEIAA,Peruvian restaurants in Kitsilano BC,2.0,$$,2
ChIJZQfQ9XhxhlQRB6bAuVgAcwY,Pholicious,"430 W Pender St, Vancouver, BC V6B 1L6",49.2830164,-123.11274669999996,4.7,1309.0,vietnamese_restaurant,"vietnamese_restaurant, sandwich_shop, vegetarian_restaurant, soup_restaurant, japanese_restaurant, restaurant, food, point_of_interest, establishment",https://pholicious.zomi.menu/,https://maps.google.com/?cid=464715567622825479&g_mp=Cidnb29nbGUubWFwcy5wbGFjZXMudjEuUGxhY2VzLlNlYXJjaFRleHQQAhgEIAA,Vietnamese restaurants in Downtown Vancouver BC,1.0,$,1
ChIJdb16YOdzhlQRdTEn_JE_BVA,Cilantro Indian Cuisine,"189 W Broadway, Vancouver, BC V5Y 1P4",49.263283,-123.1088971,4.7,1252.0,indian_restaurant,"indian_restaurant, restaurant, food, point_of_interest, establishment",https://cilantrovancouver.com/,https://maps.google.com/?cid=5766084794151022965&g_mp=Cidnb29nbGUubWFwcy5wbGFjZXMudjEuUGxhY2VzLlNlYXJjaFRleHQQAhgEIAA,Indian restaurants in Downtown Vancouver BC,4.0,$$$$,4
ChIJl7JdMZpzhlQR34309UfxWo8,bbq Chicken & Pub Main ST,"4470 Main St, Vancouver, BC V5V 3R3",49.2448463,-123.1010764,4.7,1208.0,korean_restaurant,"korean_restaurant, chicken_restaurant, pub, bar, meal_takeaway, restaurant, food, point_of_interest, establishment",https://bbqchickenca.com/,https://maps.google.com/?cid=10329833986699070943&g_mp=Cidnb29nbGUubWFwcy5wbGFjZXMudjEuUGxhY2VzLlNlYXJjaFRleHQQAhgEIAA,Caribbean restaurants in Mount Pleasant BC,2.0,$$,2
ChIJWbVuptBxhlQRGULmJSp-kX0,SOCIAL CORNER COAL HARBOUR,"1050 W Cordova St, Vancouver, BC V6E 2E9",49.2878482,-123.1181564,4.7,1206.0,restaurant,"restaurant, food, point_of_interest, establishment",http://socialcorner.com/,https://maps.google.com/?cid=9048151845853610521&g_mp=Cidnb29nbGUubWFwcy5wbGFjZXMudjEuUGxhY2VzLlNlYXJjaFRleHQQAhgEIAA,Spanish restaurants in Downtown Vancouver BC,2.0,$$,2
ChIJV6xj61hxhlQRHxxDPtDoXLs,VanLove sushi & more,"1755 Robson St, Vancouver, BC V6G 1C9",49.2912194,-123.13469889999998,4.7,1198.0,sushi_restaurant,"sushi_restaurant, japanese_restaurant, restaurant, food, point_of_interest, establishment",https://vanlove.ca/,https://maps.google.com/?cid=13500921764045331487&g_mp=Cidnb29nbGUubWFwcy5wbGFjZXMudjEuUGxhY2VzLlNlYXJjaFRleHQQAhgEIAA,Japanese restaurants in West End BC,2.0,$$,2
ChIJcYbvUvlxhlQRE6hNBWg9VH8,"Nonna's Cucina ""Italian Street Food""","2166 E Hastings St, Vancouver, BC V5L 1V2",49.2810138,-123.0602546,4.7,1107.0,italian_restaurant,"italian_restaurant, restaurant, food, point_of_interest, establishment",,https://maps.google.com/?cid=9175025857835411475&g_mp=Cidnb29nbGUubWFwcy5wbGFjZXMudjEuUGxhY2VzLlNlYXJjaFRleHQQAhgEIAA,Italian restaurants in Mount Pleasant BC,2.0,$$,2
ChIJh8ZyW35xhlQRvGhhR6vDQXg,Viet Sub Vietnamese Cuisine,"520 Robson St, Vancouver, BC V6B 2B7",49.2801958,-123.1182479,4.7,1092.0,vietnamese_restaurant,"vietnamese_restaurant, meal_delivery, food_delivery, fast_food_restaurant, restaurant, food, point_of_interest, establishment",https://vietsubvietnamesecuisine.zomi.menu/,https://maps.google.com/?cid=8665422298441935036&g_mp=Cidnb29nbGUubWFwcy5wbGFjZXMudjEuUGxhY2VzLlNlYXJjaFRleHQQAhgEIAA,Vietnamese restaurants in Downtown Vancouver BC,1.0,$,1
ChIJp0Iaj3N3hlQRwLhX7gyrKI4,Hello Nori - Brentwood,"1920 Willingdon Ave #1114, Burnaby, BC V5C 0K3",49.267797,-123.002353,4.7,1072.0,japanese_restaurant,"japanese_restaurant, sushi_restaurant, meal_takeaway, bar, restaurant, food, point_of_interest, establishment",https://www.hellonori.com/,https://maps.google.com/?cid=10243625424480876736&g_mp=Cidnb29nbGUubWFwcy5wbGFjZXMudjEuUGxhY2VzLlNlYXJjaFRleHQQAhgEIAA,Japanese restaurants in Burnaby BC,2.0,$$,2
ChIJhX-7iBYLhlQRxYkeXqG1onQ,Hello Nori - Richmond,"6551 Number 3 Rd #1450, Richmond, BC V6Y 2B6",49.1669172,-123.1393196,4.7,1061.0,japanese_restaurant,"japanese_restaurant, sushi_restaurant, meal_takeaway, bar, restaurant, food, point_of_interest, establishment",https://www.hellonori.com/,https://maps.google.com/?cid=8404479559300188613&g_mp=Cidnb29nbGUubWFwcy5wbGFjZXMudjEuUGxhY2VzLlNlYXJjaFRleHQQAhgEIAA,Japanese restaurants in Richmond BC,2.0,$$,2
ChIJL33DILZ3hlQRV7CT-OkNEyE,Nemo Sushi Bar,"5935 Hastings St, Burnaby, BC V5B 1R7",49.2804683,-122.9777937,4.7,1057.0,sushi_restaurant,"sushi_restaurant, japanese_restaurant, restaurant, food, point_of_interest, establishment",https://nemosushibar.ca/,https://maps.google.com/?cid=2383263926358093911&g_mp=Cidnb29nbGUubWFwcy5wbGFjZXMudjEuUGxhY2VzLlNlYXJjaFRleHQQAhgEIAA,Japanese restaurants in Burnaby BC,2.0,$$,2
ChIJL1eoqJxxhlQRuz_G4lhwfmA,Shazde House | رستوران شازده,"1509 Marine Dr, North Vancouver, BC V7P 1T7",49.3237432,-123.1150936,4.7,1046.0,restaurant,"restaurant, food, point_of_interest, establishment",https://www.shazdehouse.ca/,https://maps.google.com/?cid=6953118401770700731&g_mp=Cidnb29nbGUubWFwcy5wbGFjZXMudjEuUGxhY2VzLlNlYXJjaFRleHQQAhgEIAA,Lebanese restaurants in North Vancouver BC,2.0,$$,2
ChIJRcdM6unghVQRx6bWk2_jUrI,Il Posto,"4866 Delta St, Delta, BC V4K 2T8",49.0912909,-123.0859348,4.7,1024.0,italian_restaurant,"italian_restaurant, restaurant, food, point_of_interest, establishment",https://www.ilpostoresto.com/,https://maps.google.com/?cid=12849582755202639559&g_mp=Cidnb29nbGUubWFwcy5wbGFjZXMudjEuUGxhY2VzLlNlYXJjaFRleHQQAhgEIAA,Italian restaurants in Richmond BC,2.0,$$,2
ChIJMfca6mp3hlQR4VDVamppVdE,Wild Flour Pizza Co,"2900 Bainbridge Ave #104, Burnaby, BC V5A 2S8",49.2582681,-122.9554731,4.7,1011.0,pizza_restaurant,"pizza_restaurant, restaurant, food, point_of_interest, establishment",http://www.wildflourpizza.ca/,https://maps.google.com/?cid=15084078432727159009&g_mp=Cidnb29nbGUubWFwcy5wbGFjZXMudjEuUGxhY2VzLlNlYXJjaFRleHQQAhgEIAA,Vegetarian restaurants in Burnaby BC,2.0,$$,2
ChIJ8-lCW-pxhlQRhEQfXAaBKdc,Sooda Korean BBQ,"60 W Cordova St, Vancouver, BC V6B 1C9",49.2826521,-123.10607919999998,4.7,922.0,korean_restaurant,"korean_restaurant, restaurant, food, point_of_interest, establishment",http://www.soodagastown.com/,https://maps.google.com/?cid=15504065056514983044&g_mp=Cidnb29nbGUubWFwcy5wbGFjZXMudjEuUGxhY2VzLlNlYXJjaFRleHQQAhgEIAA,Korean restaurants in Downtown Vancouver BC,2.0,$$,2
ChIJhfils9MLhlQRZkWcwtU4u84,Garry Point Grill & Fish 'N' Chips,"12771 Seventh Ave, Richmond, BC V7E 6P4",49.1253567,-123.1922377,4.7,874.0,fish_and_chips_restaurant,"fish_and_chips_restaurant, restaurant, food, point_of_interest, establishment",https://garrypointfishandchips.com/home,https://maps.google.com/?cid=14896562683202258278&g_mp=Cidnb29nbGUubWFwcy5wbGFjZXMudjEuUGxhY2VzLlNlYXJjaFRleHQQAhgEIAA,Seafood restaurants in Richmond BC,2.0,$$,2
ChIJefGmaXpzhlQRRZrYUPtQqgk,Tozen Sushi Bar,"967 W Broadway, Vancouver, BC V5Z 1K3",49.2635515,-123.1256451,4.7,821.0,japanese_restaurant,"japanese_restaurant, restaurant, food, point_of_interest, establishment",https://www.tozensushibar.ca/,https://maps.google.com/?cid=696458132705548869&g_mp=Cidnb29nbGUubWFwcy5wbGFjZXMudjEuUGxhY2VzLlNlYXJjaFRleHQQAhgEIAA,Japanese restaurants in Yaletown BC,2.0,$$,2
ChIJySokAQB1hlQRdXqr_mAlXls,Ankabut Donair Kebab & Cafe Vancouver,"6453 Victoria Dr, Vancouver, BC V5P 3X6",49.2258303,-123.0662061,4.7,791.0,restaurant,"restaurant, halal_restaurant, greek_restaurant, middle_eastern_restaurant, turkish_restaurant, mediterranean_restaurant, afghani_restaurant, food, point_of_interest, establishment",https://ankabut.ca/,https://maps.google.com/?cid=6583740803781982837&g_mp=Cidnb29nbGUubWFwcy5wbGFjZXMudjEuUGxhY2VzLlNlYXJjaFRleHQQAhgEIAA,Turkish restaurants in Richmond BC,2.0,$$,2
ChIJfRZgQTZxhlQRpi96Zwxhe6c,Machete Ancestral Mexican Food,"1007 Main St, Vancouver, BC V6A 4L4",49.2757173,-123.1001953,4.7,784.0,mexican_restaurant,"mexican_restaurant, restaurant, food, point_of_interest, establishment",https://macheteancestral.com/,https://maps.google.com/?cid=12068346332372938662&g_mp=Cidnb29nbGUubWFwcy5wbGFjZXMudjEuUGxhY2VzLlNlYXJjaFRleHQQAhgEIAA,Mexican restaurants in Downtown Vancouver BC,2.0,$$,2
ChIJUVqtEgpzhlQRvfnZLrgerng,CM Chicken Kitsilano,"1629 Yew St, Vancouver, BC V6K 3E6",49.2712214,-123.1551912,4.7,756.0,korean_restaurant,"korean_restaurant, korean_barbecue_restaurant, meal_takeaway, restaurant, food, point_of_interest, establishment",https://cmkits.zomi.menu/,https://maps.google.com/?cid=8695921706907859389&g_mp=Cidnb29nbGUubWFwcy5wbGFjZXMudjEuUGxhY2VzLlNlYXJjaFRleHQQAhgEIAA,Chinese restaurants in Kitsilano BC,2.0,$$,2
ChIJo5hdQuxzhlQRROJTbS8F5f8,Sushi Hil,"3330 Main St, Vancouver, BC V5V 3M7",49.2553441,-123.10103420000002,4.7,725.0,japanese_restaurant,"japanese_restaurant, sushi_restaurant, restaurant, food, point_of_interest, establishment",https://www.sushihil.com/,https://maps.google.com/?cid=18439149950594179652&g_mp=Cidnb29nbGUubWFwcy5wbGFjZXMudjEuUGxhY2VzLlNlYXJjaFRleHQQAhgEIAA,Japanese restaurants in Mount Pleasant BC,3.0,$$$,3
ChIJj3HBKlpxhlQRb7mk1ZOMeNE,Fassil Restaurant,"736 E Broadway, Vancouver, BC V5T 1X9",49.2623269,-123.088234,4.7,694.0,ethiopian_restaurant,"ethiopian_restaurant, restaurant, food, point_of_interest, establishment",http://www.fassil.ca/,https://maps.google.com/?cid=15093968717704640879&g_mp=Cidnb29nbGUubWFwcy5wbGFjZXMudjEuUGxhY2VzLlNlYXJjaFRleHQQAhgEIAA,Ethiopian restaurants in Downtown Vancouver BC,1.0,$,1
ChIJZwA2m49xhlQR1WVx2aTcQp0,Frying Pan on Denman,"1101 Denman St, Vancouver, BC V6B 1C9",49.2883562,-123.14043739999998,4.7,675.0,restaurant,"restaurant, food, point_of_interest, establishment",http://thefryingpan604.com/,https://maps.google.com/?cid=11331862212998424021&g_mp=Cidnb29nbGUubWFwcy5wbGFjZXMudjEuUGxhY2VzLlNlYXJjaFRleHQQAhgEIAA,Korean restaurants in Kitsilano BC,2.0,$$,2
ChIJv8sUF1VxhlQRGOx0Je-CGNs,Wow Full Noodle House,"505 Dunsmuir St, Vancouver, BC V6B 1Y4",49.2825691,-123.1145576,4.7,643.0,asian_fusion_restaurant,"asian_fusion_restaurant, asian_restaurant, fusion_restaurant, restaurant, food, point_of_interest, establishment",https://www.clover.com/online-ordering/wowfull,https://maps.google.com/?cid=15787512457384487960&g_mp=Cidnb29nbGUubWFwcy5wbGFjZXMudjEuUGxhY2VzLlNlYXJjaFRleHQQAhgEIAA,Chinese restaurants in Downtown Vancouver BC,2.0,$$,2
ChIJB0cfX6tzhlQR6l1sB6MVKD8,Ocean Goose Japanese Restaurant,"1850 W 4th Ave, Vancouver, BC V6J 1M3",49.2678378,-123.14669829999998,4.7,641.0,restaurant,"restaurant, food, point_of_interest, establishment",https://oceangoose.ca/,https://maps.google.com/?cid=4550911213406281194&g_mp=Cidnb29nbGUubWFwcy5wbGFjZXMudjEuUGxhY2VzLlNlYXJjaFRleHQQAhgEIAA,Japanese restaurants in Kitsilano BC,2.0,$$,2
ChIJzZFcYSdxhlQRBEix0Q2qvxg,B House Restaurant,"2270 Commercial Dr, Vancouver, BC V5N 4B5",49.2644549,-123.0695255,4.7,629.0,asian_fusion_restaurant,"asian_fusion_restaurant, asian_restaurant, fusion_restaurant, restaurant, food, point_of_interest, establishment",http://www.bhouse.ca/,https://maps.google.com/?cid=1783330953791358980&g_mp=Cidnb29nbGUubWFwcy5wbGFjZXMudjEuUGxhY2VzLlNlYXJjaFRleHQQAhgEIAA,Chinese restaurants in Commercial Drive BC,2.0,$$,2
ChIJcY8oAqzhhVQRvDJxB30eTzY,Village Curry,"3791 Bayview St, Richmond, BC V7E 3A4",49.1242613,-123.1832367,4.7,618.0,indian_restaurant,"indian_restaurant, pakistani_restaurant, north_indian_restaurant, restaurant, food, point_of_interest, establishment",https://villagecurry.ca/,https://maps.google.com/?cid=3913380123552854716&g_mp=Cidnb29nbGUubWFwcy5wbGFjZXMudjEuUGxhY2VzLlNlYXJjaFRleHQQAhgEIAA,Indian restaurants in Richmond BC,2.0,$$,2
ChIJ5c_2TSRxhlQR28JRHLn1Rt8,KAKAI SUSHI (Vancouver Broadway Branch),"#101, 1638 E Broadway, Vancouver, BC V5N 1W1",49.262189,-123.07081679999996,4.7,608.0,japanese_restaurant,"japanese_restaurant, restaurant, food, point_of_interest, establishment",http://kakaisushi.ca/,https://maps.google.com/?cid=16088816894220550875&g_mp=Cidnb29nbGUubWFwcy5wbGFjZXMudjEuUGxhY2VzLlNlYXJjaFRleHQQAhgEIAA,Japanese restaurants in Commercial Drive BC,2.0,$$,2
ChIJNeveR1ZxhlQRtxa0L7HxEaM,AMRUT KITCHEN AND BAR - HYDERABADI INDIAN RESTAURANT,"433 W Pender St, Vancouver, BC V6B 1V2",49.2831841,-123.1123852,4.7,602.0,indian_restaurant,"cocktail_bar, fine_dining_restaurant, sports_bar, indian_restaurant, bar, restaurant, food, point_of_interest, establishment",https://amrutkitchenandbar.ca/,https://maps.google.com/?cid=11750438646098171575&g_mp=Cidnb29nbGUubWFwcy5wbGFjZXMudjEuUGxhY2VzLlNlYXJjaFRleHQQAhgEIAA,Indian restaurants in Downtown Vancouver BC,2.0,$$,2
ChIJn8Gc-vF-C0ERZvrO0uPOd4E,The Patty Shop,"4019 Macdonald St, Vancouver, BC V6L 1R3",49.2506909,-123.1680835,4.7,598.0,bakery,"bakery, food_store, store, food, point_of_interest, establishment",,https://maps.google.com/?cid=9329152631010949734&g_mp=Cidnb29nbGUubWFwcy5wbGFjZXMudjEuUGxhY2VzLlNlYXJjaFRleHQQAhgEIAA,Caribbean restaurants in Downtown Vancouver BC,1.0,$,1
ChIJoe-s75x3hlQR5tF-vGB7kOg,Brazilliant café & catering inc. | Vancouver,"552 Seymour St, Vancouver, BC V6B 3J5",49.2832888,-123.1143942,4.7,597.0,restaurant,"restaurant, dessert_restaurant, buffet_restaurant, acai_shop, brazilian_restaurant, catering_service, snack_bar, food_delivery, meal_takeaway, grocery_store, food_store, store, food, point_of_interest, service, establishment",http://brazilliant.ca/,https://maps.google.com/?cid=16758029868855120358&g_mp=Cidnb29nbGUubWFwcy5wbGFjZXMudjEuUGxhY2VzLlNlYXJjaFRleHQQAhgEIAA,Brazilian restaurants in Downtown Vancouver BC,2.0,$$,2
ChIJJRSUUyhyhlQRKhAwVlk7Y1Q,Fables & Food Café,"1016 Cardero St, Vancouver, BC V6G 2H1",49.2870032,-123.1357523,4.7,575.0,cafe,"cafe, coffee_shop, bistro, grocery_store, food_store, event_venue, store, restaurant, food, point_of_interest, establishment",,https://maps.google.com/?cid=6080769176764420138&g_mp=Cidnb29nbGUubWFwcy5wbGFjZXMudjEuUGxhY2VzLlNlYXJjaFRleHQQAhgEIAA,Spanish restaurants in West End BC,2.0,$$,2
ChIJlfCReJtzhlQRcZVq2z6DHbg,Sashimiya,"1348 Hornby St, Vancouver, BC V6Z 2L8",49.2766986,-123.1303543,4.7,565.0,meal_takeaway,"meal_takeaway, restaurant, food, point_of_interest, establishment",http://sashimiya.ca/,https://maps.google.com/?cid=13266904383295755633&g_mp=Cidnb29nbGUubWFwcy5wbGFjZXMudjEuUGxhY2VzLlNlYXJjaFRleHQQAhgEIAA,Japanese restaurants in Downtown Vancouver BC,2.0,$$,2
ChIJbbB1HZJzhlQRRKt2pfrIG5o,No Bad Days Vancouver,"605 Nelson St, Vancouver, BC V6B 2E5",49.2787892,-123.1220363,4.7,565.0,brunch_restaurant,"brunch_restaurant, vegan_restaurant, vegetarian_restaurant, breakfast_restaurant, coffee_shop, cafe, food_store, restaurant, food, store, point_of_interest, establishment",https://www.nobaddaysvancouver.com/,https://maps.google.com/?cid=11104690285055486788&g_mp=Cidnb29nbGUubWFwcy5wbGFjZXMudjEuUGxhY2VzLlNlYXJjaFRleHQQAhgEIAA,Vegan restaurants in Downtown Vancouver BC,2.0,$$,2
ChIJlyrTET9xhlQR-mtL9pgF4qs,Absinthe Bistro,"952 Commercial Dr, Vancouver, BC V5L 3W7",49.2759794,-123.06932829999998,4.7,564.0,french_restaurant,"french_restaurant, bistro, restaurant, food, point_of_interest, establishment",http://www.bistroabsinthe.com/,https://maps.google.com/?cid=12385468079747591162&g_mp=Cidnb29nbGUubWFwcy5wbGFjZXMudjEuUGxhY2VzLlNlYXJjaFRleHQQAhgEIAA,French restaurants in Downtown Vancouver BC,2.0,$$,2
ChIJPU-fOIB1hlQRV_v7JVCgjK8,Talay Thai Restaurant,"8369 Granville St, Vancouver, BC V6P 4Z8",49.2107897,-123.140745,4.7,560.0,thai_restaurant,"thai_restaurant, restaurant, food, point_of_interest, establishment",https://zomi.menu/pick-up?shop=11515&utm=&table=,https://maps.google.com/?cid=12649661719471979351&g_mp=Cidnb29nbGUubWFwcy5wbGFjZXMudjEuUGxhY2VzLlNlYXJjaFRleHQQAhgEIAA,Thai restaurants in West End BC,2.0,$$,2
ChIJoc4HzeVyhlQRaf2pPoGnDE8,The Kitchen,"2620 Sasamat St, Vancouver, BC V6R 4A8",49.2634471,-123.2089758,4.7,551.0,korean_restaurant,"korean_restaurant, restaurant, food, point_of_interest, establishment",https://thekitchenc.menu11.com/vancouver/order,https://maps.google.com/?cid=5696111802260782441&g_mp=Cidnb29nbGUubWFwcy5wbGFjZXMudjEuUGxhY2VzLlNlYXJjaFRleHQQAhgEIAA,Korean restaurants in Kitsilano BC,2.0,$$,2
ChIJTxkZSvxzhlQRiExLqf6xWVg,Coquette Brasserie,"2685 Arbutus St, Vancouver, BC V6J 3Y4",49.2621576,-123.1532061,4.7,536.0,restaurant,"restaurant, french_restaurant, food, point_of_interest, establishment",http://brasseriecoquette.ca/,https://maps.google.com/?cid=6366315255585000584&g_mp=Cidnb29nbGUubWFwcy5wbGFjZXMudjEuUGxhY2VzLlNlYXJjaFRleHQQAhgEIAA,French restaurants in Kitsilano BC,2.0,$$,2
ChIJWYQ2R85xhlQRyy4ON7iW_vI,The Workshop Vegetarian Café,"296 Pemberton Ave, North Vancouver, BC V7P 2R4",49.320107,-123.107581,4.7,533.0,vegan_restaurant,"vegan_restaurant, ramen_restaurant, vegetarian_restaurant, food_store, japanese_restaurant, store, restaurant, food, point_of_interest, establishment",https://plantbasedworkshop.com/,https://maps.google.com/?cid=17509598119204892363&g_mp=Cidnb29nbGUubWFwcy5wbGFjZXMudjEuUGxhY2VzLlNlYXJjaFRleHQQAhgEIAA,Vegetarian restaurants in North Vancouver BC,2.0,$$,2
ChIJV4yl0rxxhlQR21WebfbxkjM,Saboo Restaurant,"1455 Main St, North Vancouver, BC V7J 1C9",49.3052934,-123.0331692,4.7,518.0,persian_restaurant,"persian_restaurant, restaurant, food, point_of_interest, establishment",https://www.saboorestaurant.com/,https://maps.google.com/?cid=3716298683237422555&g_mp=Cidnb29nbGUubWFwcy5wbGFjZXMudjEuUGxhY2VzLlNlYXJjaFRleHQQAhgEIAA,Italian restaurants in North Vancouver BC,2.0,$$,2
ChIJdzGvNkN1hlQROkkAtZkL2sg,Mnimes Restaurant & Bar,"6459 Victoria Dr, Vancouver, BC V5P 3X5",49.2257981,-123.06613429999996,4.7,493.0,greek_restaurant,"greek_restaurant, restaurant, food, point_of_interest, establishment",https://mnimesrestaurantbar.com/,https://maps.google.com/?cid=14472893107303106874&g_mp=Cidnb29nbGUubWFwcy5wbGFjZXMudjEuUGxhY2VzLlNlYXJjaFRleHQQAhgEIAA,Mediterranean restaurants in Richmond BC,2.0,$$,2
ChIJxw9nt5VzhlQR_cX6lB3AGPs,Yume Dining,"410 W 2nd Ave, Vancouver, BC V5Y 1E2",49.2672708,-123.1130886,4.7,481.0,asian_fusion_restaurant,"asian_fusion_restaurant, tonkatsu_restaurant, asian_restaurant, fusion_restaurant, sushi_restaurant, hot_pot_restaurant, korean_restaurant, cocktail_bar, bar, japanese_restaurant, italian_restaurant, restaurant, food, point_of_interest, establishment",http://www.yumedining.ca/,https://maps.google.com/?cid=18093422736247014909&g_mp=Cidnb29nbGUubWFwcy5wbGFjZXMudjEuUGxhY2VzLlNlYXJjaFRleHQQAhgEIAA,Japanese restaurants in Yaletown BC,2.0,$$,2
ChIJsfqmXW9xhlQR0zvog-Llg8I,Stock & Supply,"550 W Hastings St, Vancouver, BC V6B 1L6",49.2842411,-123.1125785,4.7,474.0,restaurant,"restaurant, food, point_of_interest, establishment",https://stockandsupplyvancouver.com/,https://maps.google.com/?cid=14016299226345520083&g_mp=Cidnb29nbGUubWFwcy5wbGFjZXMudjEuUGxhY2VzLlNlYXJjaFRleHQQAhgEIAA,French restaurants in Downtown Vancouver BC,2.0,$$,2
ChIJ-SLujtQNlVQRTNEngIF7MZA,Mi Pisco Peruvian Restaurant,"11642 SW Pacific Hwy 220 97223, Tigard, OR 97223, USA",45.4381288,-122.7541521,4.7,470.0,peruvian_restaurant,"peruvian_restaurant, restaurant, food, point_of_interest, establishment",http://mipiscorestaurant.com/,https://maps.google.com/?cid=10390221611451535692&g_mp=Cidnb29nbGUubWFwcy5wbGFjZXMudjEuUGxhY2VzLlNlYXJjaFRleHQQAhgEIAA,Peruvian restaurants in North Vancouver BC,2.0,$$,2
ChIJKcWsxldxhlQRLhviISZ5Y_w,The Lion's Den Cafe,"651 E 15th Ave, Vancouver, BC V5T 2R6",49.2574057,-123.0899468,4.7,463.0,caribbean_restaurant,"caribbean_restaurant, restaurant, food, point_of_interest, establishment",https://www.facebook.com/lionsdencafe.van,https://maps.google.com/?cid=18186512924936379182&g_mp=Cidnb29nbGUubWFwcy5wbGFjZXMudjEuUGxhY2VzLlNlYXJjaFRleHQQAhgEIAA,Caribbean restaurants in Downtown Vancouver BC,1.0,$,1
ChIJNxrrSgDbhVQRlwfWK94i-6s,AlBasha Original الباشا اورجينال Albasha,"12578 72 Ave #115, Surrey, BC V3W 2M6",49.133272,-122.87416,4.7,446.0,middle_eastern_restaurant,"middle_eastern_restaurant, restaurant, food, point_of_interest, establishment",https://albashaoriginal.ca/,https://maps.google.com/?cid=12392537137253582743&g_mp=Cidnb29nbGUubWFwcy5wbGFjZXMudjEuUGxhY2VzLlNlYXJjaFRleHQQAhgEIAA,Mediterranean restaurants in Richmond BC,1.0,$,1
ChIJ54uRgcpzhlQRz4WvqKQJ2Qc,Tre Viet,"1114 Denman St, Vancouver, BC V6G 2M8",49.2880797,-123.1403614,4.7,441.0,vietnamese_restaurant,"vietnamese_restaurant, restaurant, food, point_of_interest, establishment",http://treviet.ca/,https://maps.google.com/?cid=565493831021069775&g_mp=Cidnb29nbGUubWFwcy5wbGFjZXMudjEuUGxhY2VzLlNlYXJjaFRleHQQAhgEIAA,Vietnamese restaurants in Downtown Vancouver BC,1.0,$,1
ChIJS-cBUvzhhVQROz1PCCvy3E0,Baan Lao Fine Thai Cuisine,"4100 Bayview St, Richmond, BC V7E 0B3",49.1230638,-123.17861999999998,4.7,430.0,thai_restaurant,"thai_restaurant, fine_dining_restaurant, restaurant, food, point_of_interest, establishment",http://baanlao.ca/?utm_source=gmb&utm_medium=organic,https://maps.google.com/?cid=5610625502433721659&g_mp=Cidnb29nbGUubWFwcy5wbGFjZXMudjEuUGxhY2VzLlNlYXJjaFRleHQQAhgEIAA,Thai restaurants in Richmond BC,2.0,$$,2
ChIJlUFaBtdzhlQRF9Yhblp4FH0,Gake Sushi & Lounge,"3605 W 4th Ave, Vancouver, BC V6R 1P2",49.2687844,-123.1839663,4.7,429.0,sushi_restaurant,"sushi_restaurant, japanese_restaurant, restaurant, food, point_of_interest, establishment",http://gake.ca/,https://maps.google.com/?cid=9012961084065306135&g_mp=Cidnb29nbGUubWFwcy5wbGFjZXMudjEuUGxhY2VzLlNlYXJjaFRleHQQAhgEIAA,Japanese restaurants in Kitsilano BC,2.0,$$,2
ChIJPV6Qs7lxhlQRZF3eHOogFUI,Is That French,"45 Blood Alley Square, Vancouver, BC V5B 0C4",49.2833132,-123.1055689,4.7,424.0,wine_bar,"wine_bar, oyster_bar_restaurant, tapas_restaurant, bar, restaurant, food, point_of_interest, establishment",http://isthatfrench.com/,https://maps.google.com/?cid=4761748370892938596&g_mp=Cidnb29nbGUubWFwcy5wbGFjZXMudjEuUGxhY2VzLlNlYXJjaFRleHQQAhgEIAA,French restaurants in Downtown Vancouver BC,2.0,$$,2
ChIJb2tRWEtxhlQRg4gT_G56JaU,Petrichor French Farmhouse Restaurant,"216 Abbott St, Vancouver, BC V6B 2K8",49.2834427,-123.1064141,4.7,423.0,french_restaurant,"french_restaurant, restaurant, food, point_of_interest, establishment",https://www.petrichorsocial.com/,https://maps.google.com/?cid=11900052207490533507&g_mp=Cidnb29nbGUubWFwcy5wbGFjZXMudjEuUGxhY2VzLlNlYXJjaFRleHQQAhgEIAA,Mediterranean restaurants in Downtown Vancouver BC,2.0,$$,2
ChIJjX8RvjtxhlQRhyigTkIKWAg,NOMNOSH - KATHI ROLLS . MOMOS,"1175 Granville St, Vancouver, BC V6Z 1M1",49.2775276,-123.12606019999998,4.7,422.0,indian_restaurant,"indian_restaurant, meal_takeaway, restaurant, food, point_of_interest, establishment",https://www.nomnosh.ca/,https://maps.google.com/?cid=601241830157199495&g_mp=Cidnb29nbGUubWFwcy5wbGFjZXMudjEuUGxhY2VzLlNlYXJjaFRleHQQAhgEIAA,Indian restaurants in Gastown BC,2.0,$$,2
ChIJh3PakGlvhlQRoX9cD3d0DC0,Bowltiful Chinese Cuisine,"1820 Marine Dr, West Vancouver, BC V7V 4W4",49.3284346,-123.1627506,4.7,411.0,chinese_restaurant,"chinese_restaurant, restaurant, food, point_of_interest, establishment",https://bowltifulchinesekitchen.zomi.menu/,https://maps.google.com/?cid=3246097486134935457&g_mp=Cidnb29nbGUubWFwcy5wbGFjZXMudjEuUGxhY2VzLlNlYXJjaFRleHQQAhgEIAA,Chinese restaurants in West End BC,2.0,$$,2
ChIJnZU2DQBzhlQRZpc5OOWGT2I,Desi Indian Lounge,"1355 Hornby St, Vancouver, BC V6Z 1W7",49.2768683,-123.1308565,4.7,407.0,indian_restaurant,"indian_restaurant, restaurant, food, point_of_interest, establishment",http://www.desilounge.ca/,https://maps.google.com/?cid=7084029057926010726&g_mp=Cidnb29nbGUubWFwcy5wbGFjZXMudjEuUGxhY2VzLlNlYXJjaFRleHQQAhgEIAA,Indian restaurants in Downtown Vancouver BC,2.0,$$,2
ChIJMyWumjlvhlQRsh1Fh3ZUeT0,Mèreon,"1479 Clyde Ave, West Vancouver, BC V7T 1E9",49.3289616,-123.156195,4.7,403.0,restaurant,"restaurant, food, point_of_interest, establishment",https://mereon.ca/,https://maps.google.com/?cid=4429664576547921330&g_mp=Cidnb29nbGUubWFwcy5wbGFjZXMudjEuUGxhY2VzLlNlYXJjaFRleHQQAhgEIAA,French restaurants in West End BC,2.0,$$,2
ChIJU9L0W8vhhVQRoC2FQHBDRhM,Sonora Mx Taqueria,"5168 A Ladner Trunk Rd, Delta, BC V4K 1W4",49.0893346,-123.0801706,4.7,397.0,mexican_restaurant,"mexican_restaurant, restaurant, food, point_of_interest, establishment",https://www.sonoramxtaqueria.com/,https://maps.google.com/?cid=1388871684488244640&g_mp=Cidnb29nbGUubWFwcy5wbGFjZXMudjEuUGxhY2VzLlNlYXJjaFRleHQQAhgEIAA,Mexican restaurants in Richmond BC,1.0,$,1
ChIJwzK8e_FzhlQRuQYxv1ebnqc,Zapoteca,"3681 W 4th Ave, Vancouver, BC V6R 1P2",49.2688112,-123.1852432,4.7,387.0,restaurant,"restaurant, food, point_of_interest, establishment",https://www.zapoteca.com/kitsilano,https://maps.google.com/?cid=12078262051826370233&g_mp=Cidnb29nbGUubWFwcy5wbGFjZXMudjEuUGxhY2VzLlNlYXJjaFRleHQQAhgEIAA,Mexican restaurants in Kitsilano BC,2.0,$$,2
ChIJ6UCEHURzhlQRjZ2mf9GoiAE,Charm by Zab Bite,"3293 W 4th Ave, Vancouver, BC V6K 1R8",49.26870840000001,-123.1774403,4.7,380.0,thai_restaurant,"thai_restaurant, restaurant, food, point_of_interest, establishment",https://charmrestaurant.ca/,https://maps.google.com/?cid=110523808613834125&g_mp=Cidnb29nbGUubWFwcy5wbGFjZXMudjEuUGxhY2VzLlNlYXJjaFRleHQQAhgEIAA,Thai restaurants in Kitsilano BC,2.0,$$,2
ChIJY_cy7hJ5hlQR6dbiLEbk4fI,Hansol Korean Restaurant,"1192 Lansdowne Dr #401, Coquitlam, BC V3E 1J7",49.2833459,-122.8094965,4.7,380.0,korean_restaurant,"korean_restaurant, restaurant, food, point_of_interest, establishment",http://hansolkoreanrestaurant.ca/,https://maps.google.com/?cid=17501520616990365417&g_mp=Cidnb29nbGUubWFwcy5wbGFjZXMudjEuUGxhY2VzLlNlYXJjaFRleHQQAhgEIAA,Korean restaurants in Mount Pleasant BC,2.0,$$,2
ChIJ50hxxqV2hlQRBsc8_P76hf4,Veggiebowl,"2222 Kingsway, Vancouver, BC V5N 2T7",49.2427708,-123.0606094,4.7,372.0,vegetarian_restaurant,"vegetarian_restaurant, restaurant, food, point_of_interest, establishment",https://m.facebook.com/veggiebowlcafe/,https://maps.google.com/?cid=18340341030596691718&g_mp=Cidnb29nbGUubWFwcy5wbGFjZXMudjEuUGxhY2VzLlNlYXJjaFRleHQQAhgEIAA,Vegetarian restaurants in Burnaby BC,1.0,$,1
ChIJf_6yKM9whlQR9wYxXzfFITQ,Toyo Sushi Japanese Restaurant,"3978 Hastings St, Burnaby, BC V5C 2L7",49.2808858,-123.0174993,4.7,370.0,japanese_restaurant,"japanese_restaurant, sushi_restaurant, restaurant, food, point_of_interest, establishment",https://www.toyosushi.ca/,https://maps.google.com/?cid=3756500405814626039&g_mp=Cidnb29nbGUubWFwcy5wbGFjZXMudjEuUGxhY2VzLlNlYXJjaFRleHQQAhgEIAA,Japanese restaurants in Burnaby BC,2.0,$$,2
ChIJHa54Mt9zhlQRGEvNYjlTZSE,Crab Hot Lau (Granville),"2993 Granville St, Vancouver, BC V6H 3J6",49.2590873,-123.1390177,4.7,366.0,hot_pot_restaurant,"hot_pot_restaurant, vietnamese_restaurant, family_restaurant, restaurant, food, point_of_interest, establishment",https://crabhotlau.ca/,https://maps.google.com/?cid=2406421081835260696&g_mp=Cidnb29nbGUubWFwcy5wbGFjZXMudjEuUGxhY2VzLlNlYXJjaFRleHQQAhgEIAA,Vietnamese restaurants in Kitsilano BC,2.0,$$,2
ChIJJQc1p_ZxhlQRXtvFcxZJjKs,Tahini's Shawarma,"204 Esplanade W, North Vancouver, BC V7M 0H2",49.3126834,-123.082787,4.7,365.0,mediterranean_restaurant,"mediterranean_restaurant, restaurant, food, point_of_interest, establishment",https://www.tahinis.com/,https://maps.google.com/?cid=12361335438005623646&g_mp=Cidnb29nbGUubWFwcy5wbGFjZXMudjEuUGxhY2VzLlNlYXJjaFRleHQQAhgEIAA,Mediterranean restaurants in Richmond BC,2.0,$$,2
ChIJpYHz6cFxhlQR8GERj_HSuYc,Green Leaf Sushi | North Vancouver,"117 W 1st St, North Vancouver, BC V7M 1B1",49.3121014,-123.0795363,4.7,349.0,japanese_restaurant,"japanese_restaurant, restaurant, food, point_of_interest, establishment",http://www.greenleafsushi.ca/,https://maps.google.com/?cid=9780080000740975088&g_mp=Cidnb29nbGUubWFwcy5wbGFjZXMudjEuUGxhY2VzLlNlYXJjaFRleHQQAhgEIAA,Japanese restaurants in North Vancouver BC,2.0,$$,2
ChIJl7bEDXvhhVQRi88fm673NTU,Buddha Lounge,"11111 Horseshoe Wy 2nd Floor, Richmond, BC V7A 4Y1",49.1314769,-123.093626,4.7,347.0,restaurant,"restaurant, lounge_bar, night_club, bar, event_venue, food, point_of_interest, establishment",https://buddhalounge.ca/,https://maps.google.com/?cid=3834242987074768779&g_mp=Cidnb29nbGUubWFwcy5wbGFjZXMudjEuUGxhY2VzLlNlYXJjaFRleHQQAhgEIAA,Indian restaurants in Richmond BC,2.0,$$,2
ChIJs5L0gwSllVQRaWrciHXPlsc,Dadash Grill Turkish Cuisine,"8606 E Mill Plain Blvd, Vancouver, WA 98664, USA",45.6233971,-122.5845798,4.7,340.0,turkish_restaurant,"turkish_restaurant, mediterranean_restaurant, restaurant, food, point_of_interest, establishment",https://dadashgrill.com/,https://maps.google.com/?cid=14381910563768527465&g_mp=Cidnb29nbGUubWFwcy5wbGFjZXMudjEuUGxhY2VzLlNlYXJjaFRleHQQAhgEIAA,Turkish restaurants in Mount Pleasant BC,1.0,$,1
ChIJa8rC_nBvhlQRMFBiwWUnH9A,ZAATAR W ZEIT,"900 Main St C6, West Vancouver, BC V7T 0A5",49.3252361,-123.1433145,4.7,318.0,lebanese_restaurant,"lebanese_restaurant, restaurant, food, point_of_interest, establishment",https://zaatar-w-zeit.square.site/,https://maps.google.com/?cid=14996748602156666928&g_mp=Cidnb29nbGUubWFwcy5wbGFjZXMudjEuUGxhY2VzLlNlYXJjaFRleHQQAhgEIAA,Lebanese restaurants in West End BC,2.0,$$,2
ChIJj3YNOZ1xhlQRPMJ2whPmKCI,The Saigonville Restaurant,"2129 E Hastings St, Vancouver, BC V5L 1V2",49.2813014,-123.0608997,4.7,312.0,vietnamese_restaurant,"vietnamese_restaurant, restaurant, food, point_of_interest, establishment",https://www.thesaigonville.ca/?utm_source=google&utm_medium=wix_google_business_profile&utm_campaign=15111403240525261417,https://maps.google.com/?cid=2461470168899306044&g_mp=Cidnb29nbGUubWFwcy5wbGFjZXMudjEuUGxhY2VzLlNlYXJjaFRleHQQAhgEIAA,Vietnamese restaurants in Commercial Drive BC,1.0,$,1
ChIJ8U8gEYJxhlQRiTGU9-3aSGk,Dolsot(bibiko inc),"530 Hornby St, Vancouver, BC V6C 2E7",49.2853099,-123.1171727,4.7,311.0,korean_restaurant,"korean_restaurant, restaurant, food, point_of_interest, establishment",,https://maps.google.com/?cid=7586554287901389193&g_mp=Cidnb29nbGUubWFwcy5wbGFjZXMudjEuUGxhY2VzLlNlYXJjaFRleHQQAhgEIAA,Korean restaurants in Yaletown BC,2.0,$$,2
ChIJr8ULC1l3hlQRCX2iT952e2Q,La Querida,"4500 Kingsway #1235, Burnaby, BC V5H 2A9",49.2294484,-123.0052713,4.7,308.0,mexican_restaurant,"mexican_restaurant, restaurant, food, point_of_interest, establishment",,https://maps.google.com/?cid=7240511523119070473&g_mp=Cidnb29nbGUubWFwcy5wbGFjZXMudjEuUGxhY2VzLlNlYXJjaFRleHQQAhgEIAA,Mexican restaurants in Burnaby BC,1.0,$,1
ChIJ51q_vUZzhlQRCCFO2VqvuQ4,Sushi Okeya Kyujiro,"1038 Mainland St, Vancouver, BC V6B 2T4",49.275804,-123.1197521,4.7,303.0,japanese_restaurant,"japanese_restaurant, fine_dining_restaurant, restaurant, food, point_of_interest, establishment",http://okeya.ca/,https://maps.google.com/?cid=1061071991950156040&g_mp=Cidnb29nbGUubWFwcy5wbGFjZXMudjEuUGxhY2VzLlNlYXJjaFRleHQQAhgEIAA,Japanese restaurants in Yaletown BC,2.0,$$,2
ChIJVeiyD9pzhlQRLXcR4IXLO64,Winter Bear,"907 Denman St, Vancouver, BC V6G 2L9",49.2904223,-123.13730729999996,4.7,301.0,cafe,"cafe, tea_house, dessert_shop, confectionery, dessert_restaurant, food_store, store, restaurant, food, point_of_interest, establishment",,https://maps.google.com/?cid=12554852162075719469&g_mp=Cidnb29nbGUubWFwcy5wbGFjZXMudjEuUGxhY2VzLlNlYXJjaFRleHQQAhgEIAA,Korean restaurants in West End BC,2.0,$$,2
ChIJYeULsVFxhlQR_-L2kLIufAk,North King Noodle House 北皇饭店(Best Price on Website!),"4621 Hastings St, Burnaby, BC V5C 2K6",49.2811912,-122.99935809999998,4.7,295.0,chinese_restaurant,"chinese_restaurant, restaurant, food, point_of_interest, establishment",http://qmenu.us/#/paul-s-restaurant-burnaby,https://maps.google.com/?cid=683472587924628223&g_mp=Cidnb29nbGUubWFwcy5wbGFjZXMudjEuUGxhY2VzLlNlYXJjaFRleHQQAhgEIAA,Chinese restaurants in Burnaby BC,2.0,$$,2
ChIJqXO6kVxxhlQRqEGMO-Df8kw,Carnitas Don Jose,"88 W Pender St, Vancouver, BC V6B 6N9",49.2803701,-123.1069716,4.7,294.0,mexican_restaurant,"mexican_restaurant, restaurant, food, point_of_interest, establishment",http://thebestcarnitas.com/,https://maps.google.com/?cid=5544740245411217832&g_mp=Cidnb29nbGUubWFwcy5wbGFjZXMudjEuUGxhY2VzLlNlYXJjaFRleHQQAhgEIAA,Mexican restaurants in Downtown Vancouver BC,1.0,$,1
ChIJJ2G2bKRvhlQRs512d855Ohw,Ssal Korean Cuisine,"1739 Marine Dr, West Vancouver, BC V7V 1J5",49.3287618,-123.16105209999998,4.7,288.0,korean_restaurant,"korean_restaurant, restaurant, food, point_of_interest, establishment",http://www.ssalkorean.ca/,https://maps.google.com/?cid=2034072109385686451&g_mp=Cidnb29nbGUubWFwcy5wbGFjZXMudjEuUGxhY2VzLlNlYXJjaFRleHQQAhgEIAA,Korean restaurants in Mount Pleasant BC,2.0,$$,2
ChIJjwtxTJxxhlQR22xVjiG3-yw,Ichiya Japanese Ramen,"2068 Commercial Dr, Vancouver, BC V5N 4B2",49.2663588,-123.0695003,4.7,287.0,ramen_restaurant,"ramen_restaurant, japanese_restaurant, restaurant, food, point_of_interest, establishment",,https://maps.google.com/?cid=3241385711572970715&g_mp=Cidnb29nbGUubWFwcy5wbGFjZXMudjEuUGxhY2VzLlNlYXJjaFRleHQQAhgEIAA,Japanese restaurants in Commercial Drive BC,1.0,$,1
ChIJn-vr2XdvhlQRS1R5uoaJzIk,Chicko Chicken Capilano (North Vancouver),"4730 Capilano Rd, North Vancouver, BC V7R 4K3",49.3556065,-123.1059532,4.7,287.0,restaurant,"restaurant, meal_takeaway, food, point_of_interest, establishment",https://chickochickencapilanonorthvancouver.zomi.menu/,https://maps.google.com/?cid=9929462490192237643&g_mp=Cidnb29nbGUubWFwcy5wbGFjZXMudjEuUGxhY2VzLlNlYXJjaFRleHQQAhgEIAA,Korean restaurants in North Vancouver BC,2.0,$$,2
ChIJZdOnzi_ZhVQRBbXZ-a_J62g,Massawa Restaurant,"418 6th St, New Westminster, BC V3L 3B2",49.2107473,-122.9175167,4.7,270.0,restaurant,"restaurant, food, point_of_interest, establishment",https://www.massawarestaurant.com/,https://maps.google.com/?cid=7560358157119763717&g_mp=Cidnb29nbGUubWFwcy5wbGFjZXMudjEuUGxhY2VzLlNlYXJjaFRleHQQAhgEIAA,Ethiopian restaurants in West End BC,2.0,$$,2
ChIJUyIon13hhVQRHLBXRap00Fk,Jamoneria by ARC,"12471 Horseshoe Wy #1025, Richmond, BC V7A 4X6",49.1217599,-123.0936525,4.7,257.0,restaurant,"restaurant, sandwich_shop, tapas_restaurant, bar, food, point_of_interest, establishment",https://www.jamoneria.ca/,https://maps.google.com/?cid=6471800939188039708&g_mp=Cidnb29nbGUubWFwcy5wbGFjZXMudjEuUGxhY2VzLlNlYXJjaFRleHQQAhgEIAA,Spanish restaurants in Richmond BC,2.0,$$,2
ChIJcWR3rwF3hlQRQb0TXXsD4o0,Haku Sushi,"4429 Kingsway #27, Burnaby, BC V5H 2A1",49.2314524,-123.0052859,4.7,245.0,sushi_restaurant,"sushi_restaurant, japanese_restaurant, restaurant, food, point_of_interest, establishment",http://hakusushi.ca/,https://maps.google.com/?cid=10223737932461882689&g_mp=Cidnb29nbGUubWFwcy5wbGFjZXMudjEuUGxhY2VzLlNlYXJjaFRleHQQAhgEIAA,Japanese restaurants in Burnaby BC,2.0,$$,2
ChIJswja8Y93hlQRlS-TTC7tKLk,Taku Japanese Kitchen,"7608 Royal Oak Ave, Burnaby, BC V5J 4K3",49.21447,-122.9881293,4.7,245.0,sushi_restaurant,"sushi_restaurant, japanese_restaurant, restaurant, food, point_of_interest, establishment",,https://maps.google.com/?cid=13342174679194087317&g_mp=Cidnb29nbGUubWFwcy5wbGFjZXMudjEuUGxhY2VzLlNlYXJjaFRleHQQAhgEIAA,Japanese restaurants in Burnaby BC,2.0,$$,2
ChIJ238R779xhlQRQS9PP4tCxvs,Caffè Soccavo,"1321 Commercial Dr, Vancouver, BC V5L 3X5",49.2725609,-123.0697294,4.7,243.0,coffee_shop,"coffee_shop, pizza_restaurant, cafe, food_store, store, restaurant, food, point_of_interest, establishment",http://soccavoyvr.com/,https://maps.google.com/?cid=18142261314738663233&g_mp=Cidnb29nbGUubWFwcy5wbGFjZXMudjEuUGxhY2VzLlNlYXJjaFRleHQQAhgEIAA,Italian restaurants in Commercial Drive BC,1.0,$,1
ChIJq3EK5kRzhlQRUniY7mh-3DE,Old Durbar Nepalese & Indian Restaurant,"147 E Broadway, Vancouver, BC V5T 1W1",49.2630875,-123.1018754,4.7,239.0,restaurant,"restaurant, food, point_of_interest, establishment",http://www.olddurbar.ca/,https://maps.google.com/?cid=3592885591879481426&g_mp=Cidnb29nbGUubWFwcy5wbGFjZXMudjEuUGxhY2VzLlNlYXJjaFRleHQQAhgEIAA,Indian restaurants in Mount Pleasant BC,2.0,$$,2
ChIJ4V_GMwBxhlQREXVmM_RlZ_k,Peya,"2101 E Hastings St, Vancouver, BC V5L 1V2",49.2813263,-123.0615365,4.7,221.0,restaurant,"restaurant, food, point_of_interest, establishment",https://www.peya.ca/,https://maps.google.com/?cid=17971444937554031889&g_mp=Cidnb29nbGUubWFwcy5wbGFjZXMudjEuUGxhY2VzLlNlYXJjaFRleHQQAhgEIAA,Indian restaurants in Downtown Vancouver BC,2.0,$$,2
ChIJF8QfVEhxhlQRer0ouMPn_iM,OAKBERRY Açaí Bowls & Smoothies,"389 Water St, Vancouver, BC V6B 1B8",49.28486660000001,-123.11050069999996,4.7,219.0,acai_shop,"acai_shop, brazilian_restaurant, restaurant, food, point_of_interest, establishment",https://www.oakberrycanada.ca/,https://maps.google.com/?cid=2593765263206301050&g_mp=Cidnb29nbGUubWFwcy5wbGFjZXMudjEuUGxhY2VzLlNlYXJjaFRleHQQAhgEIAA,Brazilian restaurants in Gastown BC,2.0,$$,2
ChIJBadMGQBzhlQRlxcRlUO2Qfs,Hanoi Old Quarter,"3105 W Broadway, Vancouver, BC V6K 2G9",49.2643913,-123.17418149999996,4.7,219.0,vietnamese_restaurant,"vietnamese_restaurant, cocktail_bar, bar, event_venue, restaurant, food, point_of_interest, establishment",https://www.hanoioldquarter.ca/,https://maps.google.com/?cid=18104952378386093975&g_mp=Cidnb29nbGUubWFwcy5wbGFjZXMudjEuUGxhY2VzLlNlYXJjaFRleHQQAhgEIAA,Vietnamese restaurants in Kitsilano BC,1.0,$,1
ChIJn15zA6JvhlQRILVt4-HKJUE,The Fish Counter Edgemont (North Vancouver),"3135 Edgemont Blvd, North Vancouver, BC V7R 2N7",49.3377972,-123.10265409999998,4.7,218.0,seafood_restaurant,"seafood_restaurant, fish_and_chips_restaurant, meal_takeaway, market, food_store, store, restaurant, food, point_of_interest, establishment",https://the-fishcounter.com/,https://maps.google.com/?cid=4694381258135680288&g_mp=Cidnb29nbGUubWFwcy5wbGFjZXMudjEuUGxhY2VzLlNlYXJjaFRleHQQAhgEIAA,Seafood restaurants in North Vancouver BC,2.0,$$,2
ChIJg-QEBc9xhlQRB4AsKjH_5hw,Chicken Box,"109 E 2nd St, North Vancouver, BC V7L 1C2",49.3123609,-123.0774678,4.7,217.0,restaurant,"restaurant, chicken_restaurant, food, point_of_interest, establishment",https://order.toasttab.com/online/chickenbox-lonsdale,https://maps.google.com/?cid=2082632464331472903&g_mp=Cidnb29nbGUubWFwcy5wbGFjZXMudjEuUGxhY2VzLlNlYXJjaFRleHQQAhgEIAA,Korean restaurants in North Vancouver BC,2.0,$$,2
ChIJcecYY351hlQR7oKZNge1v88,Madame Danh,"4288 Fraser St, Vancouver, BC V5V 4G2",49.24685110000001,-123.08995910000002,4.7,214.0,restaurant,"restaurant, food, point_of_interest, establishment",http://madamedanh.com/,https://maps.google.com/?cid=14969882728988246766&g_mp=Cidnb29nbGUubWFwcy5wbGFjZXMudjEuUGxhY2VzLlNlYXJjaFRleHQQAhgEIAA,Vietnamese restaurants in Mount Pleasant BC,2.0,$$,2
ChIJIbgQqlQLhlQRtWFjkJ7zW0k,Torake Japanese Cuisine,"9471 No 2 Rd #130, Richmond, BC V7E 2C9",49.1443134,-123.1596748,4.7,213.0,japanese_restaurant,"japanese_restaurant, restaurant, food, point_of_interest, establishment",http://torake.ca/,https://maps.google.com/?cid=5286086450002223541&g_mp=Cidnb29nbGUubWFwcy5wbGFjZXMudjEuUGxhY2VzLlNlYXJjaFRleHQQAhgEIAA,Japanese restaurants in Richmond BC,2.0,$$,2
ChIJg9SFUwDhhVQRtD4yBwb3zKE,Soi ram,"4811 Delta St, Delta, BC V4K 2T7",49.090371,-123.085476,4.7,213.0,thai_restaurant,"thai_restaurant, restaurant, food, point_of_interest, establishment",http://soiram.ca/,https://maps.google.com/?cid=11658965140617969332&g_mp=Cidnb29nbGUubWFwcy5wbGFjZXMudjEuUGxhY2VzLlNlYXJjaFRleHQQAhgEIAA,Thai restaurants in Richmond BC,2.0,$$,2
ChIJacVfweBxhlQRJSijA6JfJSI,Nomo Nomo,"1268 Commercial Dr, Vancouver, BC V5L 3X2",49.273343,-123.0692966,4.7,209.0,restaurant,"restaurant, food, point_of_interest, establishment",https://nomonomo.ca/,https://maps.google.com/?cid=2460477920878209061&g_mp=Cidnb29nbGUubWFwcy5wbGFjZXMudjEuUGxhY2VzLlNlYXJjaFRleHQQAhgEIAA,Japanese restaurants in Commercial Drive BC,2.0,$$,2
ChIJj-dTkN9zhlQR6lMZdho3HAE,El Compadre - Carnitas & More,"Club Kitchen (El Compadre, 988 Expo Blvd, Vancouver, BC V6Z 0G2",49.2748342,-123.1153848,4.7,198.0,mexican_restaurant,"mexican_restaurant, restaurant, food, point_of_interest, establishment",https://elcompadrecarnitas.com/,https://maps.google.com/?cid=79999480175875050&g_mp=Cidnb29nbGUubWFwcy5wbGFjZXMudjEuUGxhY2VzLlNlYXJjaFRleHQQAhgEIAA,Mexican restaurants in Downtown Vancouver BC,1.0,$,1
ChIJeTz5SLVxhlQRIaIFnSxCVTc,Sushi MAHANA,"175 3rd St W, North Vancouver, BC V7M 0G5",49.3143472,-123.0797265,4.7,188.0,sushi_restaurant,"sushi_restaurant, fine_dining_restaurant, japanese_restaurant, restaurant, food, point_of_interest, establishment",https://sushimahana.com/,https://maps.google.com/?cid=3987165804486828577&g_mp=Cidnb29nbGUubWFwcy5wbGFjZXMudjEuUGxhY2VzLlNlYXJjaFRleHQQAhgEIAA,Japanese restaurants in North Vancouver BC,4.0,$$$$,4
ChIJA4mzhm5xhlQRS7rYcSJ0G0A,Kitchen Craft Eatery,"150 Esplanade W #210, North Vancouver, BC V7M 3H9",49.3119947,-123.081219,4.7,180.0,restaurant,"restaurant, salad_shop, sandwich_shop, dessert_shop, confectionery, food_store, store, food, point_of_interest, establishment",http://kitchencraft.net/,https://maps.google.com/?cid=4619413534086314571&g_mp=Cidnb29nbGUubWFwcy5wbGFjZXMudjEuUGxhY2VzLlNlYXJjaFRleHQQAhgEIAA,Vegetarian restaurants in North Vancouver BC,2.0,$$,2
ChIJxSrpNdZzhlQRKSdMEPuAhxY,Amogha Indian Kitchen & Bar,"4265 Main St, Vancouver, BC V5V 3P8",49.2475409,-123.1013637,4.7,175.0,indian_restaurant,"indian_restaurant, restaurant, food, point_of_interest, establishment",https://amoghakitchens.com/,https://maps.google.com/?cid=1623408006488925993&g_mp=Cidnb29nbGUubWFwcy5wbGFjZXMudjEuUGxhY2VzLlNlYXJjaFRleHQQAhgEIAA,Indian restaurants in Downtown Vancouver BC,2.0,$$,2
ChIJHT91IABzhlQRdRS8-YrB9CI,Jeju,"540 E Broadway, Vancouver, BC V5T 1X4",49.2622703,-123.0920469,4.7,173.0,restaurant,"restaurant, food, point_of_interest, establishment",https://jeju-restaurant.com/,https://maps.google.com/?cid=2518850894246450293&g_mp=Cidnb29nbGUubWFwcy5wbGFjZXMudjEuUGxhY2VzLlNlYXJjaFRleHQQAhgEIAA,Korean restaurants in Yaletown BC,2.0,$$,2
ChIJozsB4udzhlQRNpNXP1_JpK4,Kim Son Vietnamese Food,"555 W 12th Ave #030, Vancouver, BC V5Z 3X7",49.2607444,-123.1164572,4.7,170.0,restaurant,"restaurant, food, point_of_interest, establishment",,https://maps.google.com/?cid=12584404669701788470&g_mp=Cidnb29nbGUubWFwcy5wbGFjZXMudjEuUGxhY2VzLlNlYXJjaFRleHQQAhgEIAA,Vietnamese restaurants in West End BC,2.0,$$,2
ChIJ0xjWRnFzhlQRGEVfo23ZjJc,Thai Chili Wasabi,"1073 W Broadway, Vancouver, BC V6H 1E2",49.2636002,-123.12827889999998,4.7,164.0,thai_restaurant,"thai_restaurant, restaurant, food, point_of_interest, establishment",https://www.chiliwasabi.com/,https://maps.google.com/?cid=10920342261382202648&g_mp=Cidnb29nbGUubWFwcy5wbGFjZXMudjEuUGxhY2VzLlNlYXJjaFRleHQQAhgEIAA,Thai restaurants in West End BC,2.0,$$,2
ChIJBWHAcOhxhlQR3_Jqa7X-xKM,SUD SOI,"1641 Commercial Dr #120, Vancouver, BC V5L 3Y3",49.2700368,-123.069897,4.7,159.0,thai_restaurant,"thai_restaurant, restaurant, food, point_of_interest, establishment",https://sudsoivancouver.com/,https://maps.google.com/?cid=11800836978762248927&g_mp=Cidnb29nbGUubWFwcy5wbGFjZXMudjEuUGxhY2VzLlNlYXJjaFRleHQQAhgEIAA,Thai restaurants in Commercial Drive BC,2.0,$$,2
ChIJoWPJDgBzhlQREBB88IPg9bc,JEON,"1160 Davie St #110, Vancouver, BC V6E 1N1",49.2810658,-123.13280689999998,4.7,151.0,korean_restaurant,"korean_restaurant, restaurant, food, point_of_interest, establishment",https://jeonvancouver.com/,https://maps.google.com/?cid=13255747935514923024&g_mp=Cidnb29nbGUubWFwcy5wbGFjZXMudjEuUGxhY2VzLlNlYXJjaFRleHQQAhgEIAA,Korean restaurants in Downtown Vancouver BC,2.0,$$,2
ChIJb-PGHfhzhlQRt0Rof_yme00,Napoli Pasta Studio,"2708 W 4th Ave, Vancouver, BC V6K 1R1",49.2682124,-123.166634,4.7,148.0,italian_restaurant,"italian_restaurant, restaurant, food, point_of_interest, establishment",https://www.napolipastastudio.com/,https://maps.google.com/?cid=5583239766455370935&g_mp=Cidnb29nbGUubWFwcy5wbGFjZXMudjEuUGxhY2VzLlNlYXJjaFRleHQQAhgEIAA,Italian restaurants in Kitsilano BC,2.0,$$,2
ChIJH96xDddzhlQR3ebVB93c-Jo,Mount Everest Kitchen & Bar,"2204 York Ave, Vancouver, BC V6K 3E6",49.2715562,-123.1554103,4.7,142.0,restaurant,"restaurant, food, point_of_interest, establishment",https://everestkitchenandbar.ca/,https://maps.google.com/?cid=11166918117942486749&g_mp=Cidnb29nbGUubWFwcy5wbGFjZXMudjEuUGxhY2VzLlNlYXJjaFRleHQQAhgEIAA,Indian restaurants in Kitsilano BC,2.0,$$,2
ChIJ3_vaZABxhlQR0HeLsN2Wmvk,Mercato di Luigi Chinatown,"213 E Georgia St, Vancouver, BC V6A 4J7",49.2787121,-123.0992481,4.7,137.0,italian_restaurant,"italian_restaurant, cafe, restaurant, food, point_of_interest, establishment",https://www.mercatodiluigi.com/,https://maps.google.com/?cid=17985853940751366096&g_mp=Cidnb29nbGUubWFwcy5wbGFjZXMudjEuUGxhY2VzLlNlYXJjaFRleHQQAhgEIAA,Italian restaurants in Downtown Vancouver BC,2.0,$$,2
ChIJ6bFODJtxhlQRnhdCDGpT-eU,Khoe,"1370A E Georgia St, Vancouver, BC V5L 2A8",49.2783076,-123.0756018,4.7,123.0,vegan_restaurant,"vegan_restaurant, vegetarian_restaurant, restaurant, food, point_of_interest, establishment",https://khoe-vietnamese.square.site/,https://maps.google.com/?cid=16571368018823747486&g_mp=Cidnb29nbGUubWFwcy5wbGFjZXMudjEuUGxhY2VzLlNlYXJjaFRleHQQAhgEIAA,Vegan restaurants in Commercial Drive BC,2.0,$$,2
ChIJ7WrLRy5zhlQRqIbWIHRIZjA,RongSi (rong-see) Thai Bar & Bistro,"2650 Main St, Vancouver, BC V5T 3E6",49.2613202,-123.1007896,4.7,116.0,thai_restaurant,"thai_restaurant, bar, restaurant, food, point_of_interest, establishment",http://www.rongsithaimill.com/,https://maps.google.com/?cid=3487554625049364136&g_mp=Cidnb29nbGUubWFwcy5wbGFjZXMudjEuUGxhY2VzLlNlYXJjaFRleHQQAhgEIAA,Thai restaurants in Yaletown BC,2.0,$$,2
ChIJLTQ2Odd3hlQRP2Li9RACTlw,Galbi Korean BBQ Gilmore Place,"4112 Lougheed Hwy. #150, Burnaby, BC V5C 6A8",49.2651085,-123.01385259999998,4.7,112.0,restaurant,"restaurant, food, point_of_interest, establishment",http://galbibbq.ca/,https://maps.google.com/?cid=6651255971540787775&g_mp=Cidnb29nbGUubWFwcy5wbGFjZXMudjEuUGxhY2VzLlNlYXJjaFRleHQQAhgEIAA,Korean restaurants in Burnaby BC,2.0,$$,2
ChIJd74TDktxhlQRUMab2ghvolw,Pho 37,"1818 Commercial Dr, Vancouver, BC V5N 4A5",49.2683613,-123.0692984,4.7,108.0,restaurant,"restaurant, food, point_of_interest, establishment",https://www.pho37.ca/,https://maps.google.com/?cid=6675019681534559824&g_mp=Cidnb29nbGUubWFwcy5wbGFjZXMudjEuUGxhY2VzLlNlYXJjaFRleHQQAhgEIAA,Vietnamese restaurants in Commercial Drive BC,2.0,$$,2
ChIJlS0EFABzhlQRcPpo9hBEy8U,Syu Kitsilano,"1508 Yew St, Vancouver, BC V6K 3E4",49.2723902,-123.1548512,4.7,107.0,sushi_restaurant,"sushi_restaurant, asian_restaurant, japanese_restaurant, restaurant, food, point_of_interest, establishment",https://www.instagram.com/syukitsilano?igsh=Nzh4NzBlM2JiMm90&utm_source=qr,https://maps.google.com/?cid=14252560285388307056&g_mp=Cidnb29nbGUubWFwcy5wbGFjZXMudjEuUGxhY2VzLlNlYXJjaFRleHQQAhgEIAA,Japanese restaurants in Kitsilano BC,2.0,$$,2
ChIJa5oFTT7hhVQRdMkWWMlEBFI,Raanthal,"11060 No 5 Rd Unit 150, Richmond, BC V7A 4E8",49.1326788,-123.091263,4.7,95.0,restaurant,"restaurant, food, point_of_interest, establishment",https://www.raanthal.com/,https://maps.google.com/?cid=5909924242573937012&g_mp=Cidnb29nbGUubWFwcy5wbGFjZXMudjEuUGxhY2VzLlNlYXJjaFRleHQQAhgEIAA,Indian restaurants in Richmond BC,2.0,$$,2
ChIJk-hx-rd3hlQRVZiqEHPrFwc,Diva's LatinMex Restaurant Ltd,"6289 Kingsway, Burnaby, BC V5J 0H4",49.2202007,-122.9724247,4.7,87.0,restaurant,"restaurant, food, point_of_interest, establishment",https://divaslatinmex.com/,https://maps.google.com/?cid=511135962163222613&g_mp=Cidnb29nbGUubWFwcy5wbGFjZXMudjEuUGxhY2VzLlNlYXJjaFRleHQQAhgEIAA,Mexican restaurants in Burnaby BC,2.0,$$,2
ChIJNZUqKg13hlQRG-RIiV7M39M,Viet Street Food Cafe,"2522 Kingsway, Vancouver, BC V5R 5H2",49.2397046,-123.0538486,4.7,86.0,restaurant,"restaurant, food, point_of_interest, establishment",https://online.skytab.com/56e36e7e25b2cb6fb50dafa8eedd32f2,https://maps.google.com/?cid=15267145968211518491&g_mp=Cidnb29nbGUubWFwcy5wbGFjZXMudjEuUGxhY2VzLlNlYXJjaFRleHQQAhgEIAA,Vietnamese restaurants in Mount Pleasant BC,2.0,$$,2
ChIJycZOojZxhlQRw2EvcfldwQA,Brazil Gourmet,"123 Carrie Cates Ct, North Vancouver, BC V7M 3K7",49.3100877,-123.0820137,4.7,85.0,brazilian_restaurant,"brazilian_restaurant, restaurant, food, point_of_interest, establishment",http://www.brazilgourmet.ca/,https://maps.google.com/?cid=54427996432327107&g_mp=Cidnb29nbGUubWFwcy5wbGFjZXMudjEuUGxhY2VzLlNlYXJjaFRleHQQAhgEIAA,Brazilian restaurants in Downtown Vancouver BC,2.0,$$,2
ChIJazL_Oh5xhlQRuugJ68g4BOM,MariFresh - Premium Kimbap & Korean Food,"1370a E Georgia St, Vancouver, BC V5L 2A8",49.2783076,-123.0756018,4.7,78.0,korean_restaurant,"korean_restaurant, vegan_restaurant, vegetarian_restaurant, meal_takeaway, restaurant, food, point_of_interest, establishment",https://www.marifresh.ca/,https://maps.google.com/?cid=16358262182104393914&g_mp=Cidnb29nbGUubWFwcy5wbGFjZXMudjEuUGxhY2VzLlNlYXJjaFRleHQQAhgEIAA,Korean restaurants in Mount Pleasant BC,2.0,$$,2
ChIJB49cCm1zhlQR_F0Mca6jz5w,Rajio Episode II 好日食堂,"3763 W 10th Ave, Vancouver, BC V6R 2G7",49.2636286,-123.1871308,4.7,66.0,japanese_restaurant,"japanese_restaurant, restaurant, food, point_of_interest, establishment",https://rajiopublichouse.com/,https://maps.google.com/?cid=11299429959712136700&g_mp=Cidnb29nbGUubWFwcy5wbGFjZXMudjEuUGxhY2VzLlNlYXJjaFRleHQQAhgEIAA,Japanese restaurants in Mount Pleasant BC,2.0,$$,2
ChIJ1V5DIQBzhlQRtoNde2sZHSY,OAKBERRY Açaí Bowls & Smoothies,"1834 W 4th Ave, Vancouver, BC V6J 1M3",49.2678911,-123.1465334,4.7,61.0,acai_shop,"acai_shop, brazilian_restaurant, restaurant, food, point_of_interest, establishment",https://www.oakberrycanada.ca/,https://maps.google.com/?cid=2746379297187791798&g_mp=Cidnb29nbGUubWFwcy5wbGFjZXMudjEuUGxhY2VzLlNlYXJjaFRleHQQAhgEIAA,Brazilian restaurants in Kitsilano BC,2.0,$$,2
ChIJdeMUeABzhlQR2VorQnUjnLs,KANGSAN Korean Restaurant,"3916 Main St, Vancouver, BC V5V 3P2",49.2500326,-123.1008391,4.7,51.0,korean_restaurant,"korean_restaurant, restaurant, food, point_of_interest, establishment",https://kangsankorean.ca/,https://maps.google.com/?cid=13518719167987669721&g_mp=Cidnb29nbGUubWFwcy5wbGFjZXMudjEuUGxhY2VzLlNlYXJjaFRleHQQAhgEIAA,Korean restaurants in Downtown Vancouver BC,2.0,$$,2
ChIJcdtw9F1xhlQRYFGrx97CKnA,Khao San Thai Street Food,"2062 Commercial Dr, Vancouver, BC V5N 4A9",49.266635,-123.0693948,4.7,51.0,restaurant,"restaurant, food, point_of_interest, establishment",,https://maps.google.com/?cid=8082486743358198112&g_mp=Cidnb29nbGUubWFwcy5wbGFjZXMudjEuUGxhY2VzLlNlYXJjaFRleHQQAhgEIAA,Thai restaurants in Commercial Drive BC,2.0,$$,2
ChIJ_09lVQBzhlQRRgbucO-ncy8,Vadapav Mirchi by Geeta,"2975 Cambie St., Vancouver, BC V5Z 2V7",49.2588727,-123.1152546,4.7,47.0,indian_restaurant,"indian_restaurant, restaurant, food, point_of_interest, establishment",https://vadapavmirchi.com/,https://maps.google.com/?cid=3419261188938008134&g_mp=Cidnb29nbGUubWFwcy5wbGFjZXMudjEuUGxhY2VzLlNlYXJjaFRleHQQAhgEIAA,Indian restaurants in Mount Pleasant BC,2.0,$$,2
ChIJwdfQtnBvhlQRdpY7jZgSJkg,VilleRia,"3195 Edgemont Blvd, North Vancouver, BC V7R 2N8",49.3383086,-123.1032501,4.7,46.0,dessert_shop,"dessert_shop, confectionery, food_store, store, food, point_of_interest, establishment",https://villeria.com/,https://maps.google.com/?cid=5198863266259637878&g_mp=Cidnb29nbGUubWFwcy5wbGFjZXMudjEuUGxhY2VzLlNlYXJjaFRleHQQAhgEIAA,Spanish restaurants in North Vancouver BC,2.0,$$,2
ChIJgfuXmItxhlQRwB3DLs5Z6oA,Stackhouse Steak Sandwich Gastown,"435 Abbott St, Vancouver, BC V6B 1G8",49.281638,-123.1075471,4.7,32.0,restaurant,"restaurant, food, point_of_interest, establishment",,https://maps.google.com/?cid=9289335923487743424&g_mp=Cidnb29nbGUubWFwcy5wbGFjZXMudjEuUGxhY2VzLlNlYXJjaFRleHQQAhgEIAA,French restaurants in Gastown BC,2.0,$$,2
ChIJ1-1znopxhlQRKx7OFFTQPPw,Seoul Bowl,"650 W Georgia St B23, Vancouver, BC V6B 4N8",49.28181190000001,-123.1177688,4.7,21.0,korean_restaurant,"korean_restaurant, restaurant, food, point_of_interest, establishment",https://www.seoulbowlbc.com/?utm_source=google&utm_medium=wix_google_business_profile&utm_campaign=4848763348195629678,https://maps.google.com/?cid=18175631255705361963&g_mp=Cidnb29nbGUubWFwcy5wbGFjZXMudjEuUGxhY2VzLlNlYXJjaFRleHQQAhgEIAA,Korean restaurants in Downtown Vancouver BC,2.0,$$,2
ChIJ184e4X5xhlQREgkeHvFAYwE,Glowbal,"590 W Georgia St, Vancouver, BC V6E 1A3",49.281531400000006,-123.1173984,4.6,9862.0,restaurant,"restaurant, wine_bar, seafood_restaurant, brunch_restaurant, lounge_bar, night_club, steak_house, bar, event_venue, food, point_of_interest, establishment",https://glowbalgroup.com/glowbal/,https://maps.google.com/?cid=99995021068863762&g_mp=Cidnb29nbGUubWFwcy5wbGFjZXMudjEuUGxhY2VzLlNlYXJjaFRleHQQAhgEIAA,Seafood restaurants in Downtown Vancouver BC,3.0,$$$,3
ChIJlyu4u4NxhlQRkUpN_iFwl8Q,Miku Vancouver,"200 Granville St #70, Vancouver, BC V6C 1S4",49.2870179,-123.1130106,4.6,8249.0,sushi_restaurant,"sushi_restaurant, japanese_restaurant, restaurant, food, point_of_interest, establishment",http://www.mikurestaurant.com/,https://maps.google.com/?cid=14165914444219894417&g_mp=Cidnb29nbGUubWFwcy5wbGFjZXMudjEuUGxhY2VzLlNlYXJjaFRleHQQAhgEIAA,Japanese restaurants in Downtown Vancouver BC,3.0,$$$,3
ChIJ84uJWdZzhlQRW_JFwEYZIgY,Earls Kitchen + Bar,"1095 Mainland St, Vancouver, BC V6B 5P9",49.275773,-123.12056199999998,4.6,7415.0,restaurant,"restaurant, brunch_restaurant, lounge_bar, night_club, bar, food, point_of_interest, establishment",https://www.earls.ca/locations/yaletown,https://maps.google.com/?cid=441943505099944539&g_mp=Cidnb29nbGUubWFwcy5wbGFjZXMudjEuUGxhY2VzLlNlYXJjaFRleHQQAhgEIAA,Caribbean restaurants in Yaletown BC,2.0,$$,2
ChIJOQXpDoZxhlQRwQ2A6Ulh9-w,Cardero's Restaurant,"1583 Coal Harbour Quay, Vancouver, BC V6G 3E7",49.2916101,-123.1274816,4.6,7110.0,seafood_restaurant,"seafood_restaurant, pub, bar, restaurant, food, point_of_interest, establishment",https://www.vancouverdine.com/carderos/,https://maps.google.com/?cid=17075223482276515265&g_mp=Cidnb29nbGUubWFwcy5wbGFjZXMudjEuUGxhY2VzLlNlYXJjaFRleHQQAhgEIAA,Seafood restaurants in Downtown Vancouver BC,3.0,$$$,3
ChIJ_cDEUoBxhlQRCIVLWrVfO0A,Coast,"1054 Alberni St, Vancouver, BC V6E 1A3",49.2847974,-123.1230401,4.6,6321.0,restaurant,"restaurant, fine_dining_restaurant, wine_bar, seafood_restaurant, lounge_bar, night_club, bar, food, point_of_interest, establishment",https://www.glowbalgroup.com/coast/,https://maps.google.com/?cid=4628398274561934600&g_mp=Cidnb29nbGUubWFwcy5wbGFjZXMudjEuUGxhY2VzLlNlYXJjaFRleHQQAhgEIAA,Seafood restaurants in Downtown Vancouver BC,3.0,$$$,3
ChIJU5anOIdxhlQRzh_jCzdGJ_8,Dae Bak Bon Ga,"1323 Robson St #201 Vancouver, BC V6E 1C6",49.2874054,-123.1288126,4.6,5678.0,korean_barbecue_restaurant,"korean_barbecue_restaurant, korean_restaurant, restaurant, food, point_of_interest, establishment",http://www.daebakbonga.com/,https://maps.google.com/?cid=18385741205999919054&g_mp=Cidnb29nbGUubWFwcy5wbGFjZXMudjEuUGxhY2VzLlNlYXJjaFRleHQQAhgEIAA,Korean restaurants in Downtown Vancouver BC,2.0,$$,2
ChIJtwgTP4dxhlQRo5wIHcln0es,Ramen Danbo Robson,"1333 Robson St, Vancouver, BC V6E 1C6",49.2874757,-123.1289899,4.6,5671.0,ramen_restaurant,"ramen_restaurant, meal_takeaway, japanese_restaurant, restaurant, food, point_of_interest, establishment",https://ramendanbo.com/,https://maps.google.com/?cid=16992476982518783139&g_mp=Cidnb29nbGUubWFwcy5wbGFjZXMudjEuUGxhY2VzLlNlYXJjaFRleHQQAhgEIAA,Japanese restaurants in West End BC,1.0,$,1
ChIJ71LS51dxhlQRfq2bLYvY8gY,Osteria Savio Volpe,"615 Kingsway, Vancouver, BC V5T 3K5",49.2574425,-123.0909434,4.6,3617.0,italian_restaurant,"italian_restaurant, restaurant, food, point_of_interest, establishment",http://www.saviovolpe.com/,https://maps.google.com/?cid=500700600868777342&g_mp=Cidnb29nbGUubWFwcy5wbGFjZXMudjEuUGxhY2VzLlNlYXJjaFRleHQQAhgEIAA,Italian restaurants in Mount Pleasant BC,3.0,$$$,3
ChIJD8uI0ZdzhlQRUC9Ws_gMy4k,Pür & Simple,"299 E 10th Ave, Vancouver, BC V5T 0H7",49.2621191,-123.0993066,4.6,3474.0,breakfast_restaurant,"breakfast_restaurant, restaurant, food, point_of_interest, establishment",https://pursimple.com/mount-pleasant/,https://maps.google.com/?cid=9929044065768582992&g_mp=Cidnb29nbGUubWFwcy5wbGFjZXMudjEuUGxhY2VzLlNlYXJjaFRleHQQAhgEIAA,Vegetarian restaurants in Mount Pleasant BC,2.0,$$,2
ChIJ88LyhPRzhlQR7fln-odwvJA,Tap & Barrel • Bridges,"1696 Duranleau St, Vancouver, BC V6H 3S4",49.2728058,-123.1363961,4.6,3340.0,restaurant,"restaurant, food, point_of_interest, establishment",https://tapandbarrel.com/,https://maps.google.com/?cid=10429334566407240173&g_mp=Cidnb29nbGUubWFwcy5wbGFjZXMudjEuUGxhY2VzLlNlYXJjaFRleHQQAhgEIAA,Seafood restaurants in Downtown Vancouver BC,2.0,$$,2
ChIJd4CF7SdyhlQRoqTdwPGmzJo,Kingyo Izakaya,"871 Denman St, Vancouver, BC V6G 2L9",49.2905642,-123.1370395,4.6,3318.0,japanese_izakaya_restaurant,"japanese_izakaya_restaurant, japanese_restaurant, restaurant, food, point_of_interest, establishment",https://kingyo-izakaya.ca/,https://maps.google.com/?cid=11154473934342956194&g_mp=Cidnb29nbGUubWFwcy5wbGFjZXMudjEuUGxhY2VzLlNlYXJjaFRleHQQAhgEIAA,Japanese restaurants in Downtown Vancouver BC,2.0,$$,2
ChIJhcHC8TBzhlQRPsVWKk8ZNJQ,Elisa,"1109 Hamilton St, Vancouver, BC V6B 5P6",49.275964300000005,-123.1214134,4.6,3219.0,restaurant,"restaurant, steak_house, oyster_bar_restaurant, wine_bar, seafood_restaurant, cocktail_bar, fine_dining_restaurant, bar, food, point_of_interest, establishment",https://elisasteak.com/?utm_source=GoogleBusinessProfile&utm_medium=Website&utm_campaign=MapLabs,https://maps.google.com/?cid=10679188444205729086&g_mp=Cidnb29nbGUubWFwcy5wbGFjZXMudjEuUGxhY2VzLlNlYXJjaFRleHQQAhgEIAA,Seafood restaurants in Yaletown BC,4.0,$$$$,4
ChIJe-XLV3FxhlQRp_RhBdLadTM,Ask For Luigi Restaurant,"305 Alexander St, Vancouver, BC V6A 1C4",49.284201,-123.0977241,4.6,3214.0,italian_restaurant,"italian_restaurant, restaurant, food, point_of_interest, establishment",http://www.askforluigi.com/,https://maps.google.com/?cid=3708110463777764519&g_mp=Cidnb29nbGUubWFwcy5wbGFjZXMudjEuUGxhY2VzLlNlYXJjaFRleHQQAhgEIAA,Italian restaurants in Downtown Vancouver BC,2.0,$$,2
ChIJSa1PpdVzhlQRmKSfG7q1eYQ,The Mexican Antojitos y Cantina,"1049 Granville St, Vancouver, BC V6Z 1L4",49.278782500000005,-123.1240162,4.6,2965.0,mexican_restaurant,"mexican_restaurant, bar, restaurant, food, point_of_interest, establishment",http://www.themexican.ca/,https://maps.google.com/?cid=9545860696120468632&g_mp=Cidnb29nbGUubWFwcy5wbGFjZXMudjEuUGxhY2VzLlNlYXJjaFRleHQQAhgEIAA,Mexican restaurants in Downtown Vancouver BC,2.0,$$,2
ChIJiSptaCtyhlQREIyTMg6n2XI,Gurkha Himalayan Kitchen,"1141 Davie St, Vancouver, BC V6E 1N2",49.2812222,-123.13205,4.6,2932.0,restaurant,"dumpling_restaurant, asian_restaurant, bar_and_grill, indian_restaurant, bar, restaurant, food, point_of_interest, service, establishment",https://www.gurkha.ca/,https://maps.google.com/?cid=8275829469689908240&g_mp=Cidnb29nbGUubWFwcy5wbGFjZXMudjEuUGxhY2VzLlNlYXJjaFRleHQQAhgEIAA,Indian restaurants in West End BC,2.0,$$,2
ChIJVVWBvj5xhlQR8xRxObDCGEw,Via Tevere Pizzeria Victoria Drive,"1190 Victoria Dr, Vancouver, BC V5L 4G5",49.2738959,-123.0654502,4.6,2577.0,pizza_restaurant,"pizza_restaurant, italian_restaurant, restaurant, food, point_of_interest, establishment",http://www.viateverepizzeria.com/,https://maps.google.com/?cid=5483346608457323763&g_mp=Cidnb29nbGUubWFwcy5wbGFjZXMudjEuUGxhY2VzLlNlYXJjaFRleHQQAhgEIAA,Italian restaurants in Commercial Drive BC,2.0,$$,2
ChIJBShI_ql1hlQRIZI7YnB2KGY,Daddy's Grill,"4020 No 5 Rd, Richmond, BC V6V 1G5",49.1843838,-123.0912469,4.6,2466.0,persian_restaurant,"persian_restaurant, pizza_restaurant, restaurant, food, point_of_interest, establishment",https://daddysgrillrichmond.com/?utm_source=google&utm_medium=maps&utm_campaign=website,https://maps.google.com/?cid=7361263815993561633&g_mp=Cidnb29nbGUubWFwcy5wbGFjZXMudjEuUGxhY2VzLlNlYXJjaFRleHQQAhgEIAA,Mediterranean restaurants in Richmond BC,1.0,$,1
ChIJq6reudd3hlQReZKZ57G15ms,Wild Thyme,"705 12th St, New Westminster, BC V3M 4J7",49.209186,-122.93227799999998,4.6,2415.0,lebanese_restaurant,"lebanese_restaurant, restaurant, food, point_of_interest, establishment",https://wildthymedining.com/,https://maps.google.com/?cid=7775101582401180281&g_mp=Cidnb29nbGUubWFwcy5wbGFjZXMudjEuUGxhY2VzLlNlYXJjaFRleHQQAhgEIAA,Lebanese restaurants in Richmond BC,1.0,$,1
ChIJ2Tlvd3BxhlQRXyY0-I5_a98,Chinatown BBQ,"130 E Pender St, Vancouver, BC V6A 1T3",49.2802924,-123.1014981,4.6,2322.0,cantonese_restaurant,"cantonese_restaurant, barbecue_restaurant, chinese_restaurant, restaurant, food, point_of_interest, establishment",http://chinatownbbq.com/,https://maps.google.com/?cid=16099101544992220767&g_mp=Cidnb29nbGUubWFwcy5wbGFjZXMudjEuUGxhY2VzLlNlYXJjaFRleHQQAhgEIAA,Chinese restaurants in Downtown Vancouver BC,2.0,$$,2
ChIJwfjJ0MdxhlQR7n2U3xYI-Jk,Mount Everest Kitchen & Grill,"538 Seymour St, Vancouver, BC V6B 3J5",49.2835226,-123.1143514,4.6,2270.0,restaurant,"bar_and_grill, tibetan_restaurant, indian_restaurant, fusion_restaurant, bar, restaurant, food, point_of_interest, establishment",https://everestkitchen.ca/,https://maps.google.com/?cid=11094626576360570350&g_mp=Cidnb29nbGUubWFwcy5wbGFjZXMudjEuUGxhY2VzLlNlYXJjaFRleHQQAhgEIAA,Indian restaurants in Downtown Vancouver BC,2.0,$$,2
ChIJ97WWP4ZzhlQRt_hXLx5oCEM,Vonns | Smash Burgers | Philly Cheesesteak | Hot Chicken | Birria Tacos,"1184 Denman St #104, Vancouver, BC V6M 2M9",49.2873418,-123.1414364,4.6,2264.0,restaurant,"restaurant, food, point_of_interest, establishment",http://vonns.ca/,https://maps.google.com/?cid=4830225079207458999&g_mp=Cidnb29nbGUubWFwcy5wbGFjZXMudjEuUGxhY2VzLlNlYXJjaFRleHQQAhgEIAA,Vegetarian restaurants in West End BC,2.0,$$,2
ChIJ_VkcSnhxhlQRMAb5btxBcNw,Brioche Ristorante & Wine Bar,"103 Columbia St, Vancouver, BC V6A 3Z8",49.2836471,-123.1023553,4.6,2126.0,italian_restaurant,"italian_restaurant, wine_bar, breakfast_restaurant, western_restaurant, meal_delivery, food_delivery, meal_takeaway, bar, cafe, restaurant, food, point_of_interest, establishment",https://www.brioche.ca/,https://maps.google.com/?cid=15884268300746163760&g_mp=Cidnb29nbGUubWFwcy5wbGFjZXMudjEuUGxhY2VzLlNlYXJjaFRleHQQAhgEIAA,Italian restaurants in Downtown Vancouver BC,2.0,$$,2
ChIJ7WzZ7IBxhlQRSVRBfdNFvfQ,CinCin Ristorante + Bar,"1154 Robson St, Vancouver, BC V6E 1B2",49.285261,-123.126139,4.6,2065.0,restaurant,"restaurant, fine_dining_restaurant, wine_bar, cocktail_bar, bar, food_store, italian_restaurant, store, food, point_of_interest, establishment",https://cincin.net/?utm_source=GoogleBusinessProfile&utm_medium=Website&utm_campaign=MapLabs,https://maps.google.com/?cid=17635328490494579785&g_mp=Cidnb29nbGUubWFwcy5wbGFjZXMudjEuUGxhY2VzLlNlYXJjaFRleHQQAhgEIAA,Italian restaurants in West End BC,3.0,$$$,3
ChIJy8cKC6RxhlQRjPD2cK7rDp8,Kook Korean BBQ Restaurant,"2800 E 1st Ave #211A, Vancouver, BC V5M 4N9",49.268772,-123.04585679999998,4.6,2061.0,korean_barbecue_restaurant,"korean_barbecue_restaurant, korean_restaurant, restaurant, food, point_of_interest, establishment",http://kookbbq.ca/,https://maps.google.com/?cid=11461357236156559500&g_mp=Cidnb29nbGUubWFwcy5wbGFjZXMudjEuUGxhY2VzLlNlYXJjaFRleHQQAhgEIAA,Korean restaurants in Mount Pleasant BC,2.0,$$,2
ChIJS1MJoNZzhlQRDDUvOzoHHZU,Jam Cafe Kitsilano,"2153 W 4th Ave, Vancouver, BC V6K 1N7",49.268274,-123.154001,4.6,2031.0,restaurant,"restaurant, food, point_of_interest, establishment",https://jamcafes.com/,https://maps.google.com/?cid=10744752232658318604&g_mp=Cidnb29nbGUubWFwcy5wbGFjZXMudjEuUGxhY2VzLlNlYXJjaFRleHQQAhgEIAA,Caribbean restaurants in Kitsilano BC,2.0,$$,2
ChIJZV-t8GVxhlQR_e49w10QaFQ,ZAATAR W ZEIT,"531 Granville St, Vancouver, BC V6C 1X6",49.2844749,-123.1157115,4.6,1990.0,restaurant,"restaurant, lebanese_restaurant, mediterranean_restaurant, food, point_of_interest, establishment",https://zaatar-w-zeit.square.site/,https://maps.google.com/?cid=6082129291657473789&g_mp=Cidnb29nbGUubWFwcy5wbGFjZXMudjEuUGxhY2VzLlNlYXJjaFRleHQQAhgEIAA,Mediterranean restaurants in Downtown Vancouver BC,2.0,$$,2
ChIJpS7peThwhlQR_iTxKbLEtHE,Mehman Restaurant,"1451 Lonsdale Ave, North Vancouver, BC V7M 2H9",49.3218005,-123.07262,4.6,1983.0,persian_restaurant,"persian_restaurant, restaurant, food, point_of_interest, establishment",http://www.mehmanrestaurant.ca/,https://maps.google.com/?cid=8193389891580667134&g_mp=Cidnb29nbGUubWFwcy5wbGFjZXMudjEuUGxhY2VzLlNlYXJjaFRleHQQAhgEIAA,Mediterranean restaurants in North Vancouver BC,1.0,$,1
ChIJJYVOCYNxhlQRrkWpvkO-Ao4,Botanist,"1038 Canada Pl, Vancouver, BC V6C 0B9",49.2882901,-123.116555,4.6,1918.0,restaurant,"restaurant, food, point_of_interest, establishment",https://www.botanistrestaurant.com/?utm_source=google+Maps&utm_medium=seo+maps&utm_campaign=seo+maps,https://maps.google.com/?cid=10232950501510038958&g_mp=Cidnb29nbGUubWFwcy5wbGFjZXMudjEuUGxhY2VzLlNlYXJjaFRleHQQAhgEIAA,Vegetarian restaurants in Downtown Vancouver BC,3.0,$$$,3
ChIJ5XQ7wkdwhlQRd7Qlci--yrg,Nando's PERi-PERi,"148 13th St E Unit CRU 11, North Vancouver, BC V7L 0C7",49.320222400000006,-123.0703861,4.6,1792.0,chicken_restaurant,"chicken_restaurant, chicken_wings_restaurant, portuguese_restaurant, restaurant, food, point_of_interest, establishment",https://www.nandos.ca/find/north-vancouver?utm_source=google&utm_medium=organic&utm_campaign=local&utm_content=north_vancouver,https://maps.google.com/?cid=13315664359262106743&g_mp=Cidnb29nbGUubWFwcy5wbGFjZXMudjEuUGxhY2VzLlNlYXJjaFRleHQQAhgEIAA,Peruvian restaurants in North Vancouver BC,2.0,$$,2
ChIJe-DX1j53hlQRVqHiNJBMrYU,JINYA Ramen Bar - Amazing Brentwood,"4567 Lougheed Hwy., Burnaby, BC V5C 3Z6",49.2673894,-123.0001717,4.6,1763.0,restaurant,"restaurant, asian_restaurant, ramen_restaurant, japanese_restaurant, food, point_of_interest, establishment",https://www.jinyaramenbar.com/locations/amazingbrentwood/,https://maps.google.com/?cid=9632439360261628246&g_mp=Cidnb29nbGUubWFwcy5wbGFjZXMudjEuUGxhY2VzLlNlYXJjaFRleHQQAhgEIAA,Vegetarian restaurants in Burnaby BC,2.0,$$,2
ChIJzUccx1dxhlQR9Ulx5uAnCN4,Les Faux Bourgeois,"663 E 15th Ave, Vancouver, BC V5T 2R6",49.2573042,-123.0896323,4.6,1747.0,french_restaurant,"french_restaurant, wine_bar, bistro, cocktail_bar, bar, restaurant, food, point_of_interest, establishment",http://www.lesfauxbourgeois.com/,https://maps.google.com/?cid=15999081523126028789&g_mp=Cidnb29nbGUubWFwcy5wbGFjZXMudjEuUGxhY2VzLlNlYXJjaFRleHQQAhgEIAA,French restaurants in Downtown Vancouver BC,3.0,$$$,3
ChIJ_8nOLhdxhlQRGl8tonRkLPY,The Greek Gastown,"221 Carrall St, Vancouver, BC V6B 4K7",49.283054,-123.1044495,4.6,1744.0,greek_restaurant,"greek_restaurant, restaurant, food, point_of_interest, establishment",https://thegreekbyanatoli.com/location-gastown/,https://maps.google.com/?cid=17738663484405407514&g_mp=Cidnb29nbGUubWFwcy5wbGFjZXMudjEuUGxhY2VzLlNlYXJjaFRleHQQAhgEIAA,Mediterranean restaurants in Gastown BC,2.0,$$,2
ChIJS2eOSehzhlQRoJY_8TtJdO0,Zab Bite - Thai E-Sarn Cuisine,"4197 Fraser St, Vancouver, BC V5V 4E9",49.2477705,-123.09048500000002,4.6,1743.0,restaurant,"restaurant, thai_restaurant, food, point_of_interest, establishment",http://www.zabbite.ca/menu,https://maps.google.com/?cid=17110381406086731424&g_mp=Cidnb29nbGUubWFwcy5wbGFjZXMudjEuUGxhY2VzLlNlYXJjaFRleHQQAhgEIAA,Thai restaurants in Mount Pleasant BC,2.0,$$,2
ChIJhbvdyX1xhlQRMIebjMPIEYI,Zarak by Afghan Kitchen,"2102 Main St, Vancouver, BC V5T 0K1",49.2662709,-123.1006184,4.6,1722.0,restaurant,"restaurant, brunch_restaurant, middle_eastern_restaurant, afghani_restaurant, cocktail_bar, bar, food, point_of_interest, establishment",http://zarakvancouver.com/,https://maps.google.com/?cid=9372493041737893680&g_mp=Cidnb29nbGUubWFwcy5wbGFjZXMudjEuUGxhY2VzLlNlYXJjaFRleHQQAhgEIAA,Turkish restaurants in Downtown Vancouver BC,2.0,$$,2
ChIJT7tponlxhlQRXg5AoyEz6lI,Meat & Bread,"370 Cambie St., Vancouver, BC V6B 1H5",49.2826195,-123.1093445,4.6,1700.0,sandwich_shop,"sandwich_shop, restaurant, food, point_of_interest, establishment",https://www.meatandbread.com/cambie,https://maps.google.com/?cid=5974644075226205790&g_mp=Cidnb29nbGUubWFwcy5wbGFjZXMudjEuUGxhY2VzLlNlYXJjaFRleHQQAhgEIAA,Caribbean restaurants in Gastown BC,1.0,$,1
ChIJuw05z_p1hlQRiXaT1TehoxY,Al Basha Original,"11700 Cambie Rd. #155, Richmond, BC V6X 1L5",49.1839895,-123.0936175,4.6,1689.0,halal_restaurant,"halal_restaurant, shawarma_restaurant, middle_eastern_restaurant, falafel_restaurant, restaurant, food, point_of_interest, establishment",https://albashaoriginal.ca/,https://maps.google.com/?cid=1631324751216735881&g_mp=Cidnb29nbGUubWFwcy5wbGFjZXMudjEuUGxhY2VzLlNlYXJjaFRleHQQAhgEIAA,Mediterranean restaurants in Richmond BC,2.0,$$,2
ChIJGzNQznBxhlQRUfJ4lO6Hwnc,Cuchillo,"261 Powell St, Vancouver, BC V6A 2Z1",49.2833199,-123.0981009,4.6,1677.0,latin_american_restaurant,"latin_american_restaurant, mexican_restaurant, restaurant, food, point_of_interest, establishment",http://www.cuchillo.ca/,https://maps.google.com/?cid=8629609294758212177&g_mp=Cidnb29nbGUubWFwcy5wbGFjZXMudjEuUGxhY2VzLlNlYXJjaFRleHQQAhgEIAA,Spanish restaurants in Downtown Vancouver BC,2.0,$$,2
ChIJV3TKkyFxhlQROWKHEU39DoM,Tamam: Fine Palestinian Cuisine,"2616 E Hastings St, Vancouver, BC V5K 0A4",49.28101,-123.05155080000002,4.6,1618.0,middle_eastern_restaurant,"middle_eastern_restaurant, mediterranean_restaurant, restaurant, food, point_of_interest, establishment",http://www.tamam.ca/,https://maps.google.com/?cid=9443763976090903097&g_mp=Cidnb29nbGUubWFwcy5wbGFjZXMudjEuUGxhY2VzLlNlYXJjaFRleHQQAhgEIAA,Lebanese restaurants in Commercial Drive BC,2.0,$$,2
ChIJu5VjR3pxhlQRSlOO8TYcE4Q,Keto Caveman Café,"508 Abbott St, Vancouver, BC V6B 6N9",49.2807571,-123.107399,4.6,1584.0,restaurant,"restaurant, cafe, food, point_of_interest, establishment",https://www.cavemancafe.ca/,https://maps.google.com/?cid=9516981459870438218&g_mp=Cidnb29nbGUubWFwcy5wbGFjZXMudjEuUGxhY2VzLlNlYXJjaFRleHQQAhgEIAA,Brazilian restaurants in Downtown Vancouver BC,1.0,$,1
ChIJ2wm71bVzhlQRYlQQjtt8p-I,Indian Oven,"2006 W 4th Ave, Vancouver, BC V6J 1M9",49.2678849,-123.1506642,4.6,1554.0,restaurant,"restaurant, indian_restaurant, food, point_of_interest, establishment",https://theindianoven.com/,https://maps.google.com/?cid=16332159856105509986&g_mp=Cidnb29nbGUubWFwcy5wbGFjZXMudjEuUGxhY2VzLlNlYXJjaFRleHQQAhgEIAA,Indian restaurants in Kitsilano BC,2.0,$$,2
ChIJl9_waXFxhlQRbBq6lKwoHic,St. Lawrence Restaurant,"269 Powell St, Vancouver, BC V6A 1G3",49.2833146,-123.0979889,4.6,1488.0,french_restaurant,"french_restaurant, restaurant, food, point_of_interest, establishment",http://www.stlawrencerestaurant.com/,https://maps.google.com/?cid=2818735138475219564&g_mp=Cidnb29nbGUubWFwcy5wbGFjZXMudjEuUGxhY2VzLlNlYXJjaFRleHQQAhgEIAA,French restaurants in Downtown Vancouver BC,3.0,$$$,3
ChIJVSOOhhxxhlQRhMw5pYnZh_s,The Red Accordion,"1616 Alberni St, Vancouver, BC V6G 2V5",49.2902311,-123.131793,4.6,1427.0,restaurant,"restaurant, brunch_restaurant, food, point_of_interest, establishment",http://theredaccordion.com/,https://maps.google.com/?cid=18124694410581625988&g_mp=Cidnb29nbGUubWFwcy5wbGFjZXMudjEuUGxhY2VzLlNlYXJjaFRleHQQAhgEIAA,Vegetarian restaurants in West End BC,2.0,$$,2
ChIJpfo-D8FxhlQRukneHiPAh7o,Tokyo In April,"526 Abbott St, Vancouver, BC V6B 6N7",49.2803961,-123.1074175,4.6,1425.0,japanese_restaurant,"japanese_restaurant, sushi_restaurant, restaurant, food, point_of_interest, establishment",https://www.tokyoinapril.com/,https://maps.google.com/?cid=13440922869984807354&g_mp=Cidnb29nbGUubWFwcy5wbGFjZXMudjEuUGxhY2VzLlNlYXJjaFRleHQQAhgEIAA,Japanese restaurants in Gastown BC,2.0,$$,2
ChIJnQBdDEdxhlQRDLbQZmhbIOU,LA GROTTA DEL FORMAGGIO,"1791 Commercial Dr, Vancouver, BC V5N 4A4",49.268864,-123.069849,4.6,1358.0,deli,"deli, sandwich_shop, grocery_store, food_store, gift_shop, store, restaurant, food, point_of_interest, service, establishment",http://www.lagrottadelformaggio.com/,https://maps.google.com/?cid=16510296737899918860&g_mp=Cidnb29nbGUubWFwcy5wbGFjZXMudjEuUGxhY2VzLlNlYXJjaFRleHQQAhgEIAA,Italian restaurants in Commercial Drive BC,2.0,$$,2
ChIJ261d35lxhlQRpUNKHs0jfYU,Pho Khanh Express (Beatty),"910 Beatty St, Vancouver, BC V6B 1M7",49.2762565,-123.11556449999998,4.6,1327.0,restaurant,"restaurant, food, point_of_interest, establishment",https://khanhexpress.ca/,https://maps.google.com/?cid=9618883743016698789&g_mp=Cidnb29nbGUubWFwcy5wbGFjZXMudjEuUGxhY2VzLlNlYXJjaFRleHQQAhgEIAA,Vietnamese restaurants in Downtown Vancouver BC,1.0,$,1
ChIJffOLmORzhlQRaWgo3PaVM40,Toshi Sushi,"181 E 16th Ave, Vancouver, BC V5T 4R2",49.2566985,-123.1018776,4.6,1263.0,sushi_restaurant,"sushi_restaurant, meal_takeaway, japanese_restaurant, restaurant, food, point_of_interest, establishment",https://m.facebook.com/Toshi-Sushi-133112986718262/,https://maps.google.com/?cid=10174640870648211561&g_mp=Cidnb29nbGUubWFwcy5wbGFjZXMudjEuUGxhY2VzLlNlYXJjaFRleHQQAhgEIAA,Japanese restaurants in Mount Pleasant BC,2.0,$$,2
ChIJIwVKs3dzhlQR5AYohNdEIuY,Blaze Gourmet Burgers,"43 E 5th Ave, Vancouver, BC V5T 1G7",49.2666437,-123.1037431,4.6,1261.0,hamburger_restaurant,"hamburger_restaurant, coffee_shop, brunch_restaurant, catering_service, food_delivery, fast_food_restaurant, cafe, food_store, meal_takeaway, store, american_restaurant, restaurant, food, point_of_interest, service, establishment",https://blazegourmetburgers.com/?utm_source=gmb-listing&utm_medium=organic&utm_campaign=gmb_profile,https://maps.google.com/?cid=16582892470357460708&g_mp=Cidnb29nbGUubWFwcy5wbGFjZXMudjEuUGxhY2VzLlNlYXJjaFRleHQQAhgEIAA,Caribbean restaurants in Mount Pleasant BC,2.0,$$,2
ChIJT1nDEj1xhlQRL7VuTAnsxeI,Superbaba (Vancouver),"2419 Main St, Vancouver, BC V5T 3E1",49.2633297,-123.1012681,4.6,1242.0,middle_eastern_restaurant,"middle_eastern_restaurant, restaurant, food, point_of_interest, establishment",http://eatsuperbaba.com/,https://maps.google.com/?cid=16340726347664897327&g_mp=Cidnb29nbGUubWFwcy5wbGFjZXMudjEuUGxhY2VzLlNlYXJjaFRleHQQAhgEIAA,Mediterranean restaurants in Mount Pleasant BC,1.0,$,1
ChIJV3wIQhdzhlQRdcH-pbJvclU,Bonta Italian Ristorante,"1047 Davie St, Vancouver, BC V6E 1M5",49.2800541,-123.1302963,4.6,1208.0,italian_restaurant,"italian_restaurant, breakfast_restaurant, brunch_restaurant, restaurant, food, point_of_interest, establishment",https://www.bontaitalian.ca/,https://maps.google.com/?cid=6157106453648687477&g_mp=Cidnb29nbGUubWFwcy5wbGFjZXMudjEuUGxhY2VzLlNlYXJjaFRleHQQAhgEIAA,Italian restaurants in Downtown Vancouver BC,2.0,$$,2
ChIJ-e72QAB1hlQRAjrYjpDFMDo,Hestia Kitchen + Bar,"4351 Number 3 Rd #160, Richmond, BC V6X 3A7",49.1824243,-123.1370753,4.6,1203.0,restaurant,"restaurant, cocktail_bar, bar, live_music_venue, event_venue, food, point_of_interest, establishment",https://www.hestiakitchenlab.ca/,https://maps.google.com/?cid=4193068477744429570&g_mp=Cidnb29nbGUubWFwcy5wbGFjZXMudjEuUGxhY2VzLlNlYXJjaFRleHQQAhgEIAA,Italian restaurants in Richmond BC,2.0,$$,2
ChIJW7ieZXBxhlQRN0Bx8VKwP5E,DD MAU Chinatown,"145 E Pender St, Vancouver, BC V6A 1T6",49.28051370000001,-123.1007843,4.6,1162.0,vietnamese_restaurant,"vietnamese_restaurant, restaurant, food, point_of_interest, establishment",http://ddmau.ca/,https://maps.google.com/?cid=10466277929316859959&g_mp=Cidnb29nbGUubWFwcy5wbGFjZXMudjEuUGxhY2VzLlNlYXJjaFRleHQQAhgEIAA,Vietnamese restaurants in Downtown Vancouver BC,2.0,$$,2
ChIJk7cGD9NzhlQRC7W5__vGJvk,Osaka Sushi,"1361 Burrard St, Vancouver, BC V6Z 1Z7",49.2776087,-123.1318865,4.6,1120.0,japanese_restaurant,"japanese_restaurant, asian_restaurant, sushi_restaurant, seafood_restaurant, restaurant, food, point_of_interest, establishment",http://burrardosakasushi.com/,https://maps.google.com/?cid=17953255750188512523&g_mp=Cidnb29nbGUubWFwcy5wbGFjZXMudjEuUGxhY2VzLlNlYXJjaFRleHQQAhgEIAA,Japanese restaurants in West End BC,1.0,$,1
ChIJ54NpIIhxhlQRhb2k3PoxCTo,Modern Handi Indian Cuisine,"827 Denman St, Vancouver, BC V6G 2L7",49.2910764,-123.13627249999998,4.6,1096.0,indian_restaurant,"indian_restaurant, restaurant, food, point_of_interest, establishment",http://www.modernhandi.com/,https://maps.google.com/?cid=4181928682503585157&g_mp=Cidnb29nbGUubWFwcy5wbGFjZXMudjEuUGxhY2VzLlNlYXJjaFRleHQQAhgEIAA,Indian restaurants in Downtown Vancouver BC,2.0,$$,2
ChIJy0-P0olzhlQRxSLsSsM-jCY,Union Latino's food,"1149 Granville St, Vancouver, BC V6Z 1M1",49.2777688,-123.1255616,4.6,1094.0,colombian_restaurant,"colombian_restaurant, night_club, restaurant, food, point_of_interest, establishment",https://www.unionlatinosrestaurant.com/,https://maps.google.com/?cid=2777664078677287621&g_mp=Cidnb29nbGUubWFwcy5wbGFjZXMudjEuUGxhY2VzLlNlYXJjaFRleHQQAhgEIAA,Spanish restaurants in Downtown Vancouver BC,2.0,$$,2
ChIJASS2MDFxhlQRsuXqqJ1aPsE,Siam Le Bien Thai Cuisine,"Siam Le Bien Thai Cuisine, 4217 Hastings St, Burnaby, BC V5C 2J5",49.2812836,-123.0107055,4.6,1079.0,thai_restaurant,"thai_restaurant, restaurant, food, point_of_interest, establishment",http://www.siamlebien.com/,https://maps.google.com/?cid=13924666731066484146&g_mp=Cidnb29nbGUubWFwcy5wbGFjZXMudjEuUGxhY2VzLlNlYXJjaFRleHQQAhgEIAA,Thai restaurants in Burnaby BC,2.0,$$,2
ChIJRSGG8IlxhlQR5Oy3sDHqs1A,Hariyali Express Indian Cuisine & Bar,"2066 Commercial Dr, Vancouver, BC V5N 4A9",49.2665264,-123.0694021,4.6,1035.0,indian_restaurant,"indian_restaurant, meal_takeaway, restaurant, food, point_of_interest, establishment",https://hariyaliexpress.com/,https://maps.google.com/?cid=5815249043004583140&g_mp=Cidnb29nbGUubWFwcy5wbGFjZXMudjEuUGxhY2VzLlNlYXJjaFRleHQQAhgEIAA,Indian restaurants in Gastown BC,2.0,$$,2
ChIJbdCxdKxzhlQRLyev2c0HL6A,Dovetail,"1079 Mainland St, Vancouver, BC V6B 5P9",49.2759801,-123.120331,4.6,1033.0,restaurant,"restaurant, food, point_of_interest, establishment",http://dovetailrestaurant.ca/,https://maps.google.com/?cid=11542452950675695407&g_mp=Cidnb29nbGUubWFwcy5wbGFjZXMudjEuUGxhY2VzLlNlYXJjaFRleHQQAhgEIAA,Italian restaurants in Yaletown BC,2.0,$$,2
ChIJYb-JEt93hlQRimWfUjiTY4Y,Zaaki Cuisine,"589 6th St, New Westminster, BC V3L 5V2",49.2130556,-122.92,4.6,1018.0,middle_eastern_restaurant,"middle_eastern_restaurant, mediterranean_restaurant, fast_food_restaurant, cafe, restaurant, food, point_of_interest, establishment",https://zaakicuisine.zomi.menu/,https://maps.google.com/?cid=9683745493890327946&g_mp=Cidnb29nbGUubWFwcy5wbGFjZXMudjEuUGxhY2VzLlNlYXJjaFRleHQQAhgEIAA,Mediterranean restaurants in Burnaby BC,1.0,$,1
ChIJTahV6NdxhlQRbgNjd8Ox0-s,Abadan Lounge,"1431 Marine Dr, North Vancouver, BC V7P 1T5",49.3233794,-123.1139212,4.6,955.0,restaurant,"restaurant, food, point_of_interest, establishment",https://www.abadan.ca/,https://maps.google.com/?cid=16993121272078730094&g_mp=Cidnb29nbGUubWFwcy5wbGFjZXMudjEuUGxhY2VzLlNlYXJjaFRleHQQAhgEIAA,Mediterranean restaurants in North Vancouver BC,2.0,$$,2
ChIJSbmhiuRzhlQR04kvchr9X_I,Bombay Kitchen and Bar - Denman St,"1061 Denman St, Vancouver, BC V6G 2M5",49.2886899,-123.1401114,4.6,946.0,indian_restaurant,"indian_restaurant, asian_restaurant, cocktail_bar, bar, restaurant, food, point_of_interest, establishment",https://bombaykitchenondenman.ca/,https://maps.google.com/?cid=17464956169992767955&g_mp=Cidnb29nbGUubWFwcy5wbGFjZXMudjEuUGxhY2VzLlNlYXJjaFRleHQQAhgEIAA,Indian restaurants in Downtown Vancouver BC,2.0,$$,2
ChIJk0S1IYhxhlQR6yPpAYongOQ,Simba's Grill,"3300 Boundary Rd, Burnaby, BC V5G 1G4",49.2545395,-123.0232611,4.6,881.0,restaurant,"restaurant, food, point_of_interest, establishment",http://www.simbasgrill.com/,https://maps.google.com/?cid=16465203711357559787&g_mp=Cidnb29nbGUubWFwcy5wbGFjZXMudjEuUGxhY2VzLlNlYXJjaFRleHQQAhgEIAA,Ethiopian restaurants in West End BC,2.0,$$,2
ChIJYYml2UhzhlQRvySF6IWg-4U,Casereccio Foods Coffee/Pasta Bar,"2480 Vine St, Vancouver, BC V6K 3K8",49.2642288,-123.1574853,4.6,865.0,italian_restaurant,"italian_restaurant, ice_cream_shop, dessert_shop, confectionery, bakery, cafe, wholesaler, grocery_store, food_store, store, restaurant, food, point_of_interest, establishment",https://www.caserecciofoods.com/,https://maps.google.com/?cid=9654486723190924479&g_mp=Cidnb29nbGUubWFwcy5wbGFjZXMudjEuUGxhY2VzLlNlYXJjaFRleHQQAhgEIAA,Italian restaurants in Kitsilano BC,2.0,$$,2
ChIJN0Vkvat2hlQRLXcNcR39sbw,Pink Peppercorn Seafood House,"1485 Kingsway, Vancouver, BC V5N 2R6",49.249391,-123.07363699999998,4.6,858.0,seafood_restaurant,"seafood_restaurant, fine_dining_restaurant, steak_house, french_restaurant, restaurant, food, point_of_interest, establishment",https://eddyspinkpeppercorn.ca/,https://maps.google.com/?cid=13596927052900824877&g_mp=Cidnb29nbGUubWFwcy5wbGFjZXMudjEuUGxhY2VzLlNlYXJjaFRleHQQAhgEIAA,Seafood restaurants in Commercial Drive BC,3.0,$$$,3
ChIJ3efTtO5zhlQRQIv3wHdHaiY,SUYO Modern Peruvian,"3475 Main St, Vancouver, BC V5V 3M9",49.2540235,-123.1010613,4.6,846.0,peruvian_restaurant,"peruvian_restaurant, fine_dining_restaurant, latin_american_restaurant, restaurant, food, point_of_interest, establishment",http://www.suyo.ca/,https://maps.google.com/?cid=2768103500636719936&g_mp=Cidnb29nbGUubWFwcy5wbGFjZXMudjEuUGxhY2VzLlNlYXJjaFRleHQQAhgEIAA,Peruvian restaurants in Downtown Vancouver BC,2.0,$$,2
ChIJieXo0D91hlQREZrCQAe1z48,Phở M&K Vietnamese House,"8191 Saba Rd #150, Richmond, BC V6Y 4C3",49.1689849,-123.1339627,4.6,835.0,vietnamese_restaurant,"vietnamese_restaurant, restaurant, food, point_of_interest, establishment",,https://maps.google.com/?cid=10362700310358694417&g_mp=Cidnb29nbGUubWFwcy5wbGFjZXMudjEuUGxhY2VzLlNlYXJjaFRleHQQAhgEIAA,Vietnamese restaurants in Richmond BC,1.0,$,1
ChIJ9ZQCacpzhlQRLx_Hge2HPaU,Oddfish Restaurant,"1889 W 1st Ave, Vancouver, BC V6J 5J1",49.2708198,-123.1477029,4.6,820.0,seafood_restaurant,"seafood_restaurant, restaurant, food, point_of_interest, establishment",http://www.oddfishrestaurant.com/,https://maps.google.com/?cid=11906822443991768879&g_mp=Cidnb29nbGUubWFwcy5wbGFjZXMudjEuUGxhY2VzLlNlYXJjaFRleHQQAhgEIAA,Seafood restaurants in Kitsilano BC,2.0,$$,2
ChIJdySln4twhlQR7OTYe5KFFRs,Tour De Feast,"319 Mountain Hwy, North Vancouver, BC V7J 2K7",49.307389,-123.03216999999998,4.6,786.0,french_restaurant,"french_restaurant, restaurant, food, point_of_interest, establishment",http://tourdefeast.com/,https://maps.google.com/?cid=1951612877724509420&g_mp=Cidnb29nbGUubWFwcy5wbGFjZXMudjEuUGxhY2VzLlNlYXJjaFRleHQQAhgEIAA,French restaurants in Richmond BC,2.0,$$,2
ChIJLSgkb8xzhlQRDhSc6jYLX34,Pho Mimosa,"1157 Granville St, Vancouver, BC V6Z 1M1",49.2776951,-123.1256749,4.6,774.0,vietnamese_restaurant,"vietnamese_restaurant, restaurant, food, point_of_interest, establishment",http://phomimosa.ca/,https://maps.google.com/?cid=9106009302058669070&g_mp=Cidnb29nbGUubWFwcy5wbGFjZXMudjEuUGxhY2VzLlNlYXJjaFRleHQQAhgEIAA,Vietnamese restaurants in Downtown Vancouver BC,1.0,$,1
ChIJcSlWY81xhlQRtBJb9FGq6PY,Orto Artisan Pasta,"1600 Mackay Rd, North Vancouver, BC V7P 2M4",49.323102,-123.101966,4.6,766.0,italian_restaurant,"italian_restaurant, restaurant, food, point_of_interest, establishment",http://www.ortoartisanpasta.com/,https://maps.google.com/?cid=17791657596895826612&g_mp=Cidnb29nbGUubWFwcy5wbGFjZXMudjEuUGxhY2VzLlNlYXJjaFRleHQQAhgEIAA,Italian restaurants in North Vancouver BC,2.0,$$,2
ChIJWWYp5cRxhlQR6xMiqQMC-_Y,The Gull Bar and Kitchen,"175 1st St E, North Vancouver, BC V7L 1B2",49.3105912,-123.0760173,4.6,763.0,restaurant,"restaurant, bar_and_grill, wine_bar, cocktail_bar, liquor_store, bar, meal_takeaway, store, food, point_of_interest, establishment",https://thegull.ca/,https://maps.google.com/?cid=17796820567230387179&g_mp=Cidnb29nbGUubWFwcy5wbGFjZXMudjEuUGxhY2VzLlNlYXJjaFRleHQQAhgEIAA,Vegetarian restaurants in North Vancouver BC,2.0,$$,2
ChIJu2sq3MdzhlQRP7DJ2Q8Odls,Café Salade de Fruits,"1545 W 7th Ave, Vancouver, BC V6J 1S2",49.2654832,-123.1399816,4.6,762.0,french_restaurant,"french_restaurant, restaurant, food, point_of_interest, establishment",https://www.cafesaladedefruits.ca/,https://maps.google.com/?cid=6590470565944471615&g_mp=Cidnb29nbGUubWFwcy5wbGFjZXMudjEuUGxhY2VzLlNlYXJjaFRleHQQAhgEIAA,French restaurants in Downtown Vancouver BC,2.0,$$,2
ChIJ6xnw1FF1hlQRXnx7vwD9q38,Longdhang Shanghai Cuisine,"8053 Alexandra Rd, Richmond, BC V6X 3A6",49.178616700000006,-123.1353208,4.6,745.0,chinese_restaurant,"chinese_restaurant, restaurant, food, point_of_interest, establishment",https://longdhang.zomi.menu/,https://maps.google.com/?cid=9199724843488738398&g_mp=Cidnb29nbGUubWFwcy5wbGFjZXMudjEuUGxhY2VzLlNlYXJjaFRleHQQAhgEIAA,Chinese restaurants in Richmond BC,2.0,$$,2
ChIJj_WQhaB1hlQRmwuSxq53iss,Good Nine Korean BBQ,"8291 Alexandra Rd #105, Richmond, BC V6X 3P3",49.1785472,-123.1318149,4.6,732.0,korean_barbecue_restaurant,"korean_barbecue_restaurant, korean_restaurant, restaurant, food, point_of_interest, establishment",http://www.goodninebbq.com/,https://maps.google.com/?cid=14666666729024916379&g_mp=Cidnb29nbGUubWFwcy5wbGFjZXMudjEuUGxhY2VzLlNlYXJjaFRleHQQAhgEIAA,Korean restaurants in Richmond BC,2.0,$$,2
ChIJAYnd32tzhlQR2Vso_pfwYiQ,The Cider House,"1602 Yew St, Vancouver, BC V6K 3E7",49.2715108,-123.1548246,4.6,708.0,bar,"bar, vegan_restaurant, vegetarian_restaurant, cocktail_bar, restaurant, food, point_of_interest, establishment",https://ciderhouserules.ca/,https://maps.google.com/?cid=2621922468677835737&g_mp=Cidnb29nbGUubWFwcy5wbGFjZXMudjEuUGxhY2VzLlNlYXJjaFRleHQQAhgEIAA,Vegetarian restaurants in Kitsilano BC,2.0,$$,2
ChIJwQLp3LZxhlQR2Jfp5jqmWt8,Pho 37,"1578 Robson St, Vancouver, BC V6G 1C2",49.2891641,-123.1321511,4.6,706.0,restaurant,"restaurant, asian_restaurant, food, point_of_interest, establishment",http://www.pho37.ca/,https://maps.google.com/?cid=16094358990274271192&g_mp=Cidnb29nbGUubWFwcy5wbGFjZXMudjEuUGxhY2VzLlNlYXJjaFRleHQQAhgEIAA,Vietnamese restaurants in Downtown Vancouver BC,1.0,$,1
ChIJBTNOts1zhlQRW8Rr2NGMk4o,Ignite Pizzeria Yaletown,"987 Mainland St, Vancouver, BC V6B 1T2",49.2772481,-123.1187385,4.6,701.0,restaurant,"restaurant, wine_bar, vegan_restaurant, pizza_delivery, beer_garden, vegetarian_restaurant, pizza_restaurant, meal_delivery, food_delivery, meal_takeaway, bar, italian_restaurant, food, point_of_interest, establishment",https://ignitepizzeria.com/,https://maps.google.com/?cid=9985479631717516379&g_mp=Cidnb29nbGUubWFwcy5wbGFjZXMudjEuUGxhY2VzLlNlYXJjaFRleHQQAhgEIAA,Vegetarian restaurants in Yaletown BC,2.0,$$,2
ChIJNWm91udxhlQRv_cFcXKSgDk,Bar Corso,"1566 Commercial Dr, Vancouver, BC V5L 3Y2",49.2707543,-123.069445,4.6,700.0,italian_restaurant,"italian_restaurant, wine_bar, cocktail_bar, bar, restaurant, food, point_of_interest, establishment",http://www.barcorso.ca/,https://maps.google.com/?cid=4143472677400999871&g_mp=Cidnb29nbGUubWFwcy5wbGFjZXMudjEuUGxhY2VzLlNlYXJjaFRleHQQAhgEIAA,Italian restaurants in Commercial Drive BC,2.0,$$,2
ChIJ3R9itno9sYkRO9xghvFiVgo,Rio Brazil Steakhouse,"10412 Washington Hwy, Glen Allen, VA 23059, USA",37.6944973,-77.4625196,4.6,699.0,restaurant,"restaurant, food, point_of_interest, establishment",https://www.riobrazilsteakhouse.com/,https://maps.google.com/?cid=744891577857530939&g_mp=Cidnb29nbGUubWFwcy5wbGFjZXMudjEuUGxhY2VzLlNlYXJjaFRleHQQAhgEIAA,Brazilian restaurants in Richmond BC,2.0,$$,2
ChIJxxoMHmJzhlQRaACSINH-s0o,Zab Zaab Thai Cuisine,"1211 Hamilton St, Vancouver, BC V6B 6K5",49.2748699,-123.1230725,4.6,687.0,thai_restaurant,"thai_restaurant, restaurant, food, point_of_interest, establishment",http://www.zabzaabthai.com/,https://maps.google.com/?cid=5382926153785933928&g_mp=Cidnb29nbGUubWFwcy5wbGFjZXMudjEuUGxhY2VzLlNlYXJjaFRleHQQAhgEIAA,Thai restaurants in Downtown Vancouver BC,2.0,$$,2
ChIJn5Yk8Pp5hlQRjIBc1qzTmDs,Float 30,"Reed Point Way, Port Moody, BC V3H 1V6",49.2914914,-122.88169080000002,4.6,675.0,restaurant,"restaurant, food, point_of_interest, establishment",https://www.float30restaurant.com/,https://maps.google.com/?cid=4294414983981990028&g_mp=Cidnb29nbGUubWFwcy5wbGFjZXMudjEuUGxhY2VzLlNlYXJjaFRleHQQAhgEIAA,Seafood restaurants in Burnaby BC,2.0,$$,2
ChIJM8nta4JxhlQRcvV0ea22GUk,Lavantine Restaurant & Skybar,"833 W Pender St, Vancouver, BC V6C 3B2",49.2857792,-123.1163804,4.6,667.0,restaurant,"restaurant, food, point_of_interest, establishment",https://lavantine.ca/,https://maps.google.com/?cid=5267442095369811314&g_mp=Cidnb29nbGUubWFwcy5wbGFjZXMudjEuUGxhY2VzLlNlYXJjaFRleHQQAhgEIAA,Mediterranean restaurants in Downtown Vancouver BC,2.0,$$,2
ChIJdUCrDlhzhlQRVoed5vCF3X0,The Golden Horn Turkish Bakery & Cafe,"2857 Cambie St., Vancouver, BC V5Z 3Y8",49.2598107,-123.1152833,4.6,662.0,bakery,"bakery, halal_restaurant, coffee_shop, cafe, food_store, store, restaurant, food, point_of_interest, establishment",https://www.thegoldenhorn.ca/,https://maps.google.com/?cid=9069552494301775702&g_mp=Cidnb29nbGUubWFwcy5wbGFjZXMudjEuUGxhY2VzLlNlYXJjaFRleHQQAhgEIAA,Turkish restaurants in Downtown Vancouver BC,2.0,$$,2
ChIJtRJImhlxhlQRPexwQf8v5kM,La Playita Seafood,"360 Cambie St., Vancouver, BC V6B 1G8",49.2826512,-123.1093483,4.6,650.0,restaurant,"restaurant, food, point_of_interest, establishment",,https://maps.google.com/?cid=4892650818545708093&g_mp=Cidnb29nbGUubWFwcy5wbGFjZXMudjEuUGxhY2VzLlNlYXJjaFRleHQQAhgEIAA,Seafood restaurants in Downtown Vancouver BC,2.0,$$,2
ChIJKXQKohNxhlQRDbphqKoybUE,Axum Restaurant,"1279 E Hastings St, Vancouver, BC V6A 0G8",49.2814772,-123.07776079999998,4.6,648.0,ethiopian_restaurant,"ethiopian_restaurant, restaurant, food, point_of_interest, establishment",http://axumrestaurant.ca/,https://maps.google.com/?cid=4714480093477583373&g_mp=Cidnb29nbGUubWFwcy5wbGFjZXMudjEuUGxhY2VzLlNlYXJjaFRleHQQAhgEIAA,Ethiopian restaurants in Downtown Vancouver BC,1.0,$,1
ChIJG8ff4B1zhlQRQrfFrqiOlWA,Unchai Restaurant,"2351 Burrard St, Vancouver, BC V6J 3J2",49.2650163,-123.1459855,4.6,643.0,thai_restaurant,"thai_restaurant, restaurant, food, point_of_interest, establishment",http://www.unchai.ca/,https://maps.google.com/?cid=6959625654308812610&g_mp=Cidnb29nbGUubWFwcy5wbGFjZXMudjEuUGxhY2VzLlNlYXJjaFRleHQQAhgEIAA,Thai restaurants in Downtown Vancouver BC,2.0,$$,2
ChIJgelWOTd1hlQRWxtvrnpy1P4,Vegan Fried Chickun,"5932 Fraser St, Vancouver, BC V5W 2Z7",49.230625800000006,-123.0904528,4.6,642.0,vegetarian_restaurant,"vegetarian_restaurant, restaurant, food, point_of_interest, establishment",http://www.veganfriedchickun.com/,https://maps.google.com/?cid=18362427451934448475&g_mp=Cidnb29nbGUubWFwcy5wbGFjZXMudjEuUGxhY2VzLlNlYXJjaFRleHQQAhgEIAA,Vegan restaurants in Richmond BC,1.0,$,1
ChIJn9FuS6pxhlQR39FNX2yee2o,Caffè La Tana,"635 Commercial Dr, Vancouver, BC V5L 3W3",49.2787824,-123.07061899999998,4.6,618.0,cafe,"cafe, food, point_of_interest, establishment",http://www.caffelatana.ca/,https://maps.google.com/?cid=7672900578448363999&g_mp=Cidnb29nbGUubWFwcy5wbGFjZXMudjEuUGxhY2VzLlNlYXJjaFRleHQQAhgEIAA,Italian restaurants in Commercial Drive BC,2.0,$$,2
ChIJm180jNNzhlQRnj5fWvNNLdw,"Sombreros, Mexican Products & Kitchen","1151 Homer St, Vancouver, BC V6B 5T5",49.2757569,-123.1229377,4.6,606.0,mexican_restaurant,"mexican_restaurant, meal_takeaway, grocery_store, food_store, store, restaurant, food, point_of_interest, establishment",http://www.sombreros.ca/,https://maps.google.com/?cid=15865422769884708510&g_mp=Cidnb29nbGUubWFwcy5wbGFjZXMudjEuUGxhY2VzLlNlYXJjaFRleHQQAhgEIAA,Mexican restaurants in Yaletown BC,1.0,$,1
ChIJHUM6fBlxhlQR7LiA8xVTvgQ,Pho Dundas,"2077 Dundas St, Vancouver, BC V5L 1J5",49.285016,-123.0623472,4.6,601.0,vietnamese_restaurant,"vietnamese_restaurant, restaurant, food, point_of_interest, establishment",http://eatdundas.com/,https://maps.google.com/?cid=341801975471454444&g_mp=Cidnb29nbGUubWFwcy5wbGFjZXMudjEuUGxhY2VzLlNlYXJjaFRleHQQAhgEIAA,Vietnamese restaurants in Commercial Drive BC,1.0,$,1
ChIJuX3rHYhzhlQRXOCr0f83aTs,Fat Mao Noodles Downtown,"983 Helmcken St, Vancouver, BC V6Z 2S5",49.2798213,-123.1267996,4.6,600.0,noodle_shop,"noodle_shop, restaurant, food, point_of_interest, establishment",http://fatmaonoodles.com/,https://maps.google.com/?cid=4281014492666257500&g_mp=Cidnb29nbGUubWFwcy5wbGFjZXMudjEuUGxhY2VzLlNlYXJjaFRleHQQAhgEIAA,Thai restaurants in Downtown Vancouver BC,2.0,$$,2
ChIJG8_wk4dxhlQRM-VxydVoPp0,Magari by Oca,"1260 Commercial Dr, Vancouver, BC V5L 3X4",49.27338,-123.0693298,4.6,589.0,italian_restaurant,"italian_restaurant, restaurant, food, point_of_interest, establishment",,https://maps.google.com/?cid=11330608979927754035&g_mp=Cidnb29nbGUubWFwcy5wbGFjZXMudjEuUGxhY2VzLlNlYXJjaFRleHQQAhgEIAA,Italian restaurants in Commercial Drive BC,2.0,$$,2
ChIJpa-o9c93hlQRi0buoxC5o_c,Porker Face (Korean Pork Belly),"4455 Lougheed Hwy., Burnaby, BC V5C 3Z2",49.2667274,-123.00475120000002,4.6,583.0,korean_barbecue_restaurant,"korean_barbecue_restaurant, korean_restaurant, restaurant, food, point_of_interest, establishment",https://crbac3217.github.io/Pf/,https://maps.google.com/?cid=17844309629692954251&g_mp=Cidnb29nbGUubWFwcy5wbGFjZXMudjEuUGxhY2VzLlNlYXJjaFRleHQQAhgEIAA,Korean restaurants in Burnaby BC,2.0,$$,2
ChIJ88rLYsVxhlQRg_XFO95zeTs,bb.q Chicken Hastings,"4016 Hastings St, Burnaby, BC V5C 2H9",49.2809265,-123.0156895,4.6,543.0,korean_restaurant,"korean_restaurant, chicken_wings_restaurant, chicken_restaurant, pub, meal_takeaway, bar, restaurant, food, point_of_interest, establishment",https://bbqchickenca.com/,https://maps.google.com/?cid=4285583918742500739&g_mp=Cidnb29nbGUubWFwcy5wbGFjZXMudjEuUGxhY2VzLlNlYXJjaFRleHQQAhgEIAA,Caribbean restaurants in Burnaby BC,2.0,$$,2
ChIJcY0LOxZxhlQRNpYMApVWzKs,Steamworks North Shore,"114 21st St E, North Vancouver, BC V7M 0J2",49.3285289,-123.0714068,4.6,540.0,restaurant,"restaurant, food, point_of_interest, establishment",https://steamworks.com/,https://maps.google.com/?cid=12379364673719146038&g_mp=Cidnb29nbGUubWFwcy5wbGFjZXMudjEuUGxhY2VzLlNlYXJjaFRleHQQAhgEIAA,Caribbean restaurants in North Vancouver BC,2.0,$$,2
ChIJx_0x8bVwhlQR40R-5DXGHlo,Pho Mr. Do,"4532 Hastings St, Burnaby, BC V5C 2K4",49.2807997,-123.0018142,4.6,535.0,restaurant,"restaurant, food, point_of_interest, establishment",https://www.mrdopho.com/,https://maps.google.com/?cid=6493845647483880675&g_mp=Cidnb29nbGUubWFwcy5wbGFjZXMudjEuUGxhY2VzLlNlYXJjaFRleHQQAhgEIAA,Vietnamese restaurants in Burnaby BC,2.0,$$,2
ChIJh8zhjL5zhlQReSrNk9mFm1Y,Mainichi Sushi,"3667 W Broadway, Vancouver, BC V6R 2B8",49.26458,-123.1852559,4.6,531.0,japanese_restaurant,"japanese_restaurant, restaurant, food, point_of_interest, establishment",https://mainichisushi.ca/,https://maps.google.com/?cid=6240728878186048121&g_mp=Cidnb29nbGUubWFwcy5wbGFjZXMudjEuUGxhY2VzLlNlYXJjaFRleHQQAhgEIAA,Japanese restaurants in Kitsilano BC,2.0,$$,2
ChIJ-YsnhrNzhlQRWfQuKqMzF4w,Simit Bakery Cafe,"2268 W 4th Ave, Vancouver, BC V6K 1N8",49.268018000000005,-123.1567158,4.6,530.0,restaurant,"restaurant, breakfast_restaurant, cafe, food, point_of_interest, establishment",https://www.simitkitsilano.com/,https://maps.google.com/?cid=10094593865654662233&g_mp=Cidnb29nbGUubWFwcy5wbGFjZXMudjEuUGxhY2VzLlNlYXJjaFRleHQQAhgEIAA,Turkish restaurants in Downtown Vancouver BC,2.0,$$,2
ChIJ34VbDlZyhlQRQ9iaa47Y7rI,La Quercia & L'Ufficio,"3689 W 4th Ave, Vancouver, BC V6R 1P2",49.2687435,-123.1854349,4.6,501.0,italian_restaurant,"italian_restaurant, restaurant, food, point_of_interest, establishment",http://laquercia.ca/,https://maps.google.com/?cid=12893480889410574403&g_mp=Cidnb29nbGUubWFwcy5wbGFjZXMudjEuUGxhY2VzLlNlYXJjaFRleHQQAhgEIAA,Italian restaurants in Kitsilano BC,3.0,$$$,3
ChIJIfA0NPFxhlQRfBlNaBdkSD4,SOCRATES in the Heights,"4651 Hastings St, Burnaby, BC V5C 2K6",49.2811431,-122.9983632,4.6,495.0,meal_takeaway,"meal_takeaway, restaurant, food, point_of_interest, service, establishment",http://socratesintheheights.ca/,https://maps.google.com/?cid=4487947080371607932&g_mp=Cidnb29nbGUubWFwcy5wbGFjZXMudjEuUGxhY2VzLlNlYXJjaFRleHQQAhgEIAA,Mediterranean restaurants in Burnaby BC,2.0,$$,2
ChIJBTVJHWl1hlQR5dODr7f2Rto,Jack's Fish & Chips Fraser (Formerly Jack's Chowder),"5772 Fraser St, Vancouver, BC V5W 2Z5",49.2321586,-123.0903754,4.6,489.0,seafood_restaurant,"seafood_restaurant, restaurant, food, point_of_interest, establishment",https://jacksfishandchips.ca/,https://maps.google.com/?cid=15728530017422136293&g_mp=Cidnb29nbGUubWFwcy5wbGFjZXMudjEuUGxhY2VzLlNlYXJjaFRleHQQAhgEIAA,Seafood restaurants in Mount Pleasant BC,2.0,$$,2
ChIJg2CDD-hzhlQR6RfTpau_YYw,Folke,"2585 W Broadway, Vancouver, BC V6K 2E9",49.2641886,-123.1644676,4.6,487.0,vegan_restaurant,"vegan_restaurant, vegetarian_restaurant, restaurant, food, point_of_interest, establishment",https://www.folkerestaurant.com/,https://maps.google.com/?cid=10115576981993232361&g_mp=Cidnb29nbGUubWFwcy5wbGFjZXMudjEuUGxhY2VzLlNlYXJjaFRleHQQAhgEIAA,Vegan restaurants in Yaletown BC,2.0,$$,2
ChIJ79MWkpxxhlQRvkJLkRIt0yU,Nook Coal Harbour,"1155 Melville St, Vancouver, BC V6E 0A3",49.2874388,-123.1231932,4.6,482.0,restaurant,"restaurant, food, point_of_interest, establishment",https://nookrestaurants.com/,https://maps.google.com/?cid=2725571757259571902&g_mp=Cidnb29nbGUubWFwcy5wbGFjZXMudjEuUGxhY2VzLlNlYXJjaFRleHQQAhgEIAA,Turkish restaurants in Kitsilano BC,2.0,$$,2
ChIJQVGC2vZ3hlQRqpQJJdGrXGs,Nam Vegan Express,"8681 10th Ave, Burnaby, BC V3N 2S9",49.2308056,-122.90651669999998,4.6,482.0,vietnamese_restaurant,"vietnamese_restaurant, vegan_restaurant, vegetarian_restaurant, fast_food_restaurant, restaurant, food, point_of_interest, establishment",http://www.namvegan.com/,https://maps.google.com/?cid=7736247174673568938&g_mp=Cidnb29nbGUubWFwcy5wbGFjZXMudjEuUGxhY2VzLlNlYXJjaFRleHQQAhgEIAA,Vegetarian restaurants in Burnaby BC,1.0,$,1
ChIJs8odtYB3hlQRjyjx0fHSqzU,OLOVE GREEK KITCHEN,"5931 Hastings St, Burnaby, BC V5B 1R7",49.2805445,-122.9779241,4.6,467.0,restaurant,"restaurant, food, point_of_interest, establishment",http://olovegreek.ca/,https://maps.google.com/?cid=3867416641078896783&g_mp=Cidnb29nbGUubWFwcy5wbGFjZXMudjEuUGxhY2VzLlNlYXJjaFRleHQQAhgEIAA,Mediterranean restaurants in Burnaby BC,2.0,$$,2
ChIJv7cdIARvhlQRtp7LlI9KKYg,Hello Nori - Park Royal,"731 Main St #140, West Vancouver, BC V7T 0A5",49.3265143,-123.1373213,4.6,453.0,japanese_restaurant,"japanese_restaurant, sushi_restaurant, meal_takeaway, bar, restaurant, food, point_of_interest, establishment",https://www.hellonori.com/parkroyal,https://maps.google.com/?cid=9811455243740487350&g_mp=Cidnb29nbGUubWFwcy5wbGFjZXMudjEuUGxhY2VzLlNlYXJjaFRleHQQAhgEIAA,Japanese restaurants in North Vancouver BC,2.0,$$,2
ChIJaYPPJ4BxhlQRQH2QLyfcDDw,Merci Beaucoup Cafe,"1468 Commercial Dr, Vancouver, BC V5L 3X9",49.271535,-123.069451,4.6,445.0,vietnamese_restaurant,"vietnamese_restaurant, restaurant, food, point_of_interest, establishment",http://mercibeaucoupcafe.com/,https://maps.google.com/?cid=4327075402856037696&g_mp=Cidnb29nbGUubWFwcy5wbGFjZXMudjEuUGxhY2VzLlNlYXJjaFRleHQQAhgEIAA,Vietnamese restaurants in Commercial Drive BC,1.0,$,1
ChIJv-486r1zhlQRCUE79RGXqm8,Alchemy Bar and Kitchen,"1269 Hamilton St, Vancouver, BC V6B 1E2",49.2742474,-123.1239675,4.6,438.0,bar_and_grill,"bar_and_grill, bar, restaurant, food, point_of_interest, establishment",http://www.alchemybar-kitchen.ca/,https://maps.google.com/?cid=8046409787635351817&g_mp=Cidnb29nbGUubWFwcy5wbGFjZXMudjEuUGxhY2VzLlNlYXJjaFRleHQQAhgEIAA,Mediterranean restaurants in Yaletown BC,2.0,$$,2
ChIJw8AL88hzhlQR0C9tulgsE7A,BangKoK Bistro,"1193 Davie St, Vancouver, BC V6E 1N2",49.2817278,-123.1330676,4.6,423.0,restaurant,"restaurant, food, point_of_interest, establishment",https://bangkokbistro.zomi.menu/,https://maps.google.com/?cid=12687533334829281232&g_mp=Cidnb29nbGUubWFwcy5wbGFjZXMudjEuUGxhY2VzLlNlYXJjaFRleHQQAhgEIAA,Thai restaurants in Downtown Vancouver BC,2.0,$$,2
ChIJi8ulMQB3hlQRMuDj-bWc0jk,O Yes Kebab,"4949 Kingsway, Burnaby, BC V5H 2E5",49.2266169,-122.99320480000002,4.6,423.0,kebab_shop,"kebab_shop, turkish_restaurant, restaurant, food, point_of_interest, establishment",https://oyeskebab.zomi.menu/,https://maps.google.com/?cid=4166564910666604594&g_mp=Cidnb29nbGUubWFwcy5wbGFjZXMudjEuUGxhY2VzLlNlYXJjaFRleHQQAhgEIAA,Turkish restaurants in Richmond BC,2.0,$$,2
ChIJqwhNSMF3hlQRiswagagGOIA,Collective Goods,"3532 Commercial St, Vancouver, BC V5N 4E9",49.2531475,-123.067722,4.6,415.0,restaurant,"restaurant, food, point_of_interest, establishment",https://www.collectivegoods.ca/,https://maps.google.com/?cid=9239141956340862090&g_mp=Cidnb29nbGUubWFwcy5wbGFjZXMudjEuUGxhY2VzLlNlYXJjaFRleHQQAhgEIAA,French restaurants in Mount Pleasant BC,2.0,$$,2
ChIJ7zncWnJ3hlQRAOoNgJG_LXY,A Kabul Shawarma Donair,"7339 Edmonds St, Burnaby, BC V3N 1A7",49.2190856,-122.9506456,4.6,412.0,shawarma_restaurant,"shawarma_restaurant, afghani_restaurant, middle_eastern_restaurant, cafe, halal_restaurant, meal_takeaway, restaurant, food, point_of_interest, establishment",https://akabulshawarmadonair.zomi.menu/,https://maps.google.com/?cid=8515673102067034624&g_mp=Cidnb29nbGUubWFwcy5wbGFjZXMudjEuUGxhY2VzLlNlYXJjaFRleHQQAhgEIAA,Lebanese restaurants in Burnaby BC,1.0,$,1
ChIJh9H7QoZzhlQRXBs6VrXS3pc,Chez nous Bakery & Coffee,"1262 Homer St, Vancouver, BC V6B 2Y5",49.2744696,-123.123993,4.6,397.0,bakery,"bakery, pastry_shop, dessert_restaurant, buffet_restaurant, coffee_shop, brunch_restaurant, dessert_shop, tea_house, confectionery, cafe, food_store, store, restaurant, food, point_of_interest, establishment",http://cheznousbakery.com/,https://maps.google.com/?cid=10943415820834446172&g_mp=Cidnb29nbGUubWFwcy5wbGFjZXMudjEuUGxhY2VzLlNlYXJjaFRleHQQAhgEIAA,French restaurants in Yaletown BC,2.0,$$,2
ChIJefGgqXBxhlQRSSUsWo0mUqE,Di Beppe Caffè,"2 W Cordova St, Vancouver, BC V6B 1C9",49.2823405,-123.10451429999998,4.6,392.0,cafe,"cafe, italian_restaurant, restaurant, food, point_of_interest, establishment",http://www.caffedibeppe.com/,https://maps.google.com/?cid=11624395976741758281&g_mp=Cidnb29nbGUubWFwcy5wbGFjZXMudjEuUGxhY2VzLlNlYXJjaFRleHQQAhgEIAA,Italian restaurants in Gastown BC,2.0,$$,2
ChIJ-87fSS5zhlQRvumPusLGY6M,Don at Kitsilano,"2186 W 4th Ave, Vancouver, BC V6K 4S2",49.2680248,-123.1545255,4.6,389.0,restaurant,"restaurant, fine_dining_restaurant, asian_fusion_restaurant, asian_restaurant, fusion_restaurant, food, point_of_interest, establishment",https://www.eatdon.com/,https://maps.google.com/?cid=11773472390532557246&g_mp=Cidnb29nbGUubWFwcy5wbGFjZXMudjEuUGxhY2VzLlNlYXJjaFRleHQQAhgEIAA,Japanese restaurants in Kitsilano BC,2.0,$$,2
ChIJ8_6iRABzhlQRIyYEw6JqU6g,RAY'S,"1131 Mainland St, Vancouver, BC V6B 6C5",49.2752808,-123.1214294,4.6,381.0,restaurant,"restaurant, food, point_of_interest, establishment",https://raysrestaurant.com/,https://maps.google.com/?cid=12129155468727952931&g_mp=Cidnb29nbGUubWFwcy5wbGFjZXMudjEuUGxhY2VzLlNlYXJjaFRleHQQAhgEIAA,Vegetarian restaurants in Yaletown BC,2.0,$$,2
ChIJNV_2U1t2hlQRdzaRe2oxCoo,Jia Wei Restaurant,"4854 Imperial St, Burnaby, BC V5J 1C4",49.2217821,-122.9945129,4.6,377.0,chinese_restaurant,"chinese_restaurant, diner, restaurant, food, point_of_interest, establishment",https://jiawei.zomi.menu/,https://maps.google.com/?cid=9946817060410570359&g_mp=Cidnb29nbGUubWFwcy5wbGFjZXMudjEuUGxhY2VzLlNlYXJjaFRleHQQAhgEIAA,Chinese restaurants in Burnaby BC,2.0,$$,2
ChIJf7qzVHJzhlQRJhUJH2bwKrQ,Petite Bao,"2825 W Broadway, Vancouver, BC V6K 2G6",49.2642369,-123.1690986,4.6,369.0,restaurant,"restaurant, food, point_of_interest, establishment",http://www.petitebao.ca/,https://maps.google.com/?cid=12982453197246895398&g_mp=Cidnb29nbGUubWFwcy5wbGFjZXMudjEuUGxhY2VzLlNlYXJjaFRleHQQAhgEIAA,Chinese restaurants in Kitsilano BC,2.0,$$,2
ChIJdUYeOABxhlQR3Blqxk38dnc,Locanda dell’Orso,"350 W Pender St, Vancouver, BC V6B 1T1",49.2825788,-123.1119704,4.6,366.0,italian_restaurant,"italian_restaurant, restaurant, food, point_of_interest, establishment",https://locandadellorso.com/,https://maps.google.com/?cid=8608345148736805340&g_mp=Cidnb29nbGUubWFwcy5wbGFjZXMudjEuUGxhY2VzLlNlYXJjaFRleHQQAhgEIAA,Italian restaurants in Downtown Vancouver BC,2.0,$$,2
ChIJ06aJxzB7hlQRXplf7mRMY1Q,Sapporo Kitchen Deep Cove,"449 Dollarton Hwy, North Vancouver, BC V7G 1M9",49.307344,-122.9539127,4.6,361.0,restaurant,"restaurant, ramen_restaurant, bar_and_grill, sushi_restaurant, bar, japanese_restaurant, food, point_of_interest, establishment",https://www.sapporokitchen.com/,https://maps.google.com/?cid=6080787918259984734&g_mp=Cidnb29nbGUubWFwcy5wbGFjZXMudjEuUGxhY2VzLlNlYXJjaFRleHQQAhgEIAA,Japanese restaurants in North Vancouver BC,2.0,$$,2
ChIJe1znsjFzhlQRIXrZomXFblc,Casa Molina,"2211 Manitoba St, Vancouver, BC V5Y 1K1",49.2653972,-123.10695199999998,4.6,358.0,spanish_restaurant,"spanish_restaurant, restaurant, food, point_of_interest, establishment",http://www.casamolina.ca/,https://maps.google.com/?cid=6300189969052432929&g_mp=Cidnb29nbGUubWFwcy5wbGFjZXMudjEuUGxhY2VzLlNlYXJjaFRleHQQAhgEIAA,Spanish restaurants in Downtown Vancouver BC,2.0,$$,2
ChIJmaXZ_KhxhlQRLi-vU-PIKUw,Mercato di Luigi Mount Pleasant,"580 E 12th Ave, Vancouver, BC V5T 0H9",49.2595184,-123.0913208,4.6,348.0,restaurant,"restaurant, grocery_store, cafe, food_store, store, food, point_of_interest, establishment",https://mercatodiluigi.com/,https://maps.google.com/?cid=5488138499614781230&g_mp=Cidnb29nbGUubWFwcy5wbGFjZXMudjEuUGxhY2VzLlNlYXJjaFRleHQQAhgEIAA,Italian restaurants in Mount Pleasant BC,2.0,$$,2
ChIJmzpuIgB1hlQR_DTsoUXg1oI,Bann Thai,"8542 Granville St, Vancouver, BC V6P 4Z7",49.2090817,-123.1402564,4.6,339.0,thai_restaurant,"thai_restaurant, restaurant, food, point_of_interest, establishment",http://bannthai.zomi.menu/,https://maps.google.com/?cid=9427969459620689148&g_mp=Cidnb29nbGUubWFwcy5wbGFjZXMudjEuUGxhY2VzLlNlYXJjaFRleHQQAhgEIAA,Thai restaurants in Richmond BC,1.0,$,1
ChIJG_prOiwLhlQR2AUzlwOQ8B0,米道 Shanghai Taste,"7771 Westminster Hwy #150, Richmond, BC V6X 1A4",49.17051370000001,-123.1395007,4.6,332.0,chinese_restaurant,"chinese_restaurant, restaurant, food, point_of_interest, establishment",https://shanghaitaste.zomi.menu/,https://maps.google.com/?cid=2157382566606472664&g_mp=Cidnb29nbGUubWFwcy5wbGFjZXMudjEuUGxhY2VzLlNlYXJjaFRleHQQAhgEIAA,Chinese restaurants in Richmond BC,2.0,$$,2
ChIJ9TZnM3pxhlQRWaIsRG6m3-E,Einstein Wrap House,"516 Abbott St, Vancouver, BC V6B 6C1",49.2805954,-123.1073809,4.6,330.0,restaurant,"restaurant, mediterranean_restaurant, food, point_of_interest, establishment",,https://maps.google.com/?cid=16275910570860651097&g_mp=Cidnb29nbGUubWFwcy5wbGFjZXMudjEuUGxhY2VzLlNlYXJjaFRleHQQAhgEIAA,Turkish restaurants in Gastown BC,1.0,$,1
ChIJUX8G6trfhVQR1UUd24Qym_c,Shawarma 2 Go Grill,"8751 No 1 Rd #5, Richmond, BC V7C 1V2",49.1487285,-123.18174449999998,4.6,329.0,halal_restaurant,"halal_restaurant, family_restaurant, turkish_restaurant, mediterranean_restaurant, restaurant, food, point_of_interest, establishment",http://www.shawarma2go.ca/,https://maps.google.com/?cid=17841909894951552469&g_mp=Cidnb29nbGUubWFwcy5wbGFjZXMudjEuUGxhY2VzLlNlYXJjaFRleHQQAhgEIAA,Mediterranean restaurants in Richmond BC,2.0,$$,2
ChIJVfbyw5ZzhlQRbuc6Wmq6VB0,Radish restaurant,"1876 W 1st Ave, Vancouver, BC V6J 5J1",49.2704796,-123.14728579999998,4.6,327.0,italian_restaurant,"italian_restaurant, restaurant, food, point_of_interest, establishment",https://radishrestaurant.com/,https://maps.google.com/?cid=2113519091086714734&g_mp=Cidnb29nbGUubWFwcy5wbGFjZXMudjEuUGxhY2VzLlNlYXJjaFRleHQQAhgEIAA,Italian restaurants in Kitsilano BC,2.0,$$,2
ChIJpVpT6IBxhlQRyZZDzEAZ14I,WELA Healthy Foods | Smoothies | Fresh Juices - North Vancouver,"123 Carrie Cates Ct #132, North Vancouver, BC V7M 3K7",49.310056,-123.0821915,4.6,324.0,restaurant,"juice_shop, restaurant, food, point_of_interest, establishment",https://www.welahealthbar.ca/,https://maps.google.com/?cid=9428032111019005641&g_mp=Cidnb29nbGUubWFwcy5wbGFjZXMudjEuUGxhY2VzLlNlYXJjaFRleHQQAhgEIAA,Vegan restaurants in North Vancouver BC,2.0,$$,2
ChIJaWrlpOJ4hlQR7RUZRm2-fvQ,Rehanah's Roti & Trinidadian,"2518 St Johns St, Port Moody, BC V3H 2B4",49.2769059,-122.85562899999998,4.6,321.0,caribbean_restaurant,"caribbean_restaurant, restaurant, food, point_of_interest, establishment",https://www.facebook.com/pages/Rehanahs-Roti-Shop/166823300017198,https://maps.google.com/?cid=17617728168856720877&g_mp=Cidnb29nbGUubWFwcy5wbGFjZXMudjEuUGxhY2VzLlNlYXJjaFRleHQQAhgEIAA,Caribbean restaurants in Mount Pleasant BC,1.0,$,1
ChIJE2jgVN13hlQRgeCa7UJlbY0,Tuan & Thuy Kitchen,"1962 Kingsway, Vancouver, BC V5N 2S9",49.2452329,-123.0656961,4.6,320.0,vietnamese_restaurant,"vietnamese_restaurant, restaurant, food, point_of_interest, establishment",https://tuanthuykitchen.zomi.menu/,https://maps.google.com/?cid=10190912869937897601&g_mp=Cidnb29nbGUubWFwcy5wbGFjZXMudjEuUGxhY2VzLlNlYXJjaFRleHQQAhgEIAA,Vietnamese restaurants in Commercial Drive BC,1.0,$,1
ChIJnyTyrnF3hlQRVSiR_lC8gUo,Silom Thai Cuisine,"3913 Knight St, Vancouver, BC V5N 3L8",49.2496729,-123.0763106,4.6,316.0,restaurant,"restaurant, food, point_of_interest, establishment",http://www.silomthaicuisine.com/,https://maps.google.com/?cid=5368779286856673365&g_mp=Cidnb29nbGUubWFwcy5wbGFjZXMudjEuUGxhY2VzLlNlYXJjaFRleHQQAhgEIAA,Thai restaurants in Downtown Vancouver BC,2.0,$$,2
ChIJcWJMx-p3hlQRkfPZevSaaqg,Hoa Phuong Do Restaurant,"5088 Victoria Dr, Vancouver, BC V5P 3T8",49.2382751,-123.0652076,4.6,307.0,vietnamese_restaurant,"vietnamese_restaurant, restaurant, food, point_of_interest, establishment",https://hoaphuongdo.ca/,https://maps.google.com/?cid=12135682520727024529&g_mp=Cidnb29nbGUubWFwcy5wbGFjZXMudjEuUGxhY2VzLlNlYXJjaFRleHQQAhgEIAA,Vietnamese restaurants in Commercial Drive BC,1.0,$,1
ChIJM8nta4JxhlQRbETCrxUtj68,Dahlia,"833 W Pender St, Vancouver, BC V6C 3B2",49.2857792,-123.1163804,4.6,295.0,french_restaurant,"french_restaurant, restaurant, food, point_of_interest, establishment",https://dahlia-restaurant.ca/,https://maps.google.com/?cid=12650379449473320044&g_mp=Cidnb29nbGUubWFwcy5wbGFjZXMudjEuUGxhY2VzLlNlYXJjaFRleHQQAhgEIAA,French restaurants in Downtown Vancouver BC,2.0,$$,2
ChIJW9K4IkVxhlQRyoxxRrJhY4I,Loam Bistro,"230 Esplanade W, North Vancouver, BC V7M 3H8",49.3131167,-123.0837131,4.6,295.0,restaurant,"restaurant, food, point_of_interest, establishment",https://loambistro.ca/,https://maps.google.com/?cid=9395460665938906314&g_mp=Cidnb29nbGUubWFwcy5wbGFjZXMudjEuUGxhY2VzLlNlYXJjaFRleHQQAhgEIAA,Thai restaurants in North Vancouver BC,2.0,$$,2
ChIJF_rwdwBzhlQRThlE8o12MhQ,Moc Vietnamese Kitchen & Bar,"1516 Yew St, Vancouver, BC V6K 3E4",49.2722947,-123.15480169999998,4.6,293.0,restaurant,"restaurant, vietnamese_restaurant, food, point_of_interest, establishment",https://mocvietnamese.ca/,https://maps.google.com/?cid=1455355981621107022&g_mp=Cidnb29nbGUubWFwcy5wbGFjZXMudjEuUGxhY2VzLlNlYXJjaFRleHQQAhgEIAA,Vietnamese restaurants in Kitsilano BC,2.0,$$,2
ChIJx2RvgpRzhlQRYri_rNt7-Io,Pho Quynh Express (Yaletown),"1263 Pacific Blvd, Vancouver, BC V6Z 2R6",49.2737934,-123.1232315,4.6,285.0,vietnamese_restaurant,"vietnamese_restaurant, asian_restaurant, meal_takeaway, restaurant, food, point_of_interest, establishment",https://phoquynhexpress.com/,https://maps.google.com/?cid=10013889954884597858&g_mp=Cidnb29nbGUubWFwcy5wbGFjZXMudjEuUGxhY2VzLlNlYXJjaFRleHQQAhgEIAA,Vietnamese restaurants in Yaletown BC,1.0,$,1
ChIJ9esC-xJzhlQRTb4Yeq5k-s8,Kokomo,"2028 Vine St, Vancouver, BC V6K 3K1",49.2678921,-123.1573825,4.6,283.0,vegan_restaurant,"vegan_restaurant, vegetarian_restaurant, restaurant, food, point_of_interest, establishment",http://heykokomo.ca/,https://maps.google.com/?cid=14986401410564275789&g_mp=Cidnb29nbGUubWFwcy5wbGFjZXMudjEuUGxhY2VzLlNlYXJjaFRleHQQAhgEIAA,Vegetarian restaurants in Kitsilano BC,2.0,$$,2
ChIJCwVmH_xzhlQRomZAuoZ8gQ8,Itosugi Kappo Cuisine,"3648 W Broadway, Vancouver, BC V6R 2B7",49.2642107,-123.1848633,4.6,281.0,restaurant,"restaurant, food, point_of_interest, establishment",http://itosugikappocuisine.ca/,https://maps.google.com/?cid=1117311100656838306&g_mp=Cidnb29nbGUubWFwcy5wbGFjZXMudjEuUGxhY2VzLlNlYXJjaFRleHQQAhgEIAA,Japanese restaurants in Kitsilano BC,2.0,$$,2
ChIJzRsldLZzhlQR4VIoVRSSLeM,Lavidas Restaurant,"1961 W 4th Ave, Vancouver, BC V6J 1M7",49.2682662,-123.1494147,4.6,281.0,restaurant,"restaurant, food, point_of_interest, establishment",http://lavidasrestaurant.ca/,https://maps.google.com/?cid=16369900836587328225&g_mp=Cidnb29nbGUubWFwcy5wbGFjZXMudjEuUGxhY2VzLlNlYXJjaFRleHQQAhgEIAA,Italian restaurants in Kitsilano BC,2.0,$$,2
ChIJmU9r-2RxhlQRrp1TMJooMVw,Ay Chihuahua Mexican Food,"2767 Commercial Dr, Vancouver, BC V5N 4C5",49.2599211,-123.0700989,4.6,268.0,mexican_restaurant,"mexican_restaurant, restaurant, food, point_of_interest, establishment",https://176838.com/aychih/location,https://maps.google.com/?cid=6643135568049053102&g_mp=Cidnb29nbGUubWFwcy5wbGFjZXMudjEuUGxhY2VzLlNlYXJjaFRleHQQAhgEIAA,Mexican restaurants in Commercial Drive BC,1.0,$,1
ChIJ7S6N9_lxhlQRp3VXLbbQpeQ,Rumble Fish Restaurant,"2296 E Hastings St, Vancouver, BC V5L 1V4",49.2810265,-123.0580193,4.6,268.0,restaurant,"restaurant, seafood_restaurant, food, point_of_interest, establishment",https://rumblefish.rest/,https://maps.google.com/?cid=16475804292668159399&g_mp=Cidnb29nbGUubWFwcy5wbGFjZXMudjEuUGxhY2VzLlNlYXJjaFRleHQQAhgEIAA,Seafood restaurants in Commercial Drive BC,2.0,$$,2
ChIJb-grsx5xhlQRAvfftAMwghM,Sempre Uno,"1 Lonsdale Ave, North Vancouver, BC V7M 2E4",49.310572,-123.0803517,4.6,257.0,italian_restaurant,"italian_restaurant, restaurant, food, point_of_interest, establishment",http://www.sempreuno.com/,https://maps.google.com/?cid=1405738826170627842&g_mp=Cidnb29nbGUubWFwcy5wbGFjZXMudjEuUGxhY2VzLlNlYXJjaFRleHQQAhgEIAA,Italian restaurants in North Vancouver BC,2.0,$$,2
ChIJpcRr4rxxhlQR069ya3A66FM,Stega Eatery,"301 W Cordova St, Vancouver, BC V6B 1E5",49.2837262,-123.1091961,4.6,249.0,restaurant,"restaurant, breakfast_restaurant, coffee_shop, brunch_restaurant, bagel_shop, sandwich_shop, bakery, cafe, food_store, store, food, point_of_interest, establishment",http://www.stegaeatery.ca/,https://maps.google.com/?cid=6046146754258317267&g_mp=Cidnb29nbGUubWFwcy5wbGFjZXMudjEuUGxhY2VzLlNlYXJjaFRleHQQAhgEIAA,Vegetarian restaurants in Gastown BC,2.0,$$,2
ChIJHUAS-XhxhlQRtw-z2jbNuqQ,sai plant deli by Vegan Pudding & Co.,"422 Richards St, Vancouver, BC V6B 2Z4",49.2837143,-123.11216849999998,4.6,226.0,vegan_restaurant,"vegan_restaurant, vegetarian_restaurant, restaurant, food, point_of_interest, establishment",,https://maps.google.com/?cid=11870025403369459639&g_mp=Cidnb29nbGUubWFwcy5wbGFjZXMudjEuUGxhY2VzLlNlYXJjaFRleHQQAhgEIAA,Vegan restaurants in Downtown Vancouver BC,2.0,$$,2
ChIJUyK8i8N3hlQRcHofvBAUpcM,Blue Coast Japanese Seafood Cuisine,"3670 Vanness Ave, Vancouver, BC V5R 0G7",49.2346438,-123.0245796,4.6,221.0,japanese_restaurant,"japanese_restaurant, restaurant, food, point_of_interest, establishment",http://www.dinebluecoast.ca/,https://maps.google.com/?cid=14097696270661417584&g_mp=Cidnb29nbGUubWFwcy5wbGFjZXMudjEuUGxhY2VzLlNlYXJjaFRleHQQAhgEIAA,Japanese restaurants in Burnaby BC,2.0,$$,2
ChIJu-xVrVBzhlQRrce8f9WqScs,Urban Thai Bistro,"5607 Dunbar St, Vancouver, BC V6N 1W5",49.2356427,-123.18561629999998,4.6,218.0,restaurant,"restaurant, asian_restaurant, thai_restaurant, food, point_of_interest, establishment",http://www.urbanthai.com/,https://maps.google.com/?cid=14648427096947083181&g_mp=Cidnb29nbGUubWFwcy5wbGFjZXMudjEuUGxhY2VzLlNlYXJjaFRleHQQAhgEIAA,Thai restaurants in Richmond BC,2.0,$$,2
ChIJM8_O3JBxhlQRxzzY0cGTm4c,The Flamingo Room,"1214 Commercial Dr, Vancouver, BC V5L 2T4",49.2736671,-123.0693311,4.6,204.0,cocktail_bar,"cocktail_bar, bar, live_music_venue, event_venue, point_of_interest, establishment",https://www.flamingoroomvan.com/,https://maps.google.com/?cid=9771566277169003719&g_mp=Cidnb29nbGUubWFwcy5wbGFjZXMudjEuUGxhY2VzLlNlYXJjaFRleHQQAhgEIAA,Brazilian restaurants in Commercial Drive BC,2.0,$$,2
ChIJW95-HwBxhlQRDHbcfd2qT7k,Giusti,"209 E 6th Ave, Vancouver, BC V5T 1J7",49.2656234,-123.1002315,4.6,201.0,italian_restaurant,"italian_restaurant, restaurant, food, point_of_interest, establishment",https://giustivancouver.com/,https://maps.google.com/?cid=13353079288452904460&g_mp=Cidnb29nbGUubWFwcy5wbGFjZXMudjEuUGxhY2VzLlNlYXJjaFRleHQQAhgEIAA,Italian restaurants in Downtown Vancouver BC,2.0,$$,2
ChIJH5qsYn57hlQRoh4YpbOF5WI,Il Corvo,"1052 Deep Cove Rd, North Vancouver, BC V7G 1S3",49.316469,-122.9533108,4.6,188.0,restaurant,"restaurant, food, point_of_interest, establishment",https://www.ilcorvo.ca/,https://maps.google.com/?cid=7126248991999139490&g_mp=Cidnb29nbGUubWFwcy5wbGFjZXMudjEuUGxhY2VzLlNlYXJjaFRleHQQAhgEIAA,Italian restaurants in North Vancouver BC,2.0,$$,2
ChIJxexxQ7B1hlQRwkrcyk_Qu20,Keumsan Restaurant,"8363 Granville St, Vancouver, BC V6P 4Z8",49.2108307,-123.1407089,4.6,186.0,korean_restaurant,"korean_restaurant, restaurant, food, point_of_interest, establishment",https://linktr.ee/keumsanrestaurant,https://maps.google.com/?cid=7907142611903466178&g_mp=Cidnb29nbGUubWFwcy5wbGFjZXMudjEuUGxhY2VzLlNlYXJjaFRleHQQAhgEIAA,Korean restaurants in West End BC,2.0,$$,2
ChIJJZ64dsRxhlQR6ws5vTBF4KE,Scratch Kitchen Lonsdale,"140 16th St W, North Vancouver, BC V7M 1T4",49.3232797,-123.0742311,4.6,178.0,restaurant,"restaurant, food, point_of_interest, establishment",https://www.eatscratchkitchen.com/,https://maps.google.com/?cid=11664399110524963819&g_mp=Cidnb29nbGUubWFwcy5wbGFjZXMudjEuUGxhY2VzLlNlYXJjaFRleHQQAhgEIAA,Vegetarian restaurants in North Vancouver BC,2.0,$$,2
ChIJR6eJEQBxhlQRJSLXWncNm64,Tahini’s Shawarma,"488 W Pender St, Vancouver, BC V6B 2Z6",49.2832337,-123.11289219999998,4.6,176.0,mediterranean_restaurant,"mediterranean_restaurant, restaurant, food, point_of_interest, establishment",https://www.tahinis.com/,https://maps.google.com/?cid=12581664790265930277&g_mp=Cidnb29nbGUubWFwcy5wbGFjZXMudjEuUGxhY2VzLlNlYXJjaFRleHQQAhgEIAA,Mediterranean restaurants in Downtown Vancouver BC,2.0,$$,2
ChIJ9x-ZGAB1hlQRnXW6ZucGiGc,Shawarma 2 Go Grill,"6020 Number 3 Rd, Richmond, BC V6Y 2B3",49.1699255,-123.13619,4.6,174.0,turkish_restaurant,"turkish_restaurant, restaurant, food, point_of_interest, establishment",http://www.shawarma2go.ca/,https://maps.google.com/?cid=7460220373669934493&g_mp=Cidnb29nbGUubWFwcy5wbGFjZXMudjEuUGxhY2VzLlNlYXJjaFRleHQQAhgEIAA,Mediterranean restaurants in Richmond BC,1.0,$,1
ChIJJZThOFZ3hlQRWbARe9dNEWw,Kokomo,"3435 Commercial St, Vancouver, BC V5N 4E8",49.2538623,-123.0681794,4.6,173.0,vegan_restaurant,"vegan_restaurant, vegetarian_restaurant, restaurant, food, point_of_interest, establishment",https://www.heykokomo.ca/,https://maps.google.com/?cid=7787090818578362457&g_mp=Cidnb29nbGUubWFwcy5wbGFjZXMudjEuUGxhY2VzLlNlYXJjaFRleHQQAhgEIAA,Vegetarian restaurants in Downtown Vancouver BC,2.0,$$,2
ChIJ1c_oU953hlQRajmHst1ReYM,NÉN - AUTHENTIC VIETNAMESE CUISINE,"7245 Canada Wy, Burnaby, BC V5E 3R7",49.2240863,-122.94162190000002,4.6,173.0,vietnamese_restaurant,"vietnamese_restaurant, restaurant, food, point_of_interest, establishment",https://www.instagram.com/nenvietcuisine/,https://maps.google.com/?cid=9473693303775377770&g_mp=Cidnb29nbGUubWFwcy5wbGFjZXMudjEuUGxhY2VzLlNlYXJjaFRleHQQAhgEIAA,Vietnamese restaurants in Burnaby BC,1.0,$,1
ChIJ72spHshzhlQRkvzf00lnWGs,Restaurant Kavita,"250 W 3rd Ave, Vancouver, BC V5Y 1G1",49.2681747,-123.1101948,4.6,139.0,indian_restaurant,"indian_restaurant, restaurant, food, point_of_interest, establishment",https://www.restaurantkavita.com/,https://maps.google.com/?cid=7735045926793772178&g_mp=Cidnb29nbGUubWFwcy5wbGFjZXMudjEuUGxhY2VzLlNlYXJjaFRleHQQAhgEIAA,Indian restaurants in Gastown BC,2.0,$$,2
ChIJ5XQTqHlxhlQRLrarKCdWmkc,El Torito Mexican Restaurant,"139 Keefer St, Vancouver, BC V6A 1X3",49.2797519,-123.1009488,4.6,137.0,mexican_restaurant,"mexican_restaurant, pub, sports_bar, bar, restaurant, food, point_of_interest, establishment",,https://maps.google.com/?cid=5159531049292379694&g_mp=Cidnb29nbGUubWFwcy5wbGFjZXMudjEuUGxhY2VzLlNlYXJjaFRleHQQAhgEIAA,Mexican restaurants in Downtown Vancouver BC,1.0,$,1
ChIJPxI3u0ZxhlQR3O-rp93bVtU,UCHU Cevicheria & Raw Bar,"158 E Pender St, Vancouver, BC V6A 1T3",49.2802483,-123.1009782,4.6,135.0,seafood_restaurant,"seafood_restaurant, restaurant, food, point_of_interest, establishment",https://www.uchurestaurant.ca/,https://maps.google.com/?cid=15372716123123085276&g_mp=Cidnb29nbGUubWFwcy5wbGFjZXMudjEuUGxhY2VzLlNlYXJjaFRleHQQAhgEIAA,Peruvian restaurants in Downtown Vancouver BC,2.0,$$,2
ChIJRc6GWwBxhlQR8wuKvva5dCk,Napoletana Pizza Tavola Calda,"1210 Robson St, Vancouver, BC V6E 3Y4",49.2860253,-123.1273709,4.6,131.0,pizza_restaurant,"pizza_restaurant, italian_restaurant, restaurant, food, point_of_interest, establishment",https://www.napoletanapizza.ca/,https://maps.google.com/?cid=2987216922263292915&g_mp=Cidnb29nbGUubWFwcy5wbGFjZXMudjEuUGxhY2VzLlNlYXJjaFRleHQQAhgEIAA,Italian restaurants in West End BC,2.0,$$,2
ChIJr3JwNMlxhlQR4QUhWsGbe-E,Alloz Grill,"149 E 3rd St, North Vancouver, BC V7L 1E5",49.3126899,-123.07576679999998,4.6,117.0,filipino_restaurant,"filipino_restaurant, restaurant, food, point_of_interest, establishment",,https://maps.google.com/?cid=16247751335412303329&g_mp=Cidnb29nbGUubWFwcy5wbGFjZXMudjEuUGxhY2VzLlNlYXJjaFRleHQQAhgEIAA,Caribbean restaurants in North Vancouver BC,2.0,$$,2
ChIJsUesUWB3hlQREE-QT7TZGGI,Mesob Restaurant,"7591 6th St, Burnaby, BC V3N 3M4",49.2226012,-122.9324273,4.6,104.0,ethiopian_restaurant,"ethiopian_restaurant, restaurant, food, point_of_interest, establishment",https://mesobrestaurant.zomi.menu/,https://maps.google.com/?cid=7068638983610191632&g_mp=Cidnb29nbGUubWFwcy5wbGFjZXMudjEuUGxhY2VzLlNlYXJjaFRleHQQAhgEIAA,Ethiopian restaurants in Downtown Vancouver BC,1.0,$,1
ChIJKfeSVKJzhlQR6x6uiNej1uE,Purple Grain,"2775 Laurel St, Vancouver, BC V5Z 0B2",49.261059,-123.126027,4.6,102.0,restaurant,"restaurant, food, point_of_interest, establishment",http://www.purplegrain.ca/,https://maps.google.com/?cid=16273374449656274667&g_mp=Cidnb29nbGUubWFwcy5wbGFjZXMudjEuUGxhY2VzLlNlYXJjaFRleHQQAhgEIAA,Vegetarian restaurants in Mount Pleasant BC,2.0,$$,2
ChIJAckY5IJxhlQRl1RUwHtjSAw,Plus 84 Vietnamese Bistro,"1682 Robson St, Vancouver, BC V6G 1C7",49.2901263,-123.1336042,4.6,93.0,vietnamese_restaurant,"vietnamese_restaurant, restaurant, food, point_of_interest, establishment",https://plusvietnamesebistro.zomi.menu/,https://maps.google.com/?cid=885066709937181847&g_mp=Cidnb29nbGUubWFwcy5wbGFjZXMudjEuUGxhY2VzLlNlYXJjaFRleHQQAhgEIAA,Vietnamese restaurants in Downtown Vancouver BC,1.0,$,1
ChIJK8m1YEBzhlQRV_YBw_hHwXk,Davie Social,"1202 Davie St, Vancouver, BC V6E 1N3",49.2817883,-123.1335975,4.6,89.0,restaurant,"restaurant, food, point_of_interest, establishment",http://www.daviesocial.ca/,https://maps.google.com/?cid=8773372682843584087&g_mp=Cidnb29nbGUubWFwcy5wbGFjZXMudjEuUGxhY2VzLlNlYXJjaFRleHQQAhgEIAA,Mexican restaurants in Kitsilano BC,2.0,$$,2
ChIJv7uVIABxhlQRmY5CtSZNeM4,Breeze Bar,"213 Carrall St, Vancouver, BC V6B 4K7",49.2831834,-123.1044482,4.6,87.0,wine_bar,"wine_bar, snack_bar, meal_takeaway, bar, restaurant, food, point_of_interest, establishment",https://www.instagram.com/breezebaryvr,https://maps.google.com/?cid=14877726197663567513&g_mp=Cidnb29nbGUubWFwcy5wbGFjZXMudjEuUGxhY2VzLlNlYXJjaFRleHQQAhgEIAA,Caribbean restaurants in Gastown BC,2.0,$$,2
ChIJi9Gltet1hlQRl93q2wQzecY,Muqam Uyghur Cuisine,"4791 McClelland Rd #1610, Richmond, BC V6X 0M5",49.17779230000001,-123.1217229,4.6,73.0,restaurant,"restaurant, food, point_of_interest, establishment",http://muqam.ca/,https://maps.google.com/?cid=14301518187654208919&g_mp=Cidnb29nbGUubWFwcy5wbGFjZXMudjEuUGxhY2VzLlNlYXJjaFRleHQQAhgEIAA,Turkish restaurants in Richmond BC,2.0,$$,2
ChIJRTsaxe1zhlQREHaB-IDx1Lw,Hu Tieu Mom Vietnamese Restaurant,"457 W Broadway, Vancouver, BC V5Y 1R4",49.263403100000005,-123.1143093,4.6,59.0,vietnamese_restaurant,"vietnamese_restaurant, restaurant, food, point_of_interest, establishment",https://hutieumom.com/?,https://maps.google.com/?cid=13606765910420452880&g_mp=Cidnb29nbGUubWFwcy5wbGFjZXMudjEuUGxhY2VzLlNlYXJjaFRleHQQAhgEIAA,Vietnamese restaurants in Yaletown BC,1.0,$,1
ChIJXxeUdWl1hlQRh4HmSBhXr9M,Tasty Veggie Kitchen,"4380 Number 3 Rd #1110, Richmond, BC V6X 3V7",49.1813728,-123.13589799999998,4.6,52.0,vegetarian_restaurant,"vegetarian_restaurant, restaurant, food, point_of_interest, establishment",,https://maps.google.com/?cid=15253506224741056903&g_mp=Cidnb29nbGUubWFwcy5wbGFjZXMudjEuUGxhY2VzLlNlYXJjaFRleHQQAhgEIAA,Vegetarian restaurants in Richmond BC,2.0,$$,2
ChIJTenvbc5xhlQR4lXdve26XIs,Jack's Fish & Chips Bentall (Formerly Jack's Chowder),"1055 Dunsmuir St Unit 407B, Vancouver, BC V7X 1P3",49.2864943,-123.1214363,4.6,35.0,seafood_restaurant,"seafood_restaurant, restaurant, food, point_of_interest, establishment",https://jacksfishandchips.ca/,https://maps.google.com/?cid=10042106799384778210&g_mp=Cidnb29nbGUubWFwcy5wbGFjZXMudjEuUGxhY2VzLlNlYXJjaFRleHQQAhgEIAA,Seafood restaurants in Downtown Vancouver BC,2.0,$$,2
ChIJiy_EfFZ5hYARxvL_SrMlKIY,Raizes do brasil - Brazilian Restaurant,"12221 San Pablo Ave, Richmond, CA 94805, USA",37.9345075,-122.3250564,4.6,27.0,restaurant,"restaurant, food, point_of_interest, establishment",https://www.instagram.com/raizesdobrasil_us?igsh=MzRlODBiNWFlZA==,https://maps.google.com/?cid=9667018052138431174&g_mp=Cidnb29nbGUubWFwcy5wbGFjZXMudjEuUGxhY2VzLlNlYXJjaFRleHQQAhgEIAA,Brazilian restaurants in Richmond BC,2.0,$$,2
ChIJiUwIWIBxhlQRzKG3k_9C-T8,Joe Fortes Seafood & Chop House,"777 Thurlow St, Vancouver, BC V6E 3V5",49.2849486,-123.1245531,4.5,8617.0,seafood_restaurant,"seafood_restaurant, restaurant, food, point_of_interest, establishment",http://www.joefortes.ca/,https://maps.google.com/?cid=4609789359052792268&g_mp=Cidnb29nbGUubWFwcy5wbGFjZXMudjEuUGxhY2VzLlNlYXJjaFRleHQQAhgEIAA,Seafood restaurants in Downtown Vancouver BC,3.0,$$$,3
ChIJxRdotIFxhlQRY7DFe7zRkho,Italian Kitchen,"860 Burrard St, Vancouver, BC V6Z 1X9",49.2825272,-123.123559,4.5,5609.0,restaurant,"restaurant, fine_dining_restaurant, wine_bar, lounge_bar, night_club, bar, food_store, italian_restaurant, event_venue, store, food, point_of_interest, establishment",https://www.glowbalgroup.com/italiankitchen/,https://maps.google.com/?cid=1914823399046492259&g_mp=Cidnb29nbGUubWFwcy5wbGFjZXMudjEuUGxhY2VzLlNlYXJjaFRleHQQAhgEIAA,Italian restaurants in Downtown Vancouver BC,3.0,$$$,3
ChIJj6Jmb85zhlQR8ho06uTUy6U,The Sandbar Seafood Restaurant,"1535 Johnston St Creekhouse #102, Vancouver, BC V6H 3R9",49.2715333,-123.1342317,4.5,5108.0,seafood_restaurant,"seafood_restaurant, restaurant, food, point_of_interest, establishment",https://www.vancouverdine.com/sandbar,https://maps.google.com/?cid=11946876516177287922&g_mp=Cidnb29nbGUubWFwcy5wbGFjZXMudjEuUGxhY2VzLlNlYXJjaFRleHQQAhgEIAA,Seafood restaurants in Downtown Vancouver BC,3.0,$$$,3
ChIJq2tI6HtxhlQRBaKUv59cS9E,Chambar Restaurant,"568 Beatty St, Vancouver, BC V6B 2L3",49.2801271,-123.109935,4.5,4371.0,restaurant,"restaurant, belgian_restaurant, brunch_restaurant, food, point_of_interest, establishment",http://www.chambar.com/,https://maps.google.com/?cid=15081249618363982341&g_mp=Cidnb29nbGUubWFwcy5wbGFjZXMudjEuUGxhY2VzLlNlYXJjaFRleHQQAhgEIAA,French restaurants in Downtown Vancouver BC,3.0,$$$,3
ChIJD9jfUoJxhlQR2Z9sjekAEFg,Nightingale,"1017 W Hastings St, Vancouver, BC V6C 2G6",49.2873977,-123.11747499999998,4.5,3969.0,restaurant,"restaurant, food, point_of_interest, establishment",http://hawknightingale.com/,https://maps.google.com/?cid=6345572878065115097&g_mp=Cidnb29nbGUubWFwcy5wbGFjZXMudjEuUGxhY2VzLlNlYXJjaFRleHQQAhgEIAA,Spanish restaurants in Downtown Vancouver BC,3.0,$$$,3
ChIJL9D-EKBxhlQRsrmXmBaXfUU,The Lunch Lady,"1046 Commercial Dr, Vancouver, BC V5L 3W9",49.2749731,-123.0693852,4.5,3907.0,vietnamese_restaurant,"vietnamese_restaurant, restaurant, food, point_of_interest, establishment",https://thelunchlady.com/,https://maps.google.com/?cid=5007324484011014578&g_mp=Cidnb29nbGUubWFwcy5wbGFjZXMudjEuUGxhY2VzLlNlYXJjaFRleHQQAhgEIAA,Vietnamese restaurants in Commercial Drive BC,2.0,$$,2
ChIJJzFAF9VzhlQRENeLwMlDVl8,Gyu-Kaku Japanese BBQ,"888 Nelson St g3, Vancouver, BC V6Z 2H1",49.2801133,-123.1251003,4.5,3893.0,yakiniku_restaurant,"yakiniku_restaurant, tapas_restaurant, barbecue_restaurant, japanese_restaurant, restaurant, food, point_of_interest, establishment",https://www.gyu-kaku.com/vancouver/,https://maps.google.com/?cid=6869752815398147856&g_mp=Cidnb29nbGUubWFwcy5wbGFjZXMudjEuUGxhY2VzLlNlYXJjaFRleHQQAhgEIAA,Japanese restaurants in Downtown Vancouver BC,2.0,$$,2
ChIJ9xLK-dZzhlQRIghtObN7n-A,Minami,"1118 Mainland St, Vancouver, BC V6B 5L1",49.27529200000001,-123.1208577,4.5,3880.0,japanese_restaurant,"japanese_restaurant, fine_dining_restaurant, asian_restaurant, sushi_restaurant, seafood_restaurant, restaurant, food, point_of_interest, establishment",http://minamirestaurant.com/,https://maps.google.com/?cid=16185791595485661218&g_mp=Cidnb29nbGUubWFwcy5wbGFjZXMudjEuUGxhY2VzLlNlYXJjaFRleHQQAhgEIAA,Japanese restaurants in Downtown Vancouver BC,3.0,$$$,3
ChIJT0qWYnNuhlQR9Gph2yQpfHU,The Beach House Restaurant,"150 25th St, West Vancouver, BC V7V 4H8",49.3332327,-123.1822072,4.5,3786.0,restaurant,"restaurant, bar, food, point_of_interest, establishment",https://www.thebeachhouserestaurant.ca/,https://maps.google.com/?cid=8465686637825846004&g_mp=Cidnb29nbGUubWFwcy5wbGFjZXMudjEuUGxhY2VzLlNlYXJjaFRleHQQAhgEIAA,Seafood restaurants in Mount Pleasant BC,3.0,$$$,3
ChIJtZZo2dlzhlQRy11A-O9gZYE,LOCAL Public Eatery Gastown,"3 Alexander St, Vancouver, BC V6A 1B2",49.2836516,-123.103954,4.5,3738.0,restaurant,"restaurant, pub, gastropub, bar, food, point_of_interest, establishment",https://localpubliceatery.com/neighbourhoods/gastown/,https://maps.google.com/?cid=9323965187318898123&g_mp=Cidnb29nbGUubWFwcy5wbGFjZXMudjEuUGxhY2VzLlNlYXJjaFRleHQQAhgEIAA,Caribbean restaurants in Gastown BC,2.0,$$,2
ChIJo-2GzkpyhlQRNf117XkTpGU,LOCAL Public Eatery Kitsilano,"2210 Cornwall Ave, Vancouver, BC V6K 1B5",49.27232490000001,-123.1553524,4.5,3632.0,restaurant,"restaurant, pub, bar, food, point_of_interest, establishment",https://localpubliceatery.com/neighbourhoods/kitsilano/,https://maps.google.com/?cid=7324000308407172405&g_mp=Cidnb29nbGUubWFwcy5wbGFjZXMudjEuUGxhY2VzLlNlYXJjaFRleHQQAhgEIAA,Mexican restaurants in Kitsilano BC,2.0,$$,2
ChIJW1pAMXxxhlQRNjNjIzra2fA,Fanny Bay Oyster Bar & Shellfish Market,"762 Cambie St., Vancouver, BC V6B 2P2",49.2786079,-123.1141059,4.5,3598.0,oyster_bar_restaurant,"oyster_bar_restaurant, seafood_restaurant, farm, market, bar, restaurant, food, point_of_interest, service, establishment",http://www.fannybayoysters.com/location/oyster-bar--shellfish-market,https://maps.google.com/?cid=17355142582285579062&g_mp=Cidnb29nbGUubWFwcy5wbGFjZXMudjEuUGxhY2VzLlNlYXJjaFRleHQQAhgEIAA,Seafood restaurants in Downtown Vancouver BC,2.0,$$,2
ChIJheYkn7NzhlQR8weTw-mG_IU,Raisu,"2340 W 4th Ave, Vancouver, BC V6K 1P1",49.2680595,-123.15832410000002,4.5,3519.0,japanese_restaurant,"japanese_restaurant, restaurant, food, point_of_interest, establishment",https://raisu.ca/,https://maps.google.com/?cid=9654740039742195699&g_mp=Cidnb29nbGUubWFwcy5wbGFjZXMudjEuUGxhY2VzLlNlYXJjaFRleHQQAhgEIAA,Japanese restaurants in Kitsilano BC,3.0,$$$,3
ChIJP0wBP3hxhlQRTAaG6y4I_nQ,Momo Sushi,"375 Water St #6, Vancouver, BC V6B 2M8",49.284686,-123.11025399999998,4.5,3194.0,sushi_restaurant,"sushi_restaurant, japanese_restaurant, restaurant, food, point_of_interest, establishment",http://momogastown.ca/,https://maps.google.com/?cid=8430184550097094220&g_mp=Cidnb29nbGUubWFwcy5wbGFjZXMudjEuUGxhY2VzLlNlYXJjaFRleHQQAhgEIAA,Japanese restaurants in Downtown Vancouver BC,1.0,$,1
ChIJ_Wj-oPdzhlQRz30MQolrOa0,MeeT on Main,"4288 Main St, Vancouver, BC V5V 3P9",49.2467258,-123.10099649999998,4.5,3140.0,vegan_restaurant,"vegan_restaurant, vegetarian_restaurant, restaurant, food, point_of_interest, establishment",https://eatmeet.ca/meet-on-main/,https://maps.google.com/?cid=12482126079496846799&g_mp=Cidnb29nbGUubWFwcy5wbGFjZXMudjEuUGxhY2VzLlNlYXJjaFRleHQQAhgEIAA,Vegetarian restaurants in Downtown Vancouver BC,2.0,$$,2
ChIJrQYJEzdzhlQRs1CzxiXdqLw,"Sula Indian Restaurant, Main Street","4172 Main St, Vancouver, BC V5V 3P7",49.2479632,-123.1007692,4.5,2983.0,indian_restaurant,"indian_restaurant, family_restaurant, catering_service, meal_delivery, food_delivery, fine_dining_restaurant, vegetarian_restaurant, bar, meal_takeaway, restaurant, food, point_of_interest, service, establishment",https://sulaindianrestaurant.com/?utm_source=google&utm_medium=organic&utm_campaign=gmb_main_hp,https://maps.google.com/?cid=13594358629535010995&g_mp=Cidnb29nbGUubWFwcy5wbGFjZXMudjEuUGxhY2VzLlNlYXJjaFRleHQQAhgEIAA,Indian restaurants in Mount Pleasant BC,2.0,$$,2
ChIJfTY_EnBxhlQRTEuUOuEbJMI,Virtuous Pie,"583 Main St, Vancouver, BC V6A 2V1",49.2797306,-123.0999778,4.5,2282.0,vegan_restaurant,"vegan_restaurant, pizza_delivery, pizza_restaurant, vegetarian_restaurant, ice_cream_shop, meal_delivery, food_delivery, meal_takeaway, dessert_shop, confectionery, food_store, restaurant, food, store, point_of_interest, establishment",http://virtuouspie.com/,https://maps.google.com/?cid=13989336996683991884&g_mp=Cidnb29nbGUubWFwcy5wbGFjZXMudjEuUGxhY2VzLlNlYXJjaFRleHQQAhgEIAA,Vegetarian restaurants in Downtown Vancouver BC,2.0,$$,2
ChIJVYCScjxxhlQR5l5L231taMA,Saku,"1588 Robson St, Vancouver, BC V6G 2G5",49.2892453,-123.1323169,4.5,2233.0,tonkatsu_restaurant,"tonkatsu_restaurant, japanese_restaurant, restaurant, food, point_of_interest, establishment",http://sakuvancouver.com/,https://maps.google.com/?cid=13864451840177561318&g_mp=Cidnb29nbGUubWFwcy5wbGFjZXMudjEuUGxhY2VzLlNlYXJjaFRleHQQAhgEIAA,Japanese restaurants in West End BC,2.0,$$,2
ChIJkbsJj8txhlQRoLlTvGEMNoM,Hello Nori - Robson,"1165 Robson St, Vancouver, BC V6E 1B5",49.2855966,-123.1261163,4.5,2143.0,japanese_restaurant,"japanese_restaurant, sushi_restaurant, meal_takeaway, bar, restaurant, food, point_of_interest, establishment",https://www.hellonori.com/,https://maps.google.com/?cid=9454758081621899680&g_mp=Cidnb29nbGUubWFwcy5wbGFjZXMudjEuUGxhY2VzLlNlYXJjaFRleHQQAhgEIAA,Japanese restaurants in West End BC,2.0,$$,2
ChIJ01zR_vlzhlQRtjgBanRnmNg,The Acorn Restaurant,"3995 Main St, Vancouver, BC V5V 3P3",49.2495919,-123.101381,4.5,2042.0,vegetarian_restaurant,"vegetarian_restaurant, wine_bar, brunch_restaurant, cocktail_bar, vegan_restaurant, bar, american_restaurant, restaurant, food, point_of_interest, establishment",http://www.theacornrestaurant.ca/,https://maps.google.com/?cid=15607338258344786102&g_mp=Cidnb29nbGUubWFwcy5wbGFjZXMudjEuUGxhY2VzLlNlYXJjaFRleHQQAhgEIAA,Vegetarian restaurants in Mount Pleasant BC,3.0,$$$,3
ChIJ02CWjlZ3hlQRpgN6cg_Dp6E,Cockney Kings Fish & Chips,"6574 Hastings St, Burnaby, BC V5B 1S1",49.2800701,-122.9665992,4.5,2035.0,fish_and_chips_restaurant,"fish_and_chips_restaurant, seafood_restaurant, restaurant, food, point_of_interest, establishment",http://cockneykings.ca/,https://maps.google.com/?cid=11648493432329601958&g_mp=Cidnb29nbGUubWFwcy5wbGFjZXMudjEuUGxhY2VzLlNlYXJjaFRleHQQAhgEIAA,Seafood restaurants in Burnaby BC,1.0,$,1
ChIJ3fPYPndzhlQR2aDKGEtgJOs,Sahel Market & Restaurant,"3207 W Broadway, Vancouver, BC V6K 2H5",49.264351,-123.1762798,4.5,2024.0,persian_restaurant,"persian_restaurant, halal_restaurant, mediterranean_restaurant, manufacturer, supplier, store, restaurant, food, point_of_interest, establishment",https://sahelpersianrestaurant.com/,https://maps.google.com/?cid=16943773573729394905&g_mp=Cidnb29nbGUubWFwcy5wbGFjZXMudjEuUGxhY2VzLlNlYXJjaFRleHQQAhgEIAA,Mediterranean restaurants in Kitsilano BC,1.0,$,1
ChIJM4XXRdRzhlQRU5tJVe7D8xY,Twisted Fork,"213 Carrall St, Vancouver, BC V6B 4K7",49.2831834,-123.1044482,4.5,2009.0,brunch_restaurant,"brunch_restaurant, european_restaurant, breakfast_restaurant, restaurant, food, point_of_interest, establishment",http://www.forkandfriends.ca/,https://maps.google.com/?cid=1653880916575624019&g_mp=Cidnb29nbGUubWFwcy5wbGFjZXMudjEuUGxhY2VzLlNlYXJjaFRleHQQAhgEIAA,French restaurants in Gastown BC,2.0,$$,2
ChIJM_-yTtRzhlQRwNVRKfJH3Gc,The Pawn Shop YVR Taco Bar,"1117 Granville St, Vancouver, BC V6Z 1M1",49.2781493,-123.1252321,4.5,1998.0,mexican_restaurant,"mexican_restaurant, catering_service, taco_restaurant, food_delivery, gift_shop, store, restaurant, food, point_of_interest, service, establishment",https://thepawnshopyvr.com/,https://maps.google.com/?cid=7483935786183808448&g_mp=Cidnb29nbGUubWFwcy5wbGFjZXMudjEuUGxhY2VzLlNlYXJjaFRleHQQAhgEIAA,Mexican restaurants in Downtown Vancouver BC,2.0,$$,2
ChIJ10y4wS93hlQRcP0XMpbw5Vg,Pho d'lite,"4415 Skyline Dr #2, Burnaby, BC V5C 0H8",49.265697900000006,-123.0050777,4.5,1945.0,vietnamese_restaurant,"vietnamese_restaurant, restaurant, food, point_of_interest, establishment",https://phodlite.restaurant/,https://maps.google.com/?cid=6405790572880592240&g_mp=Cidnb29nbGUubWFwcy5wbGFjZXMudjEuUGxhY2VzLlNlYXJjaFRleHQQAhgEIAA,Vietnamese restaurants in Burnaby BC,1.0,$,1
ChIJga47yMVxhlQRFDF6NEYH568,Pepino's Spaghetti House,"631 Commercial Dr, Vancouver, BC V5L 3W3",49.2788798,-123.0706668,4.5,1875.0,italian_restaurant,"italian_restaurant, pizza_restaurant, restaurant, food, point_of_interest, establishment",http://pepinos.ca/,https://maps.google.com/?cid=12675107674367078676&g_mp=Cidnb29nbGUubWFwcy5wbGFjZXMudjEuUGxhY2VzLlNlYXJjaFRleHQQAhgEIAA,Italian restaurants in Commercial Drive BC,2.0,$$,2
ChIJF404P3dxhlQRHC17KP9ESTY,Le Crocodile by Rob Feenie,"909 Burrard St #100, Vancouver, BC V6Z 2N2",49.2825301,-123.1252212,4.5,1853.0,french_restaurant,"french_restaurant, restaurant, food, point_of_interest, establishment",http://lecrocodilerestaurant.com/,https://maps.google.com/?cid=3911733614034496796&g_mp=Cidnb29nbGUubWFwcy5wbGFjZXMudjEuUGxhY2VzLlNlYXJjaFRleHQQAhgEIAA,French restaurants in Downtown Vancouver BC,4.0,$$$$,4
ChIJyyADCMt3hlQRmOnyzI3gOl4,Mr. Greek Donair Shop,"7155 Kingsway #224, Burnaby, BC V5E 2V1",49.2189216,-122.95634269999998,4.5,1786.0,restaurant,"restaurant, food, point_of_interest, establishment",https://www.foodbooking.com/ordering/restaurant/menu?restaurant_uid=5013f9ce-74ab-4ffe-a720-00a22cd50269&client_is_mobile=true&return_url=https%3A%2F%2Fdonairburnaby.ca%2F,https://maps.google.com/?cid=6789986287847926168&g_mp=Cidnb29nbGUubWFwcy5wbGFjZXMudjEuUGxhY2VzLlNlYXJjaFRleHQQAhgEIAA,Mediterranean restaurants in Burnaby BC,1.0,$,1
ChIJ3XfeToFxhlQRDtyvLtryFyQ,Tableau Bar Bistro,"1181 Melville St, Vancouver, BC V6E 4P6",49.2875627,-123.1234599,4.5,1769.0,bistro,"bistro, french_restaurant, restaurant, food, point_of_interest, establishment",http://tableaubarbistro.com/,https://maps.google.com/?cid=2600814328729820174&g_mp=Cidnb29nbGUubWFwcy5wbGFjZXMudjEuUGxhY2VzLlNlYXJjaFRleHQQAhgEIAA,French restaurants in Downtown Vancouver BC,3.0,$$$,3
ChIJF_vQAtRzhlQRK2Qf9DW-Mdk,Chancho Tortilleria,"2096 Commercial Dr, Vancouver, BC V5N 4B2",49.2660509,-123.0694337,4.5,1748.0,mexican_restaurant,"mexican_restaurant, taco_restaurant, food_store, store, restaurant, food, point_of_interest, establishment",http://www.chancho.ca/,https://maps.google.com/?cid=15650499319027426347&g_mp=Cidnb29nbGUubWFwcy5wbGFjZXMudjEuUGxhY2VzLlNlYXJjaFRleHQQAhgEIAA,Mexican restaurants in Commercial Drive BC,1.0,$,1
ChIJIZ-EdbpzhlQRqQRe82W0TKo,Maxine's Cafe & Bar,"1325 Burrard St, Vancouver, BC V6Z 1Z7",49.2779418,-123.1313643,4.5,1667.0,restaurant,"restaurant, food, point_of_interest, establishment",http://maxinescafebar.com/,https://maps.google.com/?cid=12271381434645480617&g_mp=Cidnb29nbGUubWFwcy5wbGFjZXMudjEuUGxhY2VzLlNlYXJjaFRleHQQAhgEIAA,French restaurants in Downtown Vancouver BC,2.0,$$,2
ChIJJy1TTHdxhlQRgQQZgi9ga9o,L'Abattoir,"217 Carrall St, Vancouver, BC V6B 2J2",49.2831345,-123.1044638,4.5,1658.0,restaurant,"restaurant, food, point_of_interest, establishment",https://www.labattoir.ca/,https://maps.google.com/?cid=15738779079938737281&g_mp=Cidnb29nbGUubWFwcy5wbGFjZXMudjEuUGxhY2VzLlNlYXJjaFRleHQQAhgEIAA,French restaurants in Downtown Vancouver BC,3.0,$$$,3
ChIJmUTLeT1zhlQRlLuZCzsKn_o,Jo's Italian Deli,"2505 Alma St, Vancouver, BC V6R 3R8",49.2641889,-123.1861132,4.5,1641.0,restaurant,"restaurant, catering_service, sandwich_shop, food_delivery, food_store, italian_restaurant, store, food, point_of_interest, service, establishment",https://www.jositaliandeli.com/,https://maps.google.com/?cid=18059164279492950932&g_mp=Cidnb29nbGUubWFwcy5wbGFjZXMudjEuUGxhY2VzLlNlYXJjaFRleHQQAhgEIAA,Italian restaurants in Kitsilano BC,2.0,$$,2
ChIJKUWr90xwhlQRrfrHgcmcXf0,Fishworks,"91 Lonsdale Ave, North Vancouver, BC V7M 2E5",49.3117616,-123.0790411,4.5,1545.0,seafood_restaurant,"seafood_restaurant, restaurant, food, point_of_interest, establishment",http://www.fishworks.ca/,https://maps.google.com/?cid=18256920853709585069&g_mp=Cidnb29nbGUubWFwcy5wbGFjZXMudjEuUGxhY2VzLlNlYXJjaFRleHQQAhgEIAA,Seafood restaurants in Mount Pleasant BC,2.0,$$,2
ChIJWWAFtdh3hlQR-6B50HtHQKs,B&D Authentic Viet Cuisine,"7090 Kingsway, Burnaby, BC V5E 4J5",49.2181718,-122.95788410000002,4.5,1515.0,vietnamese_restaurant,"vietnamese_restaurant, asian_restaurant, restaurant, food, point_of_interest, establishment",https://www.bdvietcuisine.ca/,https://maps.google.com/?cid=12339941576099340539&g_mp=Cidnb29nbGUubWFwcy5wbGFjZXMudjEuUGxhY2VzLlNlYXJjaFRleHQQAhgEIAA,Vietnamese restaurants in Burnaby BC,2.0,$$,2
ChIJWwQEyXtzhlQRG5oz14NnhPw,Momo Factory,"1143 Davie St, Vancouver, BC V6E 1N2",49.2812034,-123.13225279999996,4.5,1512.0,restaurant,"chinese_noodle_restaurant, asian_fusion_restaurant, asian_restaurant, fusion_restaurant, vegan_restaurant, dim_sum_restaurant, vegetarian_restaurant, cantonese_restaurant, indian_restaurant, cocktail_bar, bar, chinese_restaurant, soup_restaurant, restaurant, food, point_of_interest, establishment",https://www.momofactory.ca/,https://maps.google.com/?cid=18195782210432506395&g_mp=Cidnb29nbGUubWFwcy5wbGFjZXMudjEuUGxhY2VzLlNlYXJjaFRleHQQAhgEIAA,Chinese restaurants in Downtown Vancouver BC,2.0,$$,2
ChIJxQI2IiBxhlQRKsx3SVu_hoI,Delhi Fusion Indian Cuisine,"1859 Commercial Dr, Vancouver, BC V5N 4A5",49.2681046,-123.0699447,4.5,1508.0,indian_restaurant,"indian_restaurant, restaurant, food, point_of_interest, establishment",https://www.delhifusion.com/,https://maps.google.com/?cid=9405415270605376554&g_mp=Cidnb29nbGUubWFwcy5wbGFjZXMudjEuUGxhY2VzLlNlYXJjaFRleHQQAhgEIAA,Indian restaurants in Commercial Drive BC,2.0,$$,2
ChIJoySK_m9xhlQRWkJZNwcfGsU,Fat Mao Noodles (Thai Soup Noodles)-Chinatown,"217 E Georgia St, Vancouver, BC V6A 1Z6",49.2787559,-123.0989242,4.5,1471.0,noodle_shop,"noodle_shop, thai_restaurant, restaurant, food, point_of_interest, establishment",http://www.fatmaonoodles.com/,https://maps.google.com/?cid=14202698490720109146&g_mp=Cidnb29nbGUubWFwcy5wbGFjZXMudjEuUGxhY2VzLlNlYXJjaFRleHQQAhgEIAA,Thai restaurants in Downtown Vancouver BC,2.0,$$,2
ChIJq9PfzEpyhlQRUqp026zudho,Nook Kitsilano,"1525 Yew St, Vancouver, BC V6K 3E5",49.2722275,-123.15516619999998,4.5,1434.0,italian_restaurant,"italian_restaurant, restaurant, food, point_of_interest, establishment",http://nookrestaurants.com/,https://maps.google.com/?cid=1906973918421625426&g_mp=Cidnb29nbGUubWFwcy5wbGFjZXMudjEuUGxhY2VzLlNlYXJjaFRleHQQAhgEIAA,Italian restaurants in Kitsilano BC,2.0,$$,2
ChIJWco1DnBxhlQRWIzGva76dZc,Bao Bei,"163 Keefer St, Vancouver, BC V6A 1X4",49.2797469,-123.1005921,4.5,1415.0,chinese_restaurant,"chinese_restaurant, asian_restaurant, restaurant, food, point_of_interest, establishment",https://www.bao-bei.ca/,https://maps.google.com/?cid=10913904900417424472&g_mp=Cidnb29nbGUubWFwcy5wbGFjZXMudjEuUGxhY2VzLlNlYXJjaFRleHQQAhgEIAA,Chinese restaurants in Downtown Vancouver BC,3.0,$$$,3
ChIJufCsY7hzhlQRJ5pRvUZ6tMQ,Chef Ron Restaurant & Bar,"1037 Denman St, Vancouver, BC V6G 1P9",49.2890749,-123.1394991,4.5,1382.0,restaurant,"restaurant, food, point_of_interest, establishment",https://anorder.ca/chefron,https://maps.google.com/?cid=14174088371484334631&g_mp=Cidnb29nbGUubWFwcy5wbGFjZXMudjEuUGxhY2VzLlNlYXJjaFRleHQQAhgEIAA,Spanish restaurants in West End BC,2.0,$$,2
ChIJAQBwO6t2hlQRZgyCaYHhQVA,Sun Bo Kong Vegetarian Restaurant | Chinese,"1363 Kingsway, Vancouver, BC V5V 3E3",49.2507474,-123.0768907,4.5,1367.0,vegetarian_restaurant,"vegetarian_restaurant, restaurant, food, point_of_interest, establishment",http://sunbokong.com/,https://maps.google.com/?cid=5783151342457588838&g_mp=Cidnb29nbGUubWFwcy5wbGFjZXMudjEuUGxhY2VzLlNlYXJjaFRleHQQAhgEIAA,Vegan restaurants in Burnaby BC,2.0,$$,2
ChIJ3WSkQdVzhlQRf-936T0TOv0,Shizenya,"965 Hornby St, Vancouver, BC V6Z 3G5",49.2810207,-123.1247524,4.5,1343.0,japanese_restaurant,"japanese_restaurant, sushi_restaurant, vegetarian_restaurant, restaurant, food, point_of_interest, establishment",https://shizenya.ca/,https://maps.google.com/?cid=18246917996875870079&g_mp=Cidnb29nbGUubWFwcy5wbGFjZXMudjEuUGxhY2VzLlNlYXJjaFRleHQQAhgEIAA,Japanese restaurants in Downtown Vancouver BC,2.0,$$,2
ChIJrze9xnhxhlQR_Ti-FoVCy9k,Homa Kebab & Donair Restaurant,"548 Seymour St, Vancouver, BC V6B 3J5",49.2834628,-123.1143729,4.5,1334.0,mediterranean_restaurant,"mediterranean_restaurant, kebab_shop, shawarma_restaurant, halal_restaurant, middle_eastern_restaurant, persian_restaurant, restaurant, food, point_of_interest, establishment",https://www.homarestaurants.ca/,https://maps.google.com/?cid=15693710465882274045&g_mp=Cidnb29nbGUubWFwcy5wbGFjZXMudjEuUGxhY2VzLlNlYXJjaFRleHQQAhgEIAA,Mediterranean restaurants in Downtown Vancouver BC,1.0,$,1
ChIJXRLmLlhxhlQRdH4j1aYD9Zg,Harbour Oyster + Bar,"1408 Commercial Dr, Vancouver, BC V5L 3X9",49.2719101,-123.0693783,4.5,1330.0,oyster_bar_restaurant,"oyster_bar_restaurant, restaurant, food, point_of_interest, establishment",https://harbouryvr.com/,https://maps.google.com/?cid=11021719678134484596&g_mp=Cidnb29nbGUubWFwcy5wbGFjZXMudjEuUGxhY2VzLlNlYXJjaFRleHQQAhgEIAA,Seafood restaurants in Commercial Drive BC,2.0,$$,2
ChIJ3WHFpz5whlQRCexp0pM3Ae8,Sushi Umi (North Vancouver),"1995 Lonsdale Ave, North Vancouver, BC V7M 2K3",49.3271477,-123.07245509999998,4.5,1319.0,sushi_restaurant,"sushi_restaurant, japanese_restaurant, restaurant, food, point_of_interest, establishment",http://umi-lonsdale.ca/,https://maps.google.com/?cid=17222107558071364617&g_mp=Cidnb29nbGUubWFwcy5wbGFjZXMudjEuUGxhY2VzLlNlYXJjaFRleHQQAhgEIAA,Japanese restaurants in North Vancouver BC,2.0,$$,2
ChIJndZa5n1xhlQRVrRPA1d--UM,Lupo Restaurant & Vinoteca,"869 Hamilton St, Vancouver, BC V6B 2R7",49.2782129,-123.1173233,4.5,1280.0,italian_restaurant,"italian_restaurant, wine_bar, bar, restaurant, food, point_of_interest, establishment",http://www.luporestaurant.ca/,https://maps.google.com/?cid=4898084981924934742&g_mp=Cidnb29nbGUubWFwcy5wbGFjZXMudjEuUGxhY2VzLlNlYXJjaFRleHQQAhgEIAA,Italian restaurants in Downtown Vancouver BC,3.0,$$$,3
ChIJCxMrGDxwhlQR_0xnCHn_KnA,Indian Fusion Restaurant,"2045 Lonsdale Ave, North Vancouver, BC V7M 2K4",49.3279866,-123.07242819999998,4.5,1263.0,indian_restaurant,"indian_restaurant, asian_restaurant, restaurant, food, point_of_interest, establishment",http://www.indianfusiononline.com/,https://maps.google.com/?cid=8082553376566889727&g_mp=Cidnb29nbGUubWFwcy5wbGFjZXMudjEuUGxhY2VzLlNlYXJjaFRleHQQAhgEIAA,Indian restaurants in North Vancouver BC,2.0,$$,2
ChIJG1cPBjt1hlQRk4RcxGDNreE,Goodbowl,"4791 McClelland Rd #1630, Richmond, BC V6X 0M5",49.1781544,-123.1216935,4.5,1234.0,restaurant,"restaurant, health_food_store, juice_shop, vegan_restaurant, vegetarian_restaurant, food_store, meal_takeaway, store, health, food, point_of_interest, establishment",https://www.goodbowl.ca/,https://maps.google.com/?cid=16261879644999681171&g_mp=Cidnb29nbGUubWFwcy5wbGFjZXMudjEuUGxhY2VzLlNlYXJjaFRleHQQAhgEIAA,Vegetarian restaurants in Richmond BC,1.0,$,1
ChIJ6yuDUbRwhlQRiPVV9EZ2PoA,Chez Christophe - Burnaby,"4717 Hastings St, Burnaby, BC V5C 2K8",49.281166500000005,-122.9965657,4.5,1227.0,pastry_shop,"pastry_shop, dessert_shop, confectionery, bakery, food_store, store, food, point_of_interest, establishment",http://www.chez-christophe.ca/,https://maps.google.com/?cid=9240953532529898888&g_mp=Cidnb29nbGUubWFwcy5wbGFjZXMudjEuUGxhY2VzLlNlYXJjaFRleHQQAhgEIAA,French restaurants in Burnaby BC,2.0,$$,2
ChIJR8_8751zhlQRx_f56-tbuj4,Yasma,"550 Denman St, Vancouver, BC V6G 3H1",49.2933623,-123.1321794,4.5,1138.0,middle_eastern_restaurant,"middle_eastern_restaurant, lebanese_restaurant, restaurant, food, point_of_interest, establishment",http://www.yasma.ca/,https://maps.google.com/?cid=4520026244854183879&g_mp=Cidnb29nbGUubWFwcy5wbGFjZXMudjEuUGxhY2VzLlNlYXJjaFRleHQQAhgEIAA,Mediterranean restaurants in Downtown Vancouver BC,1.0,$,1
ChIJURqm2VhxhlQRH6dgfKE3Svk,Marulilu Café,"451 W Broadway, Vancouver, BC V5Y 1R4",49.2634,-123.1141083,4.5,1100.0,japanese_restaurant,"japanese_restaurant, coffee_shop, cafe, food_store, store, restaurant, food, point_of_interest, establishment",https://marulilu.com/,https://maps.google.com/?cid=17963231230436615967&g_mp=Cidnb29nbGUubWFwcy5wbGFjZXMudjEuUGxhY2VzLlNlYXJjaFRleHQQAhgEIAA,Japanese restaurants in Mount Pleasant BC,1.0,$,1
ChIJn_qdRm5zhlQRamWJg_sp4Qk,Mount Pleasant Vintage,"67 W 6th Ave, Vancouver, BC V5Y 1K2",49.2657766,-123.1060929,4.5,1084.0,cocktail_bar,"cocktail_bar, bar, point_of_interest, establishment",https://mtpleasant.bar/,https://maps.google.com/?cid=711896376321598826&g_mp=Cidnb29nbGUubWFwcy5wbGFjZXMudjEuUGxhY2VzLlNlYXJjaFRleHQQAhgEIAA,Mediterranean restaurants in Mount Pleasant BC,2.0,$$,2
ChIJc29beSVzhlQRuFzfhCA_a-M,Istanbul Doner Shop,"990 Denman St, Vancouver, BC V6G 2M1",49.2894203,-123.13832319999996,4.5,1050.0,turkish_restaurant,"turkish_restaurant, restaurant, food, point_of_interest, establishment",https://istanbuldonershop.zomi.menu/,https://maps.google.com/?cid=16387261078018415800&g_mp=Cidnb29nbGUubWFwcy5wbGFjZXMudjEuUGxhY2VzLlNlYXJjaFRleHQQAhgEIAA,Turkish restaurants in Downtown Vancouver BC,1.0,$,1
ChIJ101GHW9xhlQRCOQgaGg0Q9k,Cielito Lindo,"122 W Hastings St, Vancouver, BC V6B 1G8",49.2820265,-123.1080921,4.5,1044.0,mexican_restaurant,"mexican_restaurant, restaurant, food, point_of_interest, establishment",https://www.cielitolindocanada.com/,https://maps.google.com/?cid=15655414352698205192&g_mp=Cidnb29nbGUubWFwcy5wbGFjZXMudjEuUGxhY2VzLlNlYXJjaFRleHQQAhgEIAA,Mexican restaurants in Downtown Vancouver BC,1.0,$,1
ChIJdd9ipdNzhlQRTeCkanpMc8s,Giardino Restaurant,"1328 Hornby St, Vancouver, BC V6Z 1W5",49.276941400000005,-123.1299926,4.5,1039.0,italian_restaurant,"italian_restaurant, bar, restaurant, food, point_of_interest, establishment",http://www.umberto.com/giardino,https://maps.google.com/?cid=14660145300680007757&g_mp=Cidnb29nbGUubWFwcy5wbGFjZXMudjEuUGxhY2VzLlNlYXJjaFRleHQQAhgEIAA,Italian restaurants in Downtown Vancouver BC,4.0,$$$$,4
ChIJB5IwdbILhlQR_JOvkuBljRA,Myomi Sushi,"8780 Blundell Rd #190, Richmond, BC V6Y 3Y8",49.1546972,-123.125743,4.5,1027.0,japanese_restaurant,"japanese_restaurant, sushi_restaurant, restaurant, food, point_of_interest, establishment",https://myomisushi.ca/,https://maps.google.com/?cid=1192721491531109372&g_mp=Cidnb29nbGUubWFwcy5wbGFjZXMudjEuUGxhY2VzLlNlYXJjaFRleHQQAhgEIAA,Japanese restaurants in Richmond BC,2.0,$$,2
ChIJcyLHm9VzhlQRfeete-hmYjk,Rikoko by Hungry Guys Kitchen,"988 Granville St, Vancouver, BC V6Z 1L2",49.279319,-123.12265889999998,4.5,1020.0,restaurant,"restaurant, bar, food, point_of_interest, establishment",https://www.hungryguyskitchen.com/,https://maps.google.com/?cid=4134980556572977021&g_mp=Cidnb29nbGUubWFwcy5wbGFjZXMudjEuUGxhY2VzLlNlYXJjaFRleHQQAhgEIAA,Vegan restaurants in Downtown Vancouver BC,1.0,$,1
ChIJd-8yM3dxhlQRBsFf2uhonzw,Birds & The Beets,"55 Powell St, Vancouver, BC V6A 1E7",49.2833828,-123.1028503,4.5,1018.0,cafe,"cafe, food_store, store, restaurant, food, point_of_interest, establishment",http://www.birdsandbeets.ca/,https://maps.google.com/?cid=4368325512878080262&g_mp=Cidnb29nbGUubWFwcy5wbGFjZXMudjEuUGxhY2VzLlNlYXJjaFRleHQQAhgEIAA,Vegetarian restaurants in Gastown BC,2.0,$$,2
ChIJJxAOVFt2hlQR0LsYRf0NsZI,Alvin Garden,"4850 Imperial St, Burnaby, BC V5J 1C4",49.221825,-122.9946556,4.5,1009.0,chinese_restaurant,"chinese_restaurant, restaurant, food, point_of_interest, establishment",https://alvingarden.ca/,https://maps.google.com/?cid=10570245181852400592&g_mp=Cidnb29nbGUubWFwcy5wbGFjZXMudjEuUGxhY2VzLlNlYXJjaFRleHQQAhgEIAA,Chinese restaurants in Burnaby BC,2.0,$$,2
ChIJ92RInLNzhlQRKh1-M8BY3VA,Maria's Taverna,"2324 W 4th Ave, Vancouver, BC V6K 1P4",49.268011,-123.158068,4.5,1002.0,greek_restaurant,"greek_restaurant, restaurant, food, point_of_interest, establishment",http://mariason4th.com/,https://maps.google.com/?cid=5826911075408157994&g_mp=Cidnb29nbGUubWFwcy5wbGFjZXMudjEuUGxhY2VzLlNlYXJjaFRleHQQAhgEIAA,Mediterranean restaurants in Kitsilano BC,2.0,$$,2
ChIJsxhDTOxzhlQRotb7IdpsFgM,Happy Noodle House,"630 Davie St, Vancouver, BC V6B 2G5",49.2766756,-123.1257794,4.5,987.0,chinese_noodle_restaurant,"chinese_noodle_restaurant, meal_takeaway, chinese_restaurant, restaurant, food, point_of_interest, establishment",,https://maps.google.com/?cid=222484915730241186&g_mp=Cidnb29nbGUubWFwcy5wbGFjZXMudjEuUGxhY2VzLlNlYXJjaFRleHQQAhgEIAA,Chinese restaurants in Downtown Vancouver BC,2.0,$$,2
ChIJfZnyOohxhlQRAX10LargB0E,Tavola,"1829 Robson St, Vancouver, BC V6G 1E4",49.2918801,-123.13579599999998,4.5,977.0,italian_restaurant,"italian_restaurant, restaurant, food, point_of_interest, establishment",https://tavolavancouver.com/,https://maps.google.com/?cid=4685960958813961473&g_mp=Cidnb29nbGUubWFwcy5wbGFjZXMudjEuUGxhY2VzLlNlYXJjaFRleHQQAhgEIAA,Italian restaurants in West End BC,3.0,$$$,3
ChIJ5QI067dzhlQRknY0UWMtaNo,Delhi-6 Indian Bistro,"1766 W 7th Ave, Vancouver, BC V6J 4T3",49.2652346,-123.1449602,4.5,970.0,indian_restaurant,"indian_restaurant, pakistani_restaurant, north_indian_restaurant, bar, meal_takeaway, restaurant, food, point_of_interest, establishment",http://delhi6.ca/,https://maps.google.com/?cid=15737878802433603218&g_mp=Cidnb29nbGUubWFwcy5wbGFjZXMudjEuUGxhY2VzLlNlYXJjaFRleHQQAhgEIAA,Indian restaurants in Kitsilano BC,2.0,$$,2
ChIJ0absgd_XhVQRjFvZHSagIGg,Naan Club Indian Bistro - Coquitlam/Port Coquitlam,"100 Schoolhouse St Unit 102, Coquitlam, BC V3K 6V9",49.2333737,-122.8541858,4.5,970.0,indian_restaurant,"indian_restaurant, restaurant, food, point_of_interest, establishment",https://www.naanclub.ca/,https://maps.google.com/?cid=7503173064769231756&g_mp=Cidnb29nbGUubWFwcy5wbGFjZXMudjEuUGxhY2VzLlNlYXJjaFRleHQQAhgEIAA,Indian restaurants in North Vancouver BC,2.0,$$,2
ChIJ8SWsS3FxhlQRYMDiAo7i7vo,"Fiorino, Italian Street Food Chinatown Vancouver","212 E Georgia St, Vancouver, BC V6A 1Z7",49.2784583,-123.0991914,4.5,960.0,restaurant,"restaurant, wine_bar, sandwich_shop, cocktail_bar, bar, food, point_of_interest, establishment",http://fiorinovancouver.com/,https://maps.google.com/?cid=18081638653500768352&g_mp=Cidnb29nbGUubWFwcy5wbGFjZXMudjEuUGxhY2VzLlNlYXJjaFRleHQQAhgEIAA,Italian restaurants in Downtown Vancouver BC,2.0,$$,2
ChIJXeBlycZzhlQRQKCkhZQMz9c,Kinara Indian Cuisine,"1326 Davie St, Vancouver, BC V6E 1N6",49.2830707,-123.1355829,4.5,926.0,indian_restaurant,"indian_restaurant, restaurant, food, point_of_interest, establishment",http://kinaraindiancuisine.ca/,https://maps.google.com/?cid=15550661870370463808&g_mp=Cidnb29nbGUubWFwcy5wbGFjZXMudjEuUGxhY2VzLlNlYXJjaFRleHQQAhgEIAA,Indian restaurants in Downtown Vancouver BC,1.0,$,1
ChIJk3IcPcZ3hlQRqV4IDpjmfUU,Balkan House Restaurant,"7530 Edmonds St, Burnaby, BC V3N 1B4",49.2221547,-122.9442098,4.5,916.0,eastern_european_restaurant,"eastern_european_restaurant, mediterranean_restaurant, restaurant, food, point_of_interest, establishment",http://balkanhouse.info/,https://maps.google.com/?cid=5007411901450706601&g_mp=Cidnb29nbGUubWFwcy5wbGFjZXMudjEuUGxhY2VzLlNlYXJjaFRleHQQAhgEIAA,Mediterranean restaurants in Burnaby BC,2.0,$$,2
ChIJzfCzh0dwhlQRvxoKITjJ4gY,Hachi Hana Japanese Restaurant,"1426 Lonsdale Ave, North Vancouver, BC V7M 2J1",49.3214922,-123.072144,4.5,902.0,japanese_restaurant,"sushi_restaurant, meal_takeaway, japanese_restaurant, restaurant, food, point_of_interest, establishment",https://hachihana.ca/,https://maps.google.com/?cid=496180151873837759&g_mp=Cidnb29nbGUubWFwcy5wbGFjZXMudjEuUGxhY2VzLlNlYXJjaFRleHQQAhgEIAA,Japanese restaurants in North Vancouver BC,2.0,$$,2
ChIJGTd4Z_dzhlQRSbJInD5Z0zI,Cambie Vietnamese Restaurant,"4136 Main St, Vancouver, BC V5V 3P7",49.2482993,-123.1007904,4.5,897.0,vietnamese_restaurant,"vietnamese_restaurant, restaurant, food, point_of_interest, establishment",https://www.cambievietnameserestaurant.com/,https://maps.google.com/?cid=3662369047427199561&g_mp=Cidnb29nbGUubWFwcy5wbGFjZXMudjEuUGxhY2VzLlNlYXJjaFRleHQQAhgEIAA,Vietnamese restaurants in Mount Pleasant BC,1.0,$,1
ChIJMXAeXMlzhlQRZZpqQjvb_Wg,S.A.M.E Vietnamese Eatery,"976 Denman St, Vancouver, BC V6G 2M1",49.2896093,-123.1380746,4.5,895.0,vietnamese_restaurant,"vietnamese_restaurant, restaurant, food, point_of_interest, establishment",,https://maps.google.com/?cid=7565443996616137317&g_mp=Cidnb29nbGUubWFwcy5wbGFjZXMudjEuUGxhY2VzLlNlYXJjaFRleHQQAhgEIAA,Vietnamese restaurants in Downtown Vancouver BC,1.0,$,1
ChIJbyxFM0lxhlQR1t1VgxU59J8,Cream Pony,"B2 111 1st Street East, Find us around back in the alleyway, Lolo Ln, North Vancouver, BC V7L 4X9",49.31118730000001,-123.0783311,4.5,873.0,restaurant,"restaurant, donut_shop, coffee_shop, bakery, meal_takeaway, cafe, food_store, store, food, point_of_interest, establishment",http://creampony.ca/,https://maps.google.com/?cid=11525900110908480982&g_mp=Cidnb29nbGUubWFwcy5wbGFjZXMudjEuUGxhY2VzLlNlYXJjaFRleHQQAhgEIAA,Vegan restaurants in North Vancouver BC,2.0,$$,2
ChIJ15BdpFxzhlQRM-0RTohuMFY,Osteria Elio Volpe,"540 W 17th Ave, Vancouver, BC V5Z 1T4",49.255852,-123.1157579,4.5,857.0,restaurant,"restaurant, food, point_of_interest, establishment",https://www.eliovolpe.com/,https://maps.google.com/?cid=6210585417848319283&g_mp=Cidnb29nbGUubWFwcy5wbGFjZXMudjEuUGxhY2VzLlNlYXJjaFRleHQQAhgEIAA,Italian restaurants in Kitsilano BC,2.0,$$,2
ChIJr8F_tCd1hlQRZ-Pf8cM4TDg,Anar Persian Cuisine,"3800 Bayview St #108, Richmond, BC V7E 6K7",49.1239074,-123.1841046,4.5,857.0,persian_restaurant,"persian_restaurant, restaurant, food, point_of_interest, establishment",https://www.anargrill.com/,https://maps.google.com/?cid=4056679778581734247&g_mp=Cidnb29nbGUubWFwcy5wbGFjZXMudjEuUGxhY2VzLlNlYXJjaFRleHQQAhgEIAA,Mediterranean restaurants in Richmond BC,2.0,$$,2
ChIJ2bkM2MxzhlQRCLKAwx7mpMU,Midam Korean Restaurant- Vancouver,"3211 W Broadway, Vancouver, BC V6K 2H5",49.264345,-123.1764925,4.5,845.0,korean_restaurant,"korean_restaurant, restaurant, food, point_of_interest, establishment",https://midamkoreanrestaurant.com/,https://maps.google.com/?cid=14241760941455749640&g_mp=Cidnb29nbGUubWFwcy5wbGFjZXMudjEuUGxhY2VzLlNlYXJjaFRleHQQAhgEIAA,Korean restaurants in Kitsilano BC,2.0,$$,2
ChIJJ8sgfZ9zhlQRrSdLI_XBmAM,Andonis Vancouver,"1193 Granville St, Vancouver, BC V6Z 1M1",49.2774343,-123.12631169999996,4.5,843.0,restaurant,"restaurant, food, point_of_interest, establishment",https://www.andonisvancouver.com/,https://maps.google.com/?cid=259170237177079725&g_mp=Cidnb29nbGUubWFwcy5wbGFjZXMudjEuUGxhY2VzLlNlYXJjaFRleHQQAhgEIAA,Mediterranean restaurants in Downtown Vancouver BC,2.0,$$,2
ChIJDXTkDyJxhlQRa78Uyk8u9GE,Le Pho Vietnamese Restaurant,"2503 E Hastings St, Vancouver, BC V5K 1Z2",49.281274,-123.054338,4.5,834.0,vietnamese_restaurant,"vietnamese_restaurant, restaurant, food, point_of_interest, establishment",https://www.facebook.com/LePho604/,https://maps.google.com/?cid=7058317436224061291&g_mp=Cidnb29nbGUubWFwcy5wbGFjZXMudjEuUGxhY2VzLlNlYXJjaFRleHQQAhgEIAA,Vietnamese restaurants in Commercial Drive BC,1.0,$,1
ChIJnSSZILVxhlQRim_zBeFjr1Q,Kim’s family Korean restaurant 김고집 순대국밥,"140 Lonsdale Ave, North Vancouver, BC V7M 2E8",49.3122889,-123.0779096,4.5,834.0,restaurant,"restaurant, korean_restaurant, food, point_of_interest, establishment",https://www.zomi.menu/shop/kimsfamilykoreanrestaurant,https://maps.google.com/?cid=6102205838228942730&g_mp=Cidnb29nbGUubWFwcy5wbGFjZXMudjEuUGxhY2VzLlNlYXJjaFRleHQQAhgEIAA,Japanese restaurants in North Vancouver BC,2.0,$$,2
ChIJh04xmItxhlQRRdfJbkB4TR0,Zoomak Korean Tavern,"52 Alexander St, Vancouver, BC V6A 1B4",49.2834565,-123.1029536,4.5,828.0,korean_restaurant,"korean_restaurant, restaurant, food, point_of_interest, establishment",http://zoomakyvr.com/,https://maps.google.com/?cid=2111476018438592325&g_mp=Cidnb29nbGUubWFwcy5wbGFjZXMudjEuUGxhY2VzLlNlYXJjaFRleHQQAhgEIAA,Korean restaurants in Downtown Vancouver BC,2.0,$$,2
ChIJRVCPvuhzhlQROwcFYOPZJFA,Shiro,"3096 Cambie St., Vancouver, BC V5Z 2V9",49.2579446,-123.1146049,4.5,814.0,japanese_restaurant,"japanese_restaurant, sushi_restaurant, restaurant, food, point_of_interest, establishment",https://www.facebook.com/shirojapaneserestaurant.vancouver/,https://maps.google.com/?cid=5774980192787564347&g_mp=Cidnb29nbGUubWFwcy5wbGFjZXMudjEuUGxhY2VzLlNlYXJjaFRleHQQAhgEIAA,Japanese restaurants in Mount Pleasant BC,2.0,$$,2
ChIJAbfFv9t2hlQRlA_cjAAwBEo,Argo Greek Cuisine Pizza & Pasta,"3790 Canada Wy #108, Burnaby, BC V5G 1G4",49.25443310000001,-123.0207087,4.5,780.0,meal_takeaway,"meal_takeaway, pizza_delivery, greek_restaurant, catering_service, meal_delivery, food_delivery, restaurant, food, point_of_interest, service, establishment",https://argogreek.ca/,https://maps.google.com/?cid=5333440637634875284&g_mp=Cidnb29nbGUubWFwcy5wbGFjZXMudjEuUGxhY2VzLlNlYXJjaFRleHQQAhgEIAA,Mediterranean restaurants in Burnaby BC,2.0,$$,2
ChIJG1OD4h1zhlQR4gMrrKk63s4,mumu kitchen,"1738 Davie St, Vancouver, BC V6G 0B1",49.2865139,-123.14105219999998,4.5,775.0,korean_restaurant,"korean_restaurant, restaurant, food, point_of_interest, establishment",https://order.tryotter.com/s/mumu-kitchen/1738-davie-street-vancouver/47b433e4-1530-4c5b-b26e-9639a1ff703e,https://maps.google.com/?cid=14906416317055304674&g_mp=Cidnb29nbGUubWFwcy5wbGFjZXMudjEuUGxhY2VzLlNlYXJjaFRleHQQAhgEIAA,Korean restaurants in Downtown Vancouver BC,2.0,$$,2
ChIJ9SJU2HhxhlQRx8uVMErX-TI,Mythos Taverna,"132 3rd St W, North Vancouver, BC V7M 1E8",49.3142041,-123.0781497,4.5,771.0,greek_restaurant,"greek_restaurant, restaurant, food, point_of_interest, establishment",http://mythostaverna.ca/,https://maps.google.com/?cid=3673203684740025287&g_mp=Cidnb29nbGUubWFwcy5wbGFjZXMudjEuUGxhY2VzLlNlYXJjaFRleHQQAhgEIAA,Mediterranean restaurants in North Vancouver BC,2.0,$$,2
ChIJ8f6KkBNzhlQR9oz20qMWukY,New Fuji,"1815 W 1st Ave, Vancouver, BC V6J 4M6",49.2708098,-123.1470093,4.5,767.0,restaurant,"restaurant, japanese_restaurant, food, point_of_interest, establishment",https://new-fuji.ca/,https://maps.google.com/?cid=5096410821197991158&g_mp=Cidnb29nbGUubWFwcy5wbGFjZXMudjEuUGxhY2VzLlNlYXJjaFRleHQQAhgEIAA,Japanese restaurants in Kitsilano BC,2.0,$$,2
ChIJcaBgLwh1hlQRp2UdMmvM6SI,Sumi Korean Restaurant,"5628 Victoria Dr, Vancouver, BC V5P 3W4",49.2336015,-123.0653432,4.5,766.0,korean_restaurant,"korean_restaurant, restaurant, food, point_of_interest, establishment",https://www.clover.com/online-ordering/sumi-korean-restaurant-vancouver,https://maps.google.com/?cid=2515766627637487015&g_mp=Cidnb29nbGUubWFwcy5wbGFjZXMudjEuUGxhY2VzLlNlYXJjaFRleHQQAhgEIAA,Korean restaurants in Mount Pleasant BC,2.0,$$,2
ChIJbQwfVTd3hlQRrNbHfHr-z1Y,Takara Sushi,"3726 Canada Wy, Burnaby, BC V5G 1G4",49.2546085,-123.0225166,4.5,761.0,sushi_restaurant,"sushi_restaurant, asian_restaurant, seafood_restaurant, meal_takeaway, japanese_restaurant, restaurant, food, point_of_interest, establishment",http://www.takarasushi.ca/,https://maps.google.com/?cid=6255498209473844908&g_mp=Cidnb29nbGUubWFwcy5wbGFjZXMudjEuUGxhY2VzLlNlYXJjaFRleHQQAhgEIAA,Japanese restaurants in Burnaby BC,2.0,$$,2
ChIJ_SfvgDhwhlQRW4c3we7n1iM,Palki Indian Cuisine,"116 15th St E, North Vancouver, BC V7M 2J1",49.3223283,-123.0714801,4.5,757.0,indian_restaurant,"indian_restaurant, fine_dining_restaurant, asian_restaurant, diner, meal_delivery, food_delivery, meal_takeaway, wholesaler, manufacturer, supplier, restaurant, food, point_of_interest, establishment",https://onlinefoodordering.ca/palki,https://maps.google.com/?cid=2582506448973432667&g_mp=Cidnb29nbGUubWFwcy5wbGFjZXMudjEuUGxhY2VzLlNlYXJjaFRleHQQAhgEIAA,Indian restaurants in North Vancouver BC,2.0,$$,2
ChIJPf4WDVtwhlQR47Y5NrZDYNY,Sansho Sushi & Japanese Dining,"707 Queensbury Ave, North Vancouver, BC V7L 3V9",49.3127793,-123.0574227,4.5,748.0,japanese_restaurant,"japanese_restaurant, sushi_restaurant, restaurant, food, point_of_interest, establishment",https://sanshosushi.com/,https://maps.google.com/?cid=15447421171753662179&g_mp=Cidnb29nbGUubWFwcy5wbGFjZXMudjEuUGxhY2VzLlNlYXJjaFRleHQQAhgEIAA,Japanese restaurants in North Vancouver BC,2.0,$$,2
ChIJWX04OYhxhlQRrj8ua53qkZc,Nook West End,"781 Denman St, Vancouver, BC V6G 3E4",49.2917687,-123.1353647,4.5,745.0,italian_restaurant,"italian_restaurant, restaurant, food, point_of_interest, establishment",http://nookrestaurants.com/,https://maps.google.com/?cid=10921768533179121582&g_mp=Cidnb29nbGUubWFwcy5wbGFjZXMudjEuUGxhY2VzLlNlYXJjaFRleHQQAhgEIAA,Italian restaurants in West End BC,2.0,$$,2
ChIJqWVBhTVxhlQRqIQz2VJ71OM,Got Phở Thiên Kim,"2523 Nanaimo St, Vancouver, BC V5N 5E6",49.2617875,-123.0568524,4.5,729.0,vietnamese_restaurant,"vietnamese_restaurant, restaurant, food, point_of_interest, establishment",https://www.zomi.menu/shop/gotphthinkim,https://maps.google.com/?cid=16416882137433867432&g_mp=Cidnb29nbGUubWFwcy5wbGFjZXMudjEuUGxhY2VzLlNlYXJjaFRleHQQAhgEIAA,Vietnamese restaurants in Commercial Drive BC,1.0,$,1
ChIJ6QF2DX9xhlQRX4BsBzkr_fs,Nook Shipyards,"150 Victory Ship Way #160, North Vancouver, BC V7L 0B2",49.3101561,-123.0790694,4.5,727.0,restaurant,"restaurant, food, point_of_interest, establishment",https://nookrestaurants.com/,https://maps.google.com/?cid=18157716796565389407&g_mp=Cidnb29nbGUubWFwcy5wbGFjZXMudjEuUGxhY2VzLlNlYXJjaFRleHQQAhgEIAA,Italian restaurants in North Vancouver BC,2.0,$$,2
ChIJu8JUrD5whlQRIpbjx4IZkus,Pawan’s Indian Kitchen,"1925 Lonsdale Ave, North Vancouver, BC V7M 2K2",49.3266575,-123.0723375,4.5,726.0,indian_restaurant,"indian_restaurant, restaurant, food, point_of_interest, establishment",http://www.pawansindiankitchen.ca/,https://maps.google.com/?cid=16974657995002844706&g_mp=Cidnb29nbGUubWFwcy5wbGFjZXMudjEuUGxhY2VzLlNlYXJjaFRleHQQAhgEIAA,Indian restaurants in North Vancouver BC,2.0,$$,2
ChIJASZOc4VzhlQRCJbMmNGda_k,Fiore Famiglia,"2603 W 16th Ave, Vancouver, BC V6K 3C2",49.2578279,-123.1651315,4.5,719.0,italian_restaurant,"italian_restaurant, restaurant, food, point_of_interest, establishment",http://fiorerestaurants.ca/,https://maps.google.com/?cid=17972632261489366536&g_mp=Cidnb29nbGUubWFwcy5wbGFjZXMudjEuUGxhY2VzLlNlYXJjaFRleHQQAhgEIAA,Italian restaurants in Kitsilano BC,2.0,$$,2
ChIJ837H2aNzhlQRNbX6Nktr8ns,Damaskino Shawarma,"835 Denman St, Vancouver, BC V6G 2L7",49.2910041,-123.1364158,4.5,719.0,restaurant,"restaurant, food, point_of_interest, establishment",http://damaskinoshawarma.zomi.menu/,https://maps.google.com/?cid=8931318981818234165&g_mp=Cidnb29nbGUubWFwcy5wbGFjZXMudjEuUGxhY2VzLlNlYXJjaFRleHQQAhgEIAA,Lebanese restaurants in Mount Pleasant BC,2.0,$$,2
ChIJr6Gihk53hlQRAEsNxyohEa0,Pho Den,"6401 Kingsway #120, Burnaby, BC V5E 1E1",49.219867,-122.9700575,4.5,714.0,restaurant,"restaurant, vietnamese_restaurant, food, point_of_interest, establishment",https://www.zomi.menu/shop/phoden,https://maps.google.com/?cid=12470785310777494272&g_mp=Cidnb29nbGUubWFwcy5wbGFjZXMudjEuUGxhY2VzLlNlYXJjaFRleHQQAhgEIAA,Vietnamese restaurants in Burnaby BC,1.0,$,1
ChIJEaBsE9pxhlQRFJ6t5iY3GHw,Farina a Legna,"119 E 2nd St, North Vancouver, BC V7L 1C2",49.31220520000001,-123.0772182,4.5,706.0,italian_restaurant,"italian_restaurant, restaurant, food, point_of_interest, establishment",http://www.farinaalegna.com/,https://maps.google.com/?cid=8941957700362542612&g_mp=Cidnb29nbGUubWFwcy5wbGFjZXMudjEuUGxhY2VzLlNlYXJjaFRleHQQAhgEIAA,Italian restaurants in North Vancouver BC,2.0,$$,2
ChIJC7zgATpzhlQRNy6sq4jKhQs,John 3:16 Malaysian Delights,"1063 W Broadway, Vancouver, BC V6H 1E2",49.2636018,-123.1280703,4.5,691.0,malaysian_restaurant,"malaysian_restaurant, restaurant, food, point_of_interest, establishment",https://john316mydelights.com/,https://maps.google.com/?cid=830292394664275511&g_mp=Cidnb29nbGUubWFwcy5wbGFjZXMudjEuUGxhY2VzLlNlYXJjaFRleHQQAhgEIAA,Caribbean restaurants in West End BC,2.0,$$,2
ChIJ-bkBardzhlQRgiqIiDyxSrc,Akbar's Own Cuisine of India,"1905 W Broadway, Vancouver, BC V6J 1Z3",49.26402,-123.14842259999998,4.5,688.0,indian_restaurant,"indian_restaurant, restaurant, food, point_of_interest, establishment",https://order.akbarsvancouver.com/,https://maps.google.com/?cid=13207563730764180098&g_mp=Cidnb29nbGUubWFwcy5wbGFjZXMudjEuUGxhY2VzLlNlYXJjaFRleHQQAhgEIAA,Indian restaurants in Kitsilano BC,2.0,$$,2
ChIJET2uRHJxhlQRIGUbZ-5Hi1Y,Dosanko Restaurant,"566 Powell St Unit #100, Vancouver, BC V6A 1G9",49.2829258,-123.0919095,4.5,673.0,japanese_restaurant,"japanese_restaurant, restaurant, food, point_of_interest, establishment",http://dosankorestaurant.ca/,https://maps.google.com/?cid=6236157198282220832&g_mp=Cidnb29nbGUubWFwcy5wbGFjZXMudjEuUGxhY2VzLlNlYXJjaFRleHQQAhgEIAA,Japanese restaurants in Gastown BC,2.0,$$,2
ChIJG2G7MHwLhlQRHd8GoyFh7hQ,Edokko Nigiri Sushi (Dine-in only),"3679 Westminster Hwy, Richmond, BC V7C 5V2",49.1703377,-123.181571,4.5,670.0,sushi_restaurant,"sushi_restaurant, japanese_restaurant, restaurant, food, point_of_interest, establishment",https://www.edokkonigirisushi.ca/,https://maps.google.com/?cid=1508249722312646429&g_mp=Cidnb29nbGUubWFwcy5wbGFjZXMudjEuUGxhY2VzLlNlYXJjaFRleHQQAhgEIAA,Japanese restaurants in Richmond BC,2.0,$$,2
ChIJRYQCET9xhlQRsN1Fxhqm1PI,Turks Coffee Bar,"1276 Commercial Dr, Vancouver, BC V5L 3X4",49.2732983,-123.0693635,4.5,669.0,coffee_shop,"coffee_shop, cafe, food_store, store, food, point_of_interest, establishment",http://www.milanocoffee.ca/,https://maps.google.com/?cid=17497793086167047600&g_mp=Cidnb29nbGUubWFwcy5wbGFjZXMudjEuUGxhY2VzLlNlYXJjaFRleHQQAhgEIAA,Turkish restaurants in Commercial Drive BC,2.0,$$,2
ChIJ27ojj9NzhlQRcJhTE_WSFts,Four Olives restaurant- best Greek restaurant,"4510 W 10th Ave, Vancouver, BC V6R 2J1",49.2636985,-123.2094316,4.5,662.0,greek_restaurant,"greek_restaurant, mediterranean_restaurant, italian_restaurant, restaurant, food, point_of_interest, establishment",http://www.fourolives.ca/,https://maps.google.com/?cid=15786967125082740848&g_mp=Cidnb29nbGUubWFwcy5wbGFjZXMudjEuUGxhY2VzLlNlYXJjaFRleHQQAhgEIAA,Mediterranean restaurants in Kitsilano BC,2.0,$$,2
ChIJg01-3P1zhlQRXUEZrVADdBY,LUCKY SUSHI CO.,"1184 Denman St #203, Vancouver, BC V6G 1W2",49.2872964,-123.1415177,4.5,646.0,sushi_restaurant,"sushi_restaurant, japanese_restaurant, restaurant, food, point_of_interest, establishment",http://www.luckysushico.com/,https://maps.google.com/?cid=1617921811169231197&g_mp=Cidnb29nbGUubWFwcy5wbGFjZXMudjEuUGxhY2VzLlNlYXJjaFRleHQQAhgEIAA,Japanese restaurants in West End BC,2.0,$$,2
ChIJKT2wgH5zhlQRVY9mtMzWaus,Joon's Kitchen,"3093 Oak St, Vancouver, BC V6H 2K8",49.2580941,-123.1271409,4.5,645.0,korean_restaurant,"korean_restaurant, sushi_restaurant, meal_takeaway, japanese_restaurant, restaurant, food, point_of_interest, establishment",https://joonskitchen.zomi.menu/,https://maps.google.com/?cid=16963607121132687189&g_mp=Cidnb29nbGUubWFwcy5wbGFjZXMudjEuUGxhY2VzLlNlYXJjaFRleHQQAhgEIAA,Korean restaurants in Kitsilano BC,2.0,$$,2
ChIJSfeyuuh1hlQRqdPh57pgHpA,Szechuan tales Restaurant,"8111 Leslie Rd, Richmond, BC V6X 1E4",49.1800036,-123.1346517,4.5,641.0,restaurant,"restaurant, food, point_of_interest, establishment",https://www.zomi.menu/shop/szechuantalesrestaurant,https://maps.google.com/?cid=10384844146633462697&g_mp=Cidnb29nbGUubWFwcy5wbGFjZXMudjEuUGxhY2VzLlNlYXJjaFRleHQQAhgEIAA,Chinese restaurants in Richmond BC,2.0,$$,2
ChIJ5y7VcAB5hlQRVgbTd0cUjNU,YEUN KYUNG (연경) KOREAN CHINESE RESTAURANT,"4333 North Rd, Burnaby, BC V3N 4N3",49.2450736,-122.893209,4.5,631.0,korean_restaurant,"korean_restaurant, restaurant, food, point_of_interest, establishment",https://linktr.ee/yeunkyung24,https://maps.google.com/?cid=15387696324003694166&g_mp=Cidnb29nbGUubWFwcy5wbGFjZXMudjEuUGxhY2VzLlNlYXJjaFRleHQQAhgEIAA,Korean restaurants in Burnaby BC,2.0,$$,2
ChIJXUDhAeJzhlQRsyu97gqaq-s,Italia Bella Bar & Grill,"53 W Broadway, Vancouver, BC V5Y 1P1",49.2632473,-123.1061808,4.5,625.0,italian_restaurant,"italian_restaurant, bar_and_grill, bar, restaurant, food, point_of_interest, establishment",https://www.italiabella.ca/,https://maps.google.com/?cid=16981836191676312499&g_mp=Cidnb29nbGUubWFwcy5wbGFjZXMudjEuUGxhY2VzLlNlYXJjaFRleHQQAhgEIAA,Italian restaurants in Mount Pleasant BC,2.0,$$,2
ChIJCT7kXad1hlQRrIUXyk8atIc,Tandoori King Kitchen & Bar,"11911 Bridgeport Rd #101, Richmond, BC V6X 1T5",49.1923399,-123.0924203,4.5,621.0,restaurant,"restaurant, indian_restaurant, food, point_of_interest, establishment",http://tandooriking.com/,https://maps.google.com/?cid=9778469620923467180&g_mp=Cidnb29nbGUubWFwcy5wbGFjZXMudjEuUGxhY2VzLlNlYXJjaFRleHQQAhgEIAA,Indian restaurants in Richmond BC,2.0,$$,2
ChIJwXSqZ5J3hlQRYtWYOLyu_Ts,Olivo Cafe Burnaby,"3871 N Fraser Wy Unit 17, Burnaby, BC V5J 5G6",49.2016677,-123.017044,4.5,619.0,cafe,"cafe, restaurant, food, point_of_interest, establishment",https://www.instagram.com/olivocafe.burnaby/,https://maps.google.com/?cid=4322803340772169058&g_mp=Cidnb29nbGUubWFwcy5wbGFjZXMudjEuUGxhY2VzLlNlYXJjaFRleHQQAhgEIAA,Mexican restaurants in Burnaby BC,1.0,$,1
ChIJDTCBYo9zhlQR65cZM2XZIjU,Kinkura Sushi + Sake,"656 Davie St, Vancouver, BC V6B 2G5",49.2768222,-123.1259475,4.5,610.0,sushi_restaurant,"sushi_restaurant, japanese_restaurant, restaurant, food, point_of_interest, establishment",https://kinkurasushi.ca/,https://maps.google.com/?cid=3828861661890582507&g_mp=Cidnb29nbGUubWFwcy5wbGFjZXMudjEuUGxhY2VzLlNlYXJjaFRleHQQAhgEIAA,Japanese restaurants in Downtown Vancouver BC,2.0,$$,2
ChIJ7-nOLid3hlQRO-7Os0y4mY4,Bún Riêu Phương Nam,"7405 Edmonds St, Burnaby, BC V3N 1B1",49.2201891,-122.948617,4.5,603.0,vietnamese_restaurant,"vietnamese_restaurant, restaurant, food, point_of_interest, establishment",https://www.instagram.com/bun_rieu_phuong_nam/,https://maps.google.com/?cid=10275446664396205627&g_mp=Cidnb29nbGUubWFwcy5wbGFjZXMudjEuUGxhY2VzLlNlYXJjaFRleHQQAhgEIAA,Vietnamese restaurants in Burnaby BC,1.0,$,1
ChIJCY2-lt1zhlQRrdBCO5My1yw,Uma Sushi,"450 W 8th Ave, Vancouver, BC V5Y 1R4",49.2638371,-123.1138149,4.5,591.0,japanese_restaurant,"sushi_restaurant, japanese_restaurant, restaurant, food, point_of_interest, establishment",https://umasushi.ca/,https://maps.google.com/?cid=3231106865597436077&g_mp=Cidnb29nbGUubWFwcy5wbGFjZXMudjEuUGxhY2VzLlNlYXJjaFRleHQQAhgEIAA,Japanese restaurants in Mount Pleasant BC,2.0,$$,2
ChIJkSMqtwd1hlQRuoQqPGOJKnM,Star6 Indian Cuisine,"Star6 indian cuisine, 4611 No 6 Rd #170, Richmond, BC V6V 2L3",49.1799094,-123.0696283,4.5,589.0,indian_restaurant,"indian_restaurant, restaurant, food, point_of_interest, establishment",https://star6.co/,https://maps.google.com/?cid=8298596322687747258&g_mp=Cidnb29nbGUubWFwcy5wbGFjZXMudjEuUGxhY2VzLlNlYXJjaFRleHQQAhgEIAA,Indian restaurants in Richmond BC,2.0,$$,2
ChIJ3bF6uV9zhlQRp_tsSGGUq7s,Thai Town Restaurant,"1065 Granville St, Vancouver, BC V6Z 1L4",49.2786348,-123.1242475,4.5,588.0,thai_restaurant,"thai_restaurant, asian_restaurant, restaurant, food, point_of_interest, establishment",https://www.vancouverthaitown.com/,https://maps.google.com/?cid=13523065451657886631&g_mp=Cidnb29nbGUubWFwcy5wbGFjZXMudjEuUGxhY2VzLlNlYXJjaFRleHQQAhgEIAA,Thai restaurants in Downtown Vancouver BC,2.0,$$,2
ChIJAZgt8gRxhlQRuzkP692jwWQ,My Cucina by Cipriano,"273 Lonsdale Ave, North Vancouver, BC V7M 2E9",49.3134279,-123.0773615,4.5,581.0,italian_restaurant,"italian_restaurant, restaurant, food, point_of_interest, establishment",http://www.mycucina.ca/,https://maps.google.com/?cid=7260264247824693691&g_mp=Cidnb29nbGUubWFwcy5wbGFjZXMudjEuUGxhY2VzLlNlYXJjaFRleHQQAhgEIAA,Italian restaurants in North Vancouver BC,2.0,$$,2
ChIJyewOPABzhlQRlGpGTSekuaw,Sushi Mura Main St,"3068 Main St, Vancouver, BC V5T 3G5",49.2578688,-123.1008956,4.5,562.0,asian_restaurant,"asian_restaurant, restaurant, food, point_of_interest, establishment",https://mainst.sushimura.ca/,https://maps.google.com/?cid=12446159533922216596&g_mp=Cidnb29nbGUubWFwcy5wbGFjZXMudjEuUGxhY2VzLlNlYXJjaFRleHQQAhgEIAA,Japanese restaurants in Mount Pleasant BC,1.0,$,1
ChIJi4HjHBpuhlQRwsi2c7JuaJQ,Carmelo's Ristorante Italiano,"1448 Marine Dr, West Vancouver, BC V7T 1B5",49.328016,-123.155582,4.5,561.0,italian_restaurant,"italian_restaurant, meal_takeaway, restaurant, food, point_of_interest, establishment",http://www.carmelos.ca/,https://maps.google.com/?cid=10693919027915835586&g_mp=Cidnb29nbGUubWFwcy5wbGFjZXMudjEuUGxhY2VzLlNlYXJjaFRleHQQAhgEIAA,Italian restaurants in West End BC,2.0,$$,2
ChIJYwtyJgB5hlQRQzXWPkJ7vQE,Stone Korean BBQ House,"3778 Grande Prom. #310, Burnaby, BC V3J 1N4",49.249353,-122.8937443,4.5,561.0,korean_restaurant,"korean_restaurant, restaurant, food, point_of_interest, establishment",http://stonebbq.ca/,https://maps.google.com/?cid=125391889088525635&g_mp=Cidnb29nbGUubWFwcy5wbGFjZXMudjEuUGxhY2VzLlNlYXJjaFRleHQQAhgEIAA,Korean restaurants in Burnaby BC,2.0,$$,2
ChIJDTxyCEJ6hlQRJl0OvVFJSYQ,Momiji Japanese Cuisine,"3720 Mt Seymour Pkwy, North Vancouver, BC V7G 1C3",49.3161962,-122.96822159999998,4.5,532.0,japanese_restaurant,"japanese_restaurant, sushi_restaurant, asian_restaurant, meal_takeaway, restaurant, food, point_of_interest, establishment",https://www.oftendining.com/?store_id=4446#s:menu.php?store_id=4446&menu_id=-2&type_id=101&direct=0,https://maps.google.com/?cid=9532230701719379238&g_mp=Cidnb29nbGUubWFwcy5wbGFjZXMudjEuUGxhY2VzLlNlYXJjaFRleHQQAhgEIAA,Japanese restaurants in North Vancouver BC,2.0,$$,2
ChIJi0nShM9whlQRyNDF2pgK12g,L'Artista Italian Restaurant,"3891 E Hastings St, Burnaby, BC V5C 2H7",49.28126,-123.018888,4.5,529.0,italian_restaurant,"italian_restaurant, restaurant, food, point_of_interest, establishment",https://www.lartistaristo.com/,https://maps.google.com/?cid=7554518551559000264&g_mp=Cidnb29nbGUubWFwcy5wbGFjZXMudjEuUGxhY2VzLlNlYXJjaFRleHQQAhgEIAA,Italian restaurants in Burnaby BC,2.0,$$,2
ChIJ1f_faOt3hlQR9UNINfOqmmU,#CHIBOP,"1805 Rosser Ave, Burnaby, BC V5C 6R4",49.2677387,-123.0064866,4.5,527.0,korean_restaurant,"korean_restaurant, restaurant, food, point_of_interest, establishment",http://www.chibop.ca/,https://maps.google.com/?cid=7321352105791865845&g_mp=Cidnb29nbGUubWFwcy5wbGFjZXMudjEuUGxhY2VzLlNlYXJjaFRleHQQAhgEIAA,Korean restaurants in Mount Pleasant BC,2.0,$$,2
ChIJgVQHB5h3hlQRz4Hxp5ikv20,鱼你在一起Fish With You Burnaby下饭酸菜鱼fish pot,"4500 Kingsway #1233, Burnaby, BC V5H 2A9",49.229534,-123.0052255,4.5,489.0,restaurant,"restaurant, asian_restaurant, seafood_restaurant, meal_takeaway, chinese_restaurant, food, point_of_interest, establishment",http://fishwithyoubc.com/,https://maps.google.com/?cid=7908220446245487055&g_mp=Cidnb29nbGUubWFwcy5wbGFjZXMudjEuUGxhY2VzLlNlYXJjaFRleHQQAhgEIAA,Seafood restaurants in Burnaby BC,2.0,$$,2
ChIJ9Vwt10xwhlQRgjNrxRU0IX4,Sharky's Chophouse & Eatery,"123 Carrie Cates Ct #106, North Vancouver, BC V7M 3K7",49.3103672,-123.08210950000002,4.5,479.0,restaurant,"steak_house, food_store, store, restaurant, food, point_of_interest, establishment",http://www.sharkyschophouse.ca/,https://maps.google.com/?cid=9088602791121466242&g_mp=Cidnb29nbGUubWFwcy5wbGFjZXMudjEuUGxhY2VzLlNlYXJjaFRleHQQAhgEIAA,Brazilian restaurants in Gastown BC,1.0,$,1
ChIJGTXjRt9zhlQRsPdqsVTHK7E,Nostos Taverna,"3162 W Broadway, Vancouver, BC V6K 2H3",49.2640112,-123.1753493,4.5,479.0,greek_restaurant,"greek_restaurant, restaurant, food, point_of_interest, establishment",https://nostostaverna.com/,https://maps.google.com/?cid=12766516735279560624&g_mp=Cidnb29nbGUubWFwcy5wbGFjZXMudjEuUGxhY2VzLlNlYXJjaFRleHQQAhgEIAA,Mediterranean restaurants in Kitsilano BC,2.0,$$,2
ChIJq6quTYBxhlQReied3xGjDic,The Roof,"1032 Alberni St 3rd floor, Vancouver, BC V6E 1A3",49.2845026,-123.1228817,4.5,467.0,restaurant,"restaurant, steak_house, bar_and_grill, brunch_restaurant, fine_dining_restaurant, lounge_bar, event_venue, night_club, bar, american_restaurant, food, point_of_interest, establishment",https://blackandbluesteakhouse.ca/the-roof-vancouver/?utm_source=GoogleBusinessProfile&utm_medium=Website&utm_campaign=MapLabs,https://maps.google.com/?cid=2814366114314528634&g_mp=Cidnb29nbGUubWFwcy5wbGFjZXMudjEuUGxhY2VzLlNlYXJjaFRleHQQAhgEIAA,Caribbean restaurants in Downtown Vancouver BC,2.0,$$,2
ChIJVZtXPQBxhlQR8zQuG3eAPhk,ELEM,"2110 Main St, Vancouver, BC V5T 0K1",49.2662094,-123.10052389999998,4.5,457.0,restaurant,"restaurant, cocktail_bar, bar, food, point_of_interest, establishment",http://elemvancouver.com/,https://maps.google.com/?cid=1819032548549735667&g_mp=Cidnb29nbGUubWFwcy5wbGFjZXMudjEuUGxhY2VzLlNlYXJjaFRleHQQAhgEIAA,Mediterranean restaurants in Mount Pleasant BC,2.0,$$,2
ChIJFX08B8VxhlQRgRoXKKRkFjk,Lonsdale BridgeDeck,"1211 Lonsdale Ave, North Vancouver, BC V7M 2H5",49.3191383,-123.0726502,4.5,457.0,restaurant,"restaurant, food, point_of_interest, establishment",https://www.bridgebrewing.com/lonsdale-bridgedeck,https://maps.google.com/?cid=4113585965859543681&g_mp=Cidnb29nbGUubWFwcy5wbGFjZXMudjEuUGxhY2VzLlNlYXJjaFRleHQQAhgEIAA,Vegan restaurants in North Vancouver BC,2.0,$$,2
ChIJH62Tvv9yhlQRGRbcrihw_0E,Taste of Thai,"3629 W Broadway, Vancouver, BC V6R 2B8",49.2645684,-123.1845215,4.5,453.0,thai_restaurant,"thai_restaurant, restaurant, food, point_of_interest, establishment",http://tasteofthaibc.ca/,https://maps.google.com/?cid=4755643051561195033&g_mp=Cidnb29nbGUubWFwcy5wbGFjZXMudjEuUGxhY2VzLlNlYXJjaFRleHQQAhgEIAA,Thai restaurants in Kitsilano BC,2.0,$$,2
ChIJj6CqcKRzhlQRmjvW2A9hY9Q,Xin Chào,"2559 Cambie St., Vancouver, BC V5Z 4A8",49.262599400000006,-123.1150912,4.5,447.0,restaurant,"restaurant, food, point_of_interest, establishment",http://www.xinchao.ca/,https://maps.google.com/?cid=15304182679425399706&g_mp=Cidnb29nbGUubWFwcy5wbGFjZXMudjEuUGxhY2VzLlNlYXJjaFRleHQQAhgEIAA,Vietnamese restaurants in Downtown Vancouver BC,2.0,$$,2
ChIJa8ootrZxhlQRKMIivNiMdbI,Phở Pasteur Restaurant,"3853 Hastings St, Burnaby, BC V5C 2H7",49.281289,-123.019298,4.5,435.0,vietnamese_restaurant,"vietnamese_restaurant, restaurant, food, point_of_interest, establishment",http://www.phopasteurrestaurant.com/,https://maps.google.com/?cid=12859339173523538472&g_mp=Cidnb29nbGUubWFwcy5wbGFjZXMudjEuUGxhY2VzLlNlYXJjaFRleHQQAhgEIAA,Vietnamese restaurants in Burnaby BC,1.0,$,1
ChIJk_7wXQBxhlQR3XCR9NQ7fIY,Nom Nom,"1660 Robson St, Vancouver, BC V6G 1C7",49.289942,-123.1333875,4.5,433.0,korean_restaurant,"korean_restaurant, restaurant, food, point_of_interest, establishment",http://nomnomseoul.ca/,https://maps.google.com/?cid=9690686284016742621&g_mp=Cidnb29nbGUubWFwcy5wbGFjZXMudjEuUGxhY2VzLlNlYXJjaFRleHQQAhgEIAA,Korean restaurants in Downtown Vancouver BC,2.0,$$,2
ChIJuaqujyZ1hlQRm4j4h6t3RqI,Hai Chi Em Modern Vietnamese Cuisine,"2172 Kingsway, Vancouver, BC V5N 2T5",49.24368870000001,-123.0624452,4.5,431.0,vietnamese_restaurant,"vietnamese_restaurant, restaurant, food, point_of_interest, establishment",https://www.haichiem.ca/,https://maps.google.com/?cid=11693165061118396571&g_mp=Cidnb29nbGUubWFwcy5wbGFjZXMudjEuUGxhY2VzLlNlYXJjaFRleHQQAhgEIAA,Vietnamese restaurants in Commercial Drive BC,1.0,$,1
ChIJwXPiPd12hlQReVTJ8Jx2qsk,El Inka restaurant,"3826 Sunset St, Burnaby, BC V5G 1T3",49.2495765,-123.0191685,4.5,426.0,peruvian_restaurant,"peruvian_restaurant, latin_american_restaurant, deli, food_store, store, restaurant, food, point_of_interest, establishment",,https://maps.google.com/?cid=14531557564091028601&g_mp=Cidnb29nbGUubWFwcy5wbGFjZXMudjEuUGxhY2VzLlNlYXJjaFRleHQQAhgEIAA,Peruvian restaurants in Downtown Vancouver BC,1.0,$,1
ChIJ8fEk2NpzhlQRKBs4fszKkl4,Sazon Mexican Cuisine,"2698 W 4th Ave, Vancouver, BC V6K 1P7",49.268204,-123.166196,4.5,426.0,mexican_restaurant,"mexican_restaurant, restaurant, food, point_of_interest, establishment",http://sazon.ca/,https://maps.google.com/?cid=6814732165804727080&g_mp=Cidnb29nbGUubWFwcy5wbGFjZXMudjEuUGxhY2VzLlNlYXJjaFRleHQQAhgEIAA,Mexican restaurants in Kitsilano BC,1.0,$,1
ChIJwdQdFgBxhlQRSdNAsu9zVFE,Selene Aegean Bistro,"360 Penticton St, Vancouver, BC V5K 1Z5",49.2815483,-123.0516911,4.5,421.0,mediterranean_restaurant,"mediterranean_restaurant, restaurant, food, point_of_interest, establishment",http://www.seleneagn.com/,https://maps.google.com/?cid=5860436488440828745&g_mp=Cidnb29nbGUubWFwcy5wbGFjZXMudjEuUGxhY2VzLlNlYXJjaFRleHQQAhgEIAA,Mediterranean restaurants in Gastown BC,2.0,$$,2
ChIJ-3OHjn9zhlQRI1UV3-Eu6Ko,Au Petit Comptoir,"1471 Continental St, Vancouver, BC V6Z 0G3",49.2748364,-123.1307964,4.5,412.0,french_restaurant,"french_restaurant, restaurant, food, point_of_interest, establishment",https://aupetitcomptoir.ca/,https://maps.google.com/?cid=12315144728689857827&g_mp=Cidnb29nbGUubWFwcy5wbGFjZXMudjEuUGxhY2VzLlNlYXJjaFRleHQQAhgEIAA,French restaurants in Downtown Vancouver BC,2.0,$$,2
ChIJgUKmvd11hlQRZRYpELDEyi8,Ivy's Kitchen Vietnamese Restaurant,"4598 Main St, Vancouver, BC V5V 3R5",49.2434391,-123.10117040000002,4.5,412.0,restaurant,"restaurant, food, point_of_interest, establishment",,https://maps.google.com/?cid=3443781125542581861&g_mp=Cidnb29nbGUubWFwcy5wbGFjZXMudjEuUGxhY2VzLlNlYXJjaFRleHQQAhgEIAA,Vietnamese restaurants in Mount Pleasant BC,1.0,$,1
ChIJhdX87IdxhlQRaPEShBeVjqc,AlHadbah Donair,"1610 Robson St Unit #105, Vancouver, BC V6G 1C7",49.2895386,-123.1327989,4.5,412.0,middle_eastern_restaurant,"middle_eastern_restaurant, restaurant, food, point_of_interest, establishment",http://alhadbahdonair.com/,https://maps.google.com/?cid=12073751579259498856&g_mp=Cidnb29nbGUubWFwcy5wbGFjZXMudjEuUGxhY2VzLlNlYXJjaFRleHQQAhgEIAA,Lebanese restaurants in West End BC,1.0,$,1
ChIJR3BwAU1xhlQRT3zWJMwd298,Liberty Kitchen Harbour Centre (North Vancouver),"1378 Main St, North Vancouver, BC V7J 1C6",49.3062971,-123.0351127,4.5,404.0,restaurant,"restaurant, food, point_of_interest, establishment",https://www.eatliberty.com/harbourcentre,https://maps.google.com/?cid=16130519252986133583&g_mp=Cidnb29nbGUubWFwcy5wbGFjZXMudjEuUGxhY2VzLlNlYXJjaFRleHQQAhgEIAA,Italian restaurants in North Vancouver BC,2.0,$$,2
ChIJW2WDLW1zhlQRdKYFDsj3fIo,Autostrada Osteria Vancouver House,"1481 Continental St, Vancouver, BC V6Z 0G3",49.2744192,-123.1311444,4.5,403.0,italian_restaurant,"italian_restaurant, restaurant, food, point_of_interest, establishment",http://www.autostradahospitality.ca/,https://maps.google.com/?cid=9979123312946947700&g_mp=Cidnb29nbGUubWFwcy5wbGFjZXMudjEuUGxhY2VzLlNlYXJjaFRleHQQAhgEIAA,Italian restaurants in Downtown Vancouver BC,2.0,$$,2
ChIJrVW1IL1zhlQRTXHPrsNtdV8,Best Falafel Kitsilano,"1859 W 4th Ave, Vancouver, BC V6J 1M4",49.2681623,-123.1470713,4.5,402.0,middle_eastern_restaurant,"middle_eastern_restaurant, restaurant, food, point_of_interest, establishment",http://bestfalafel.ca/,https://maps.google.com/?cid=6878524693097181517&g_mp=Cidnb29nbGUubWFwcy5wbGFjZXMudjEuUGxhY2VzLlNlYXJjaFRleHQQAhgEIAA,Mediterranean restaurants in Kitsilano BC,1.0,$,1
ChIJw_AyECt3hlQRX2SqYFUoVYQ,Aroma Eatery,"4500 Kingsway #1011, Burnaby, BC V5H 2A9",49.2284125,-123.0049136,4.5,394.0,taiwanese_restaurant,"taiwanese_restaurant, chinese_restaurant, restaurant, food, point_of_interest, establishment",https://www.facebook.com/profile.php?id=100063950746962,https://maps.google.com/?cid=9535572133186004063&g_mp=Cidnb29nbGUubWFwcy5wbGFjZXMudjEuUGxhY2VzLlNlYXJjaFRleHQQAhgEIAA,Chinese restaurants in Burnaby BC,2.0,$$,2
ChIJC5o8RMFxhlQRmOiXliayrvM,La Cervecería Astilleros | Brewery & Craft Beer,"226 Esplanade E, North Vancouver, BC V7L 1B4",49.3094417,-123.0752478,4.5,388.0,brewery,"brewery, taco_restaurant, liquor_store, mexican_restaurant, manufacturer, restaurant, food, service, store, point_of_interest, establishment",https://cerveceria-astilleros.com/,https://maps.google.com/?cid=17559167875969181848&g_mp=Cidnb29nbGUubWFwcy5wbGFjZXMudjEuUGxhY2VzLlNlYXJjaFRleHQQAhgEIAA,Mexican restaurants in North Vancouver BC,2.0,$$,2
ChIJI8tD1BNxhlQRL8p0rM370SE,Pelicana Chicken Robson,"382 Robson St, Vancouver, BC V6B 2B2",49.279186,-123.1167566,4.5,380.0,korean_restaurant,"korean_restaurant, meal_takeaway, restaurant, food, point_of_interest, establishment",https://www.pelicana.ca/location,https://maps.google.com/?cid=2437005734164351535&g_mp=Cidnb29nbGUubWFwcy5wbGFjZXMudjEuUGxhY2VzLlNlYXJjaFRleHQQAhgEIAA,Korean restaurants in Yaletown BC,2.0,$$,2
ChIJY5cJVkFzhlQRltdo8YggqOI,Sushi Kaido,"189 E Broadway, Vancouver, BC V5T",49.2630872,-123.1013081,4.5,378.0,restaurant,"restaurant, food, point_of_interest, establishment",http://sushikaido.ca/,https://maps.google.com/?cid=16332339821196924822&g_mp=Cidnb29nbGUubWFwcy5wbGFjZXMudjEuUGxhY2VzLlNlYXJjaFRleHQQAhgEIAA,Japanese restaurants in Mount Pleasant BC,2.0,$$,2
ChIJOTzAClJ6hlQRLuO0498sTaI,Deepwater Micro Eatery,"4369 Gallant Ave, North Vancouver, BC V7G 1L1",49.3265965,-122.9502495,4.5,376.0,fish_and_chips_restaurant,"fish_and_chips_restaurant, taco_restaurant, pub, hamburger_restaurant, bar, american_restaurant, restaurant, food, point_of_interest, establishment",http://deepwater-micro-eatery.square.site/,https://maps.google.com/?cid=11695053147460657966&g_mp=Cidnb29nbGUubWFwcy5wbGFjZXMudjEuUGxhY2VzLlNlYXJjaFRleHQQAhgEIAA,Seafood restaurants in North Vancouver BC,2.0,$$,2
ChIJ-y2LQUJ3hlQRYrDEjGbRkHc,Saku Brentwood,"4402 Skyline Dr #101, Burnaby, BC V5C 0M7",49.2654338,-123.00542849999998,4.5,368.0,tonkatsu_restaurant,"tonkatsu_restaurant, japanese_restaurant, restaurant, food, point_of_interest, establishment",https://www.sakuvancouver.com/,https://maps.google.com/?cid=8615616325538328674&g_mp=Cidnb29nbGUubWFwcy5wbGFjZXMudjEuUGxhY2VzLlNlYXJjaFRleHQQAhgEIAA,Japanese restaurants in Burnaby BC,2.0,$$,2
ChIJb0MAW-53hlQRdoWb7yX8a9Y,CAZBA Persian Grill,"4820 Kingsway, Burnaby, BC V5H 4P1",49.2258648,-122.9975362,4.5,363.0,persian_restaurant,"persian_restaurant, restaurant, food, point_of_interest, establishment",https://cazbarestaurant.com/,https://maps.google.com/?cid=15450720186488554870&g_mp=Cidnb29nbGUubWFwcy5wbGFjZXMudjEuUGxhY2VzLlNlYXJjaFRleHQQAhgEIAA,Mediterranean restaurants in Burnaby BC,2.0,$$,2
ChIJyeAMuRV3hlQRo_MpvMutCeM,Galbi Korean BBQ Kingsway,"4300 Kingsway unit 6, Burnaby, BC V5H 1Z8",49.231111,-123.00824029999998,4.5,360.0,korean_barbecue_restaurant,"korean_barbecue_restaurant, korean_restaurant, restaurant, food, point_of_interest, establishment",http://galbibbq.ca/,https://maps.google.com/?cid=16359798211946869667&g_mp=Cidnb29nbGUubWFwcy5wbGFjZXMudjEuUGxhY2VzLlNlYXJjaFRleHQQAhgEIAA,Korean restaurants in Burnaby BC,2.0,$$,2
ChIJiXJrMwDRhVQRw4RvaSP9_7A,Rio Brazilian Steakhouse Langley,"19979 76 Ave #310, Langley Twp, BC V2Y 3Y2",49.1410266,-122.6691519,4.5,355.0,restaurant,"restaurant, steak_house, food, point_of_interest, establishment",https://riobraziliansteakhouse.ca/langley/,https://maps.google.com/?cid=12754190998271132867&g_mp=Cidnb29nbGUubWFwcy5wbGFjZXMudjEuUGxhY2VzLlNlYXJjaFRleHQQAhgEIAA,Brazilian restaurants in Downtown Vancouver BC,2.0,$$,2
ChIJBzvQpaBxhlQR9P46qVSGv_U,CHÉN - CHEN Vietnamese Restaurant,"4280 Hastings St, Burnaby, BC V5C 2J6",49.2808564,-123.0091727,4.5,355.0,vietnamese_restaurant,"vietnamese_restaurant, restaurant, food, point_of_interest, establishment",https://www.instagram.com/chen_yvr/,https://maps.google.com/?cid=17708019958018670324&g_mp=Cidnb29nbGUubWFwcy5wbGFjZXMudjEuUGxhY2VzLlNlYXJjaFRleHQQAhgEIAA,Vietnamese restaurants in Burnaby BC,1.0,$,1
ChIJdbrZ4993hlQRKiE8ZVqUsLY,Club Salmon Sushi Bar and Bistro,"4394 Imperial St, Burnaby, BC V5J 1A9",49.2217928,-123.0054514,4.5,350.0,japanese_restaurant,"japanese_restaurant, restaurant, food, point_of_interest, establishment",https://clubsalmon.zomi.menu/,https://maps.google.com/?cid=13164184826770366762&g_mp=Cidnb29nbGUubWFwcy5wbGFjZXMudjEuUGxhY2VzLlNlYXJjaFRleHQQAhgEIAA,Japanese restaurants in Burnaby BC,2.0,$$,2
ChIJXe43zWZ3hlQR1FiHyo3AZJA,Salmon Wave,"4461 Lougheed Hwy. #2, Burnaby, BC V5C 3Z2",49.2668089,-123.0040995,4.5,348.0,japanese_restaurant,"japanese_restaurant, restaurant, food, point_of_interest, establishment",https://instagram.com/salmonwave?igshid=OGQ5ZDc2ODk2ZA==,https://maps.google.com/?cid=10404652754353477844&g_mp=Cidnb29nbGUubWFwcy5wbGFjZXMudjEuUGxhY2VzLlNlYXJjaFRleHQQAhgEIAA,Japanese restaurants in Burnaby BC,2.0,$$,2
ChIJNWr4UJN3hlQRnQPd-8vPYb4,Noodlebox,"7315 Edmonds St Unit 104, Burnaby, BC V3N 1A7",49.2188807,-122.9513201,4.5,321.0,asian_fusion_restaurant,"asian_fusion_restaurant, fusion_restaurant, asian_restaurant, restaurant, food, point_of_interest, establishment",https://www.noodlebox.ca/britishcolumbia,https://maps.google.com/?cid=13718474414958117789&g_mp=Cidnb29nbGUubWFwcy5wbGFjZXMudjEuUGxhY2VzLlNlYXJjaFRleHQQAhgEIAA,Thai restaurants in Burnaby BC,2.0,$$,2
ChIJNcMK-gYLhlQR4Mc9x_UexUM,okome,"11099 No 1 Rd Unit 150, Richmond, BC V7E 1S6",49.1332015,-123.18179320000002,4.5,298.0,japanese_restaurant,"japanese_restaurant, restaurant, food, point_of_interest, establishment",http://okome.ca/,https://maps.google.com/?cid=4883343411911706592&g_mp=Cidnb29nbGUubWFwcy5wbGFjZXMudjEuUGxhY2VzLlNlYXJjaFRleHQQAhgEIAA,Japanese restaurants in Richmond BC,2.0,$$,2
ChIJ5aJVCMdzhlQRCm5_HThRdrE,Portobello Restaurant Burnaby,"4120 Hastings St, Burnaby, BC V5C 2J4",49.2809031,-123.0134093,4.5,289.0,italian_restaurant,"italian_restaurant, restaurant, food, point_of_interest, establishment",http://portobellorestaurant.ca/,https://maps.google.com/?cid=12787497493420011018&g_mp=Cidnb29nbGUubWFwcy5wbGFjZXMudjEuUGxhY2VzLlNlYXJjaFRleHQQAhgEIAA,Italian restaurants in Burnaby BC,2.0,$$,2
ChIJ1UhpKAp0hlQREsmjPwkn-NM,Nui,"4811 Main St, Vancouver, BC V5V 3R9",49.2417286,-123.10164770000002,4.5,282.0,restaurant,"restaurant, food, point_of_interest, establishment",http://www.nuivancouver.com/,https://maps.google.com/?cid=15274001056902924562&g_mp=Cidnb29nbGUubWFwcy5wbGFjZXMudjEuUGxhY2VzLlNlYXJjaFRleHQQAhgEIAA,Korean restaurants in Mount Pleasant BC,2.0,$$,2
ChIJ_dFv2JB2hlQR1DQTE1DNSZ8,Dharma Garden Veggie Deli,"3195 Kingsway, Vancouver, BC V5R 5K2",49.235214,-123.0378769,4.5,278.0,vegan_restaurant,"vegan_restaurant, vegetarian_restaurant, restaurant, food, point_of_interest, establishment",http://puveggiedeli.ca/,https://maps.google.com/?cid=11477930869131523284&g_mp=Cidnb29nbGUubWFwcy5wbGFjZXMudjEuUGxhY2VzLlNlYXJjaFRleHQQAhgEIAA,Vegan restaurants in Burnaby BC,1.0,$,1
ChIJC5sQuwJ1hlQRLnEuCNKPHpM,Two Horns Korean BBQ House,"4231 Hazelbridge Wy Unit 250, Richmond, BC V6X 3L7",49.1824875,-123.1339965,4.5,271.0,restaurant,"restaurant, korean_barbecue_restaurant, barbecue_restaurant, korean_restaurant, food, point_of_interest, establishment",http://www.twohorns.ca/,https://maps.google.com/?cid=10601068705119891758&g_mp=Cidnb29nbGUubWFwcy5wbGFjZXMudjEuUGxhY2VzLlNlYXJjaFRleHQQAhgEIAA,Korean restaurants in Richmond BC,2.0,$$,2
ChIJmdsKKwBxhlQRn78g5yDZ14o,"Fiorino, Italian Street Food Lonsdale Quay","218, Mall entrance or East Exterior Stairs, 123 Carrie Cates Ct 2nd floor, North Vancouver, BC V7M 3K7",49.3107128,-123.0817305,4.5,261.0,restaurant,"restaurant, food, point_of_interest, establishment",https://www.fiorinovancouver.com/,https://maps.google.com/?cid=10004703832566710175&g_mp=Cidnb29nbGUubWFwcy5wbGFjZXMudjEuUGxhY2VzLlNlYXJjaFRleHQQAhgEIAA,Italian restaurants in North Vancouver BC,2.0,$$,2
ChIJ4T0Ha0hzhlQR2SGIM1U6drU,Field & Social,"1030 Mainland St, Vancouver, BC V6H 1E2",49.2759405,-123.1197293,4.5,253.0,restaurant,"restaurant, food, point_of_interest, establishment",http://www.fieldandsocial.com/,https://maps.google.com/?cid=13075702705728004569&g_mp=Cidnb29nbGUubWFwcy5wbGFjZXMudjEuUGxhY2VzLlNlYXJjaFRleHQQAhgEIAA,Mediterranean restaurants in Yaletown BC,2.0,$$,2
ChIJhRMSuWZ3hlQRPcjXFWCY4-I,Pinoy Cravings,"7357 Edmonds St, Burnaby, BC V3N 1A9",49.2194487,-122.9499322,4.5,252.0,filipino_restaurant,"filipino_restaurant, restaurant, food, point_of_interest, establishment",http://www.pinoycravings.com/,https://maps.google.com/?cid=16349078610735777853&g_mp=Cidnb29nbGUubWFwcy5wbGFjZXMudjEuUGxhY2VzLlNlYXJjaFRleHQQAhgEIAA,Caribbean restaurants in Burnaby BC,2.0,$$,2
ChIJxXffvMxxhlQRPPycZkAO0Vk,The Hanoi Corner,"2017 Commercial Dr, Vancouver, BC V5N 1J8",49.2665329,-123.0699021,4.5,248.0,restaurant,"restaurant, coffee_shop, cafe, food_store, store, food, point_of_interest, establishment",https://app.heyeats.shop/store/the-hanoi-corner/shop,https://maps.google.com/?cid=6471969809270373436&g_mp=Cidnb29nbGUubWFwcy5wbGFjZXMudjEuUGxhY2VzLlNlYXJjaFRleHQQAhgEIAA,Vietnamese restaurants in Commercial Drive BC,2.0,$$,2
ChIJ-07AIgFzhlQRiP1RnN_eWf8,Lila Restaurant,"3941 Main St, Vancouver, BC V5V 3P3",49.249948800000006,-123.1013545,4.5,246.0,indian_restaurant,"vegetarian_restaurant, indian_restaurant, restaurant, food, point_of_interest, establishment",https://www.lilarestaurant.ca/,https://maps.google.com/?cid=18399982804580564360&g_mp=Cidnb29nbGUubWFwcy5wbGFjZXMudjEuUGxhY2VzLlNlYXJjaFRleHQQAhgEIAA,Indian restaurants in Mount Pleasant BC,2.0,$$,2
ChIJZ-QCtWFxhlQR3JF-Rw5aHH4,Bori Korean Restaurant,"2039 Lonsdale Ave, North Vancouver, BC V7M 2K4",49.3279118,-123.0724487,4.5,244.0,korean_restaurant,"korean_restaurant, restaurant, food, point_of_interest, establishment",https://www.borikoreanrestaurant.com/,https://maps.google.com/?cid=9087237165502337500&g_mp=Cidnb29nbGUubWFwcy5wbGFjZXMudjEuUGxhY2VzLlNlYXJjaFRleHQQAhgEIAA,Korean restaurants in North Vancouver BC,2.0,$$,2
ChIJQ9QuXKj0fVMRK2WktosPvXo,The House of the Caribbean,"acc off Lawrence in the back ally, 541 Bernard Ave #101, Kelowna, BC V1Y 6L7",49.8858768,-119.4920923,4.5,242.0,caribbean_restaurant,"caribbean_restaurant, restaurant, food, point_of_interest, establishment",,https://maps.google.com/?cid=8844242335964620075&g_mp=Cidnb29nbGUubWFwcy5wbGFjZXMudjEuUGxhY2VzLlNlYXJjaFRleHQQAhgEIAA,Caribbean restaurants in Richmond BC,1.0,$,1
ChIJQyRkqj9xhlQRJHroKOaq_3o,Portuguese Club Of Vancouver,"1144 Commercial Dr, Vancouver, BC V5L 3X2",49.2742452,-123.0691901,4.5,237.0,portuguese_restaurant,"portuguese_restaurant, restaurant, food, point_of_interest, establishment",https://thepcov.ca/,https://maps.google.com/?cid=8862990497193949732&g_mp=Cidnb29nbGUubWFwcy5wbGFjZXMudjEuUGxhY2VzLlNlYXJjaFRleHQQAhgEIAA,Brazilian restaurants in Commercial Drive BC,2.0,$$,2
ChIJY0ZhfABxhlQRRjJtbN5YYsU,Banju,"827 Bute St, Vancouver, BC V6E 3Y4",49.2858482,-123.1274633,4.5,228.0,korean_restaurant,"korean_restaurant, japanese_restaurant, restaurant, food, point_of_interest, establishment",https://banjurestaurant.com/?utm_source=google&utm_medium=maps&utm_campaign=website,https://maps.google.com/?cid=14223028285514527302&g_mp=Cidnb29nbGUubWFwcy5wbGFjZXMudjEuUGxhY2VzLlNlYXJjaFRleHQQAhgEIAA,Korean restaurants in Downtown Vancouver BC,2.0,$$,2
ChIJc8gWGwDXhVQRBpTHOOSzzVs,Jamaican Mi Juicy,"4720 Kingsway Unit FC 16, Surrey, BC V3R 7B7",49.189207,-122.8020177,4.5,225.0,restaurant,"restaurant, food, point_of_interest, establishment",https://jamaicanmijuicy.ca/,https://maps.google.com/?cid=6615141220463645702&g_mp=Cidnb29nbGUubWFwcy5wbGFjZXMudjEuUGxhY2VzLlNlYXJjaFRleHQQAhgEIAA,Caribbean restaurants in Burnaby BC,2.0,$$,2
ChIJ233-9AhxhlQRd82EcIfZqQo,Pho Georgia Express,"575 W Georgia St, Vancouver, BC V6B 2A3",49.2817129,-123.1166019,4.5,213.0,restaurant,"vietnamese_restaurant, restaurant, food, point_of_interest, establishment",https://phogeorgiaexpress.zomi.menu/,https://maps.google.com/?cid=768384387174944119&g_mp=Cidnb29nbGUubWFwcy5wbGFjZXMudjEuUGxhY2VzLlNlYXJjaFRleHQQAhgEIAA,Vietnamese restaurants in Downtown Vancouver BC,2.0,$$,2
ChIJL3X2BCsLhlQReHewNwyJYZY,Don Tacos Richmond,"6551 Number 3 Rd 2460 Floor 2, Richmond, BC V6Y 2B6",49.1675475,-123.138505,4.5,209.0,mexican_restaurant,"mexican_restaurant, restaurant, food, point_of_interest, establishment",http://www.dontacos.ca/,https://maps.google.com/?cid=10836092863997048696&g_mp=Cidnb29nbGUubWFwcy5wbGFjZXMudjEuUGxhY2VzLlNlYXJjaFRleHQQAhgEIAA,Mexican restaurants in Richmond BC,1.0,$,1
ChIJk5hZE9FxhlQR9_RoiLRznyc,Lion Hot Pot Ltd,"1356 Marine Dr, North Vancouver, BC V7P 1T4",49.3240404,-123.1121942,4.5,207.0,chinese_restaurant,"chinese_restaurant, asian_restaurant, meal_takeaway, restaurant, food, point_of_interest, establishment",https://lionhotpotrestaurant.com/?utm_source=google&utm_medium=maps&utm_campaign=website,https://maps.google.com/?cid=2855127907996071159&g_mp=Cidnb29nbGUubWFwcy5wbGFjZXMudjEuUGxhY2VzLlNlYXJjaFRleHQQAhgEIAA,Chinese restaurants in North Vancouver BC,2.0,$$,2
ChIJnbQ3xyPhhVQR7fkPG2msXXY,Biryani Bhai,"11111 Horseshoe Wy 2nd Floor, Richmond, BC V7A 4Y1",49.1314672,-123.0935929,4.5,186.0,restaurant,"restaurant, food, point_of_interest, establishment",https://biryanibhai.ca/,https://maps.google.com/?cid=8529162836735162861&g_mp=Cidnb29nbGUubWFwcy5wbGFjZXMudjEuUGxhY2VzLlNlYXJjaFRleHQQAhgEIAA,Indian restaurants in Richmond BC,2.0,$$,2
ChIJISc8TnZzhlQRckJ21uKzA_A,The Painted Ship,"2884 W Broadway, Vancouver, BC V6K 2G6",49.2638702,-123.169692,4.5,170.0,restaurant,"restaurant, food, point_of_interest, establishment",http://www.thepaintedship.ca/,https://maps.google.com/?cid=17294864780874891890&g_mp=Cidnb29nbGUubWFwcy5wbGFjZXMudjEuUGxhY2VzLlNlYXJjaFRleHQQAhgEIAA,Spanish restaurants in Kitsilano BC,2.0,$$,2
ChIJI_CaDyFxhlQRdLvgQyoTWjY,Violeté,"1380 Commercial Dr, Vancouver, BC V5L 3X6",49.272337,-123.0692875,4.5,161.0,restaurant,"restaurant, pizza_restaurant, italian_restaurant, spanish_restaurant, food, point_of_interest, establishment",https://www.violetekitchen.com/,https://maps.google.com/?cid=3916463898200423284&g_mp=Cidnb29nbGUubWFwcy5wbGFjZXMudjEuUGxhY2VzLlNlYXJjaFRleHQQAhgEIAA,Italian restaurants in Commercial Drive BC,2.0,$$,2
ChIJ_eKzBgB_hYARXFj1kyBwgLc,Asu Mare Peruvian Restaurant,"6211 Shattuck Ave., Oakland, CA 94609, USA",37.8482797,-122.2657654,4.5,160.0,peruvian_restaurant,"peruvian_restaurant, restaurant, food, point_of_interest, establishment",https://asumareperuvianrestaurantca.com/,https://maps.google.com/?cid=13222691791183370332&g_mp=Cidnb29nbGUubWFwcy5wbGFjZXMudjEuUGxhY2VzLlNlYXJjaFRleHQQAhgEIAA,Peruvian restaurants in Richmond BC,2.0,$$,2
ChIJpSMSex1xhlQR-Yz4ouZLxiA,Bar Tartare,"54 Alexander St, Vancouver, BC V6A 1E7",49.2835448,-123.1028315,4.5,145.0,wine_bar,"wine_bar, bar, food, point_of_interest, establishment",https://www.bartartareyvr.ca/,https://maps.google.com/?cid=2361658508551163129&g_mp=Cidnb29nbGUubWFwcy5wbGFjZXMudjEuUGxhY2VzLlNlYXJjaFRleHQQAhgEIAA,French restaurants in Gastown BC,2.0,$$,2
ChIJHeumX0V1hlQR9lWAJnXCZCA,Hủ Tiếu Hồng Phát (Hồng Phát Richmond),"8291 Ackroyd Rd Unit 100, Richmond, BC V6X 3K5",49.1723862,-123.1331788,4.5,141.0,vietnamese_restaurant,"vietnamese_restaurant, restaurant, food, point_of_interest, establishment",https://hongphat.ca/,https://maps.google.com/?cid=2334204315297666550&g_mp=Cidnb29nbGUubWFwcy5wbGFjZXMudjEuUGxhY2VzLlNlYXJjaFRleHQQAhgEIAA,Vietnamese restaurants in Richmond BC,1.0,$,1
ChIJHT2qdw9xhlQRgfZgfKBAeq0,Sumibiyaki Arashi,"363 E Broadway, Vancouver, BC V5T 1W5",49.2629367,-123.0974687,4.5,124.0,japanese_restaurant,"japanese_restaurant, restaurant, food, point_of_interest, establishment",https://www.sumibiyakiarashi.com/,https://maps.google.com/?cid=12500374773745907329&g_mp=Cidnb29nbGUubWFwcy5wbGFjZXMudjEuUGxhY2VzLlNlYXJjaFRleHQQAhgEIAA,Japanese restaurants in Mount Pleasant BC,2.0,$$,2
ChIJT-IqLgJ3hlQRbxWEf6Uvirw,Osteria al Centro,"3087 Slocan St, Vancouver, BC V5M 3E4",49.2564927,-123.0507595,4.5,124.0,italian_restaurant,"italian_restaurant, restaurant, food, point_of_interest, establishment",https://www.opentable.com/r/osteria-al-centro-vancouver,https://maps.google.com/?cid=13585723613771994479&g_mp=Cidnb29nbGUubWFwcy5wbGFjZXMudjEuUGxhY2VzLlNlYXJjaFRleHQQAhgEIAA,Italian restaurants in Commercial Drive BC,2.0,$$,2
ChIJNT1fZwB3hlQREmUofjoxu2M,Captain Thai Noodle House 船長泰國船麵工房,"4685 Kingsway, Burnaby, BC V5H 2B7",49.2287506,-122.9998899,4.5,124.0,thai_restaurant,"thai_restaurant, restaurant, food, point_of_interest, establishment",https://www.instagram.com/captain.thai.van?igsh=MTdrem12OHUxc2EwZQ==,https://maps.google.com/?cid=7186391757694199058&g_mp=Cidnb29nbGUubWFwcy5wbGFjZXMudjEuUGxhY2VzLlNlYXJjaFRleHQQAhgEIAA,Thai restaurants in Burnaby BC,2.0,$$,2
ChIJ_3QxDwBxhlQR3tr7Y2pKJQ4,Dante Italian Sandwich,"1110 Commercial Dr, Vancouver, BC V5L 3X2",49.2746243,-123.0693939,4.5,116.0,italian_restaurant,"italian_restaurant, restaurant, food, point_of_interest, establishment",http://dantesandwich.com/,https://maps.google.com/?cid=1019302711473724126&g_mp=Cidnb29nbGUubWFwcy5wbGFjZXMudjEuUGxhY2VzLlNlYXJjaFRleHQQAhgEIAA,Italian restaurants in Commercial Drive BC,2.0,$$,2
ChIJcbN4r55xhlQRNVft_nY5ODc,PRINKLE FRIED CHICKEN ( Commercial Dr),"1431 Commercial Dr, Vancouver, BC V5L 3X8",49.271815,-123.069802,4.5,102.0,korean_restaurant,"korean_restaurant, taco_restaurant, meal_takeaway, restaurant, food, point_of_interest, establishment",https://prinklechicken.com/,https://maps.google.com/?cid=3978993454027724597&g_mp=Cidnb29nbGUubWFwcy5wbGFjZXMudjEuUGxhY2VzLlNlYXJjaFRleHQQAhgEIAA,Korean restaurants in Commercial Drive BC,2.0,$$,2
ChIJc9goDABzhlQRz2WEDiDAXHU,JinWei Kitchen | Vancouver Restaurant,"5351 West Blvd, Vancouver, BC V6M 3W4",49.2377955,-123.1556282,4.5,86.0,chinese_restaurant,"chinese_restaurant, family_restaurant, asian_restaurant, meal_takeaway, restaurant, food, point_of_interest, establishment",https://jinweikitchen.zomi.menu/,https://maps.google.com/?cid=8456845444209993167&g_mp=Cidnb29nbGUubWFwcy5wbGFjZXMudjEuUGxhY2VzLlNlYXJjaFRleHQQAhgEIAA,Chinese restaurants in West End BC,2.0,$$,2
ChIJxfL7Krp1hlQRsQY50nG4cyM,Quesada Burritos & Tacos,"3080 St Edwards Dr #108, Richmond, BC V6X 4C4",49.191729,-123.1117283,4.5,76.0,mexican_restaurant,"mexican_restaurant, burrito_restaurant, tex_mex_restaurant, fast_food_restaurant, american_restaurant, restaurant, food, point_of_interest, establishment",https://quesada.ca/,https://maps.google.com/?cid=2554588212646971057&g_mp=Cidnb29nbGUubWFwcy5wbGFjZXMudjEuUGxhY2VzLlNlYXJjaFRleHQQAhgEIAA,Mexican restaurants in Richmond BC,1.0,$,1
ChIJW7Gtt8lxhlQRcxxfq0lDcew,Pho Quynh Express (Granville),"562 Granville St, Vancouver, BC V6C 1W6",49.2839235,-123.115619,4.5,70.0,vietnamese_restaurant,"vietnamese_restaurant, asian_restaurant, meal_takeaway, restaurant, food, point_of_interest, establishment",,https://maps.google.com/?cid=17037472849006107763&g_mp=Cidnb29nbGUubWFwcy5wbGFjZXMudjEuUGxhY2VzLlNlYXJjaFRleHQQAhgEIAA,Vietnamese restaurants in Gastown BC,1.0,$,1
ChIJKzHjUwBxhlQRdYe3Vg1E-kM,Quesada Burritos & Tacos,"2430 Commercial Dr, Vancouver, BC V5N 4B8",49.2628705,-123.0695414,4.5,69.0,mexican_restaurant,"mexican_restaurant, burrito_restaurant, tex_mex_restaurant, fast_food_restaurant, american_restaurant, restaurant, food, point_of_interest, establishment",https://quesada.ca/,https://maps.google.com/?cid=4898302368798967669&g_mp=Cidnb29nbGUubWFwcy5wbGFjZXMudjEuUGxhY2VzLlNlYXJjaFRleHQQAhgEIAA,Mexican restaurants in Commercial Drive BC,1.0,$,1
ChIJ_XR0ZgBzhlQRIN-M7jRBIPo,Thai Away Home @ Club Kitchen,"988 Expo Blvd #12, Vancouver, BC V6Z 0G2",49.2749411,-123.11551229999998,4.5,57.0,thai_restaurant,"thai_restaurant, restaurant, food, point_of_interest, establishment",https://order.clubkitchen.ca/menu/thai-away,https://maps.google.com/?cid=18023477404333039392&g_mp=Cidnb29nbGUubWFwcy5wbGFjZXMudjEuUGxhY2VzLlNlYXJjaFRleHQQAhgEIAA,Thai restaurants in Downtown Vancouver BC,2.0,$$,2
ChIJK0gMfCFzhlQRaX-5pYAeLV0,Vegan Fried Chickun,"2961 W Broadway, Vancouver, BC V6K 2G9",49.2642995,-123.17170910000002,4.5,42.0,vegetarian_restaurant,"vegetarian_restaurant, restaurant, food, point_of_interest, establishment",https://www.veganfriedchickun.com/,https://maps.google.com/?cid=6714056157364322153&g_mp=Cidnb29nbGUubWFwcy5wbGFjZXMudjEuUGxhY2VzLlNlYXJjaFRleHQQAhgEIAA,Vegetarian restaurants in Kitsilano BC,2.0,$$,2
ChIJC1HlfyMLhlQRBkPEMTZTMFA,Pho 19,"6386 Number 3 Rd #190, Richmond, BC V6Y 0L6",49.1670499,-123.13623919999998,4.5,23.0,vietnamese_restaurant,"vietnamese_restaurant, restaurant, food, point_of_interest, establishment",,https://maps.google.com/?cid=5778209814144631558&g_mp=Cidnb29nbGUubWFwcy5wbGFjZXMudjEuUGxhY2VzLlNlYXJjaFRleHQQAhgEIAA,Vietnamese restaurants in Richmond BC,1.0,$,1
ChIJL7KlLmVxhlQR1HPQqdTvaaw,Kawasho Japanese Restaurant,"770 Thurlow St, Vancouver, BC V6E 1V9",49.2846786,-123.1243046,4.5,22.0,japanese_restaurant,"japanese_restaurant, restaurant, food, point_of_interest, establishment",https://www.kawashosushi.com/,https://maps.google.com/?cid=12423724743739339732&g_mp=Cidnb29nbGUubWFwcy5wbGFjZXMudjEuUGxhY2VzLlNlYXJjaFRleHQQAhgEIAA,Japanese restaurants in Downtown Vancouver BC,2.0,$$,2
ChIJs5aapWVxhlQRO8yOzAGz4HA,Gran Reserva,"1014 Main St, Vancouver, BC V6A 2W1",49.2754801,-123.0995127,4.5,17.0,lounge_bar,"lounge_bar, night_club, bar, point_of_interest, establishment",https://www.bodegaonmain.ca/granreserva/,https://maps.google.com/?cid=8133697747339365435&g_mp=Cidnb29nbGUubWFwcy5wbGFjZXMudjEuUGxhY2VzLlNlYXJjaFRleHQQAhgEIAA,Spanish restaurants in Downtown Vancouver BC,2.0,$$,2
ChIJAVowCgBzhlQRjAN4LsV8F0E,Zicaffè,"2460 Vine St, Vancouver, BC V6K 2E4",49.2642288,-123.1574853,4.5,6.0,italian_restaurant,"italian_restaurant, restaurant, food, point_of_interest, establishment",,https://maps.google.com/?cid=4690354723259679628&g_mp=Cidnb29nbGUubWFwcy5wbGFjZXMudjEuUGxhY2VzLlNlYXJjaFRleHQQAhgEIAA,Italian restaurants in Kitsilano BC,2.0,$$,2
ChIJ6z40qfRxhlQRV5K_cMyFdFU,Olives & Oregano Kitchen,"1370 E Georgia St, Vancouver, BC V5L 2A8",49.2783033,-123.0755742,4.5,6.0,mediterranean_restaurant,"mediterranean_restaurant, restaurant, food, point_of_interest, establishment",,https://maps.google.com/?cid=6157693703633736279&g_mp=Cidnb29nbGUubWFwcy5wbGFjZXMudjEuUGxhY2VzLlNlYXJjaFRleHQQAhgEIAA,Mediterranean restaurants in Commercial Drive BC,2.0,$$,2
ChIJEwXWQndxhlQRRKy4phazLq0,The Old Spaghetti Factory (Gastown),"53 Water St, Vancouver, BC V6B 1A1",49.2838482,-123.105329,4.4,9670.0,italian_restaurant,"italian_restaurant, restaurant, food, point_of_interest, establishment",http://www.oldspaghettifactory.ca/locations/gastown,https://maps.google.com/?cid=12479108527357996100&g_mp=Cidnb29nbGUubWFwcy5wbGFjZXMudjEuUGxhY2VzLlNlYXJjaFRleHQQAhgEIAA,Italian restaurants in Gastown BC,2.0,$$,2
ChIJNXC5QXhxhlQRaqLfMpShR-k,Steamworks Brewpub,"375 Water St, Vancouver, BC V6B 1B8",49.2848803,-123.1109429,4.4,7994.0,brewpub,"brewpub, pub, bar, restaurant, food, point_of_interest, establishment",https://steamworks.com/brew-pub/,https://maps.google.com/?cid=16809581792064414314&g_mp=Cidnb29nbGUubWFwcy5wbGFjZXMudjEuUGxhY2VzLlNlYXJjaFRleHQQAhgEIAA,Thai restaurants in Gastown BC,2.0,$$,2
ChIJ9efnfINxhlQRKovtjwKKJGA,Cactus Club Cafe,"1085 Canada Pl, Vancouver, BC V6C 0C3",49.2895929,-123.1181771,4.4,7615.0,restaurant,"restaurant, family_restaurant, steak_house, hamburger_restaurant, bar_and_grill, cocktail_bar, bar, meal_takeaway, american_restaurant, food, point_of_interest, establishment",https://www.cactusclubcafe.com/locations/coal-harbour/,https://maps.google.com/?cid=6927813870411942698&g_mp=Cidnb29nbGUubWFwcy5wbGFjZXMudjEuUGxhY2VzLlNlYXJjaFRleHQQAhgEIAA,Caribbean restaurants in Downtown Vancouver BC,2.0,$$,2
ChIJm7uuIkp2hlQRGoaU3B1jdH8,(Burnaby) MYST Asian Fusion,"6400 Kingsway, Burnaby, BC V5E 1C5",49.2193417,-122.97069259999998,4.4,4865.0,taiwanese_restaurant,"taiwanese_restaurant, restaurant, food, point_of_interest, establishment",http://www.myst6400.com/,https://maps.google.com/?cid=9184074520021206554&g_mp=Cidnb29nbGUubWFwcy5wbGFjZXMudjEuUGxhY2VzLlNlYXJjaFRleHQQAhgEIAA,Chinese restaurants in Burnaby BC,2.0,$$,2
ChIJl97JCH5xhlQRCMTZHG7N-Sg,SOCIAL CORNER YALETOWN,"891 Homer St, Vancouver, BC V6B 2W2",49.2787253,-123.118532,4.4,4802.0,italian_restaurant,"italian_restaurant, pizza_delivery, coffee_shop, brunch_restaurant, pizza_restaurant, spanish_restaurant, meal_delivery, food_delivery, hamburger_restaurant, cafe, american_restaurant, food_store, store, restaurant, food, point_of_interest, service, establishment",http://www.persesocialcorner.com/,https://maps.google.com/?cid=2952616903532200968&g_mp=Cidnb29nbGUubWFwcy5wbGFjZXMudjEuUGxhY2VzLlNlYXJjaFRleHQQAhgEIAA,Italian restaurants in Downtown Vancouver BC,2.0,$$,2
ChIJI-wfSftzhlQRtHIGkGtqS2k,Anh and Chi,"3388 Main St, Vancouver, BC V5V 3M7",49.2549852,-123.1008596,4.4,4560.0,vietnamese_restaurant,"vietnamese_restaurant, asian_restaurant, cocktail_bar, bar, restaurant, food, point_of_interest, establishment",http://www.anhandchi.com/,https://maps.google.com/?cid=7587275007446119092&g_mp=Cidnb29nbGUubWFwcy5wbGFjZXMudjEuUGxhY2VzLlNlYXJjaFRleHQQAhgEIAA,Vietnamese restaurants in Downtown Vancouver BC,2.0,$$,2
ChIJIVQItDF1hlQRocX94V2n72A,Earls Kitchen + Bar,"5300 Number 3 Rd Unit 304, Richmond, BC V6X 2X9",49.1763095,-123.1319095,4.4,4519.0,restaurant,"restaurant, brunch_restaurant, lounge_bar, night_club, bar, food, point_of_interest, establishment",https://www.earls.ca/locations/richmond,https://maps.google.com/?cid=6984985568740230561&g_mp=Cidnb29nbGUubWFwcy5wbGFjZXMudjEuUGxhY2VzLlNlYXJjaFRleHQQAhgEIAA,Vegetarian restaurants in Richmond BC,2.0,$$,2
ChIJc2D45XlxhlQRu3b5UFCKc9Q,La Casita - Gastown,"101 W Cordova St, Vancouver, BC V6B 1E1",49.2831192,-123.1069657,4.4,3732.0,mexican_restaurant,"mexican_restaurant, catering_service, meal_delivery, food_delivery, event_venue, restaurant, food, point_of_interest, service, establishment",http://www.lacasita.ca/,https://maps.google.com/?cid=15308731635922990779&g_mp=Cidnb29nbGUubWFwcy5wbGFjZXMudjEuUGxhY2VzLlNlYXJjaFRleHQQAhgEIAA,Mexican restaurants in Downtown Vancouver BC,2.0,$$,2
ChIJNRSLgX91hlQRhhzVsJAyhGM,The Story Cafe - Eatery & Bar,"2800 Sexsmith Rd, Richmond, BC V6X 1V5",49.1935792,-123.1279178,4.4,3661.0,restaurant,"restaurant, breakfast_restaurant, pastry_shop, dessert_restaurant, brunch_restaurant, dessert_shop, confectionery, bakery, bar, live_music_venue, american_restaurant, food_store, italian_restaurant, event_venue, store, french_restaurant, food, point_of_interest, establishment",http://thestory.cafe/,https://maps.google.com/?cid=7170912103704108166&g_mp=Cidnb29nbGUubWFwcy5wbGFjZXMudjEuUGxhY2VzLlNlYXJjaFRleHQQAhgEIAA,Italian restaurants in Richmond BC,2.0,$$,2
ChIJ7_0WpPdzhlQR2ULoL78zALs,Chickpea Restaurant,"4298 Main St, Vancouver, BC V5V 3P9",49.2465917,-123.1010316,4.4,3488.0,vegan_restaurant,"vegan_restaurant, vegetarian_restaurant, cocktail_bar, mediterranean_restaurant, middle_eastern_restaurant, bar, restaurant, food, point_of_interest, establishment",http://www.ilovechickpea.ca/,https://maps.google.com/?cid=13474826981328044761&g_mp=Cidnb29nbGUubWFwcy5wbGFjZXMudjEuUGxhY2VzLlNlYXJjaFRleHQQAhgEIAA,Vegetarian restaurants in Downtown Vancouver BC,2.0,$$,2
ChIJo1jMuUhxhlQRpNnramo6TqI,The Burrow,"2781 Commercial Dr, Vancouver, BC V5N 4C5",49.2597798,-123.070054,4.4,3162.0,vegetarian_restaurant,"vegetarian_restaurant, vegan_restaurant, meal_delivery, food_delivery, meal_takeaway, mexican_restaurant, food_store, restaurant, food, store, point_of_interest, establishment",http://www.theburrowrestaurant.com/,https://maps.google.com/?cid=11695349511062542756&g_mp=Cidnb29nbGUubWFwcy5wbGFjZXMudjEuUGxhY2VzLlNlYXJjaFRleHQQAhgEIAA,Vegetarian restaurants in Downtown Vancouver BC,2.0,$$,2
ChIJi_5Fqz9xhlQRctWWsZ8SyR8,Sula Indian Restaurant,"1128 Commercial Dr, Vancouver, BC V5L 3X2",49.2744411,-123.06928929999998,4.4,2969.0,indian_restaurant,"indian_restaurant, fine_dining_restaurant, vegetarian_restaurant, family_restaurant, catering_service, meal_delivery, food_delivery, cocktail_bar, meal_takeaway, bar, restaurant, food, service, point_of_interest, establishment",https://sulaindianrestaurant.com/?utm_source=google&utm_medium=organic&utm_campaign=gmb_commercial_hp,https://maps.google.com/?cid=2290382362583160178&g_mp=Cidnb29nbGUubWFwcy5wbGFjZXMudjEuUGxhY2VzLlNlYXJjaFRleHQQAhgEIAA,Indian restaurants in Commercial Drive BC,2.0,$$,2
ChIJZ3g3Z9RzhlQRAwBHOA1-EpU,Mangos Kitchen Bar,"1180 Howe St, Vancouver, BC V6Z 1R2",49.2782409,-123.1260775,4.4,2919.0,mexican_restaurant,"mexican_restaurant, latin_american_restaurant, chilean_restaurant, cocktail_bar, sports_bar, colombian_restaurant, bar, peruvian_restaurant, restaurant, food, point_of_interest, establishment",https://www.mangosvancouver.com/,https://maps.google.com/?cid=10741786656475906051&g_mp=Cidnb29nbGUubWFwcy5wbGFjZXMudjEuUGxhY2VzLlNlYXJjaFRleHQQAhgEIAA,Mexican restaurants in Downtown Vancouver BC,2.0,$$,2
ChIJdWULgytyhlQR9EUQyHopKL0,Davie Dosa Company,"3031 Beckman Pl #140, Richmond, BC V6X 3R3",49.1916284,-123.1084648,4.4,2632.0,indian_restaurant,"indian_restaurant, asian_fusion_restaurant, asian_restaurant, fusion_restaurant, vegan_restaurant, vegetarian_restaurant, diner, south_indian_restaurant, meal_takeaway, restaurant, food, point_of_interest, establishment",https://daviedosacompany.com/,https://maps.google.com/?cid=13630189879556064756&g_mp=Cidnb29nbGUubWFwcy5wbGFjZXMudjEuUGxhY2VzLlNlYXJjaFRleHQQAhgEIAA,Indian restaurants in Richmond BC,2.0,$$,2
ChIJEa-sXUdxhlQR8WFhlViz2Pk,La Mezcaleria,"1622 Commercial Dr, Vancouver, BC V5L 3Y4",49.2701263,-123.0694685,4.4,2590.0,mexican_restaurant,"mexican_restaurant, vegetarian_restaurant, bar_and_grill, cocktail_bar, bar, live_music_venue, event_venue, restaurant, food, point_of_interest, establishment",http://www.lamezcaleria.ca/,https://maps.google.com/?cid=18003336703458238961&g_mp=Cidnb29nbGUubWFwcy5wbGFjZXMudjEuUGxhY2VzLlNlYXJjaFRleHQQAhgEIAA,Mexican restaurants in Commercial Drive BC,2.0,$$,2
ChIJ9R182tZzhlQRgBcJ3U3p7t8,Rodney's Oyster House,"1228 Hamilton St, Vancouver, BC V6B 6L2",49.2743262,-123.1231342,4.4,2559.0,oyster_bar_restaurant,"oyster_bar_restaurant, seafood_restaurant, restaurant, food, point_of_interest, establishment",http://www.rohvan.com/,https://maps.google.com/?cid=16136091035545180032&g_mp=Cidnb29nbGUubWFwcy5wbGFjZXMudjEuUGxhY2VzLlNlYXJjaFRleHQQAhgEIAA,Seafood restaurants in Downtown Vancouver BC,2.0,$$,2
ChIJcw7-mYdxhlQRxq9ZD4tvuH0,Sura Korean Royal Cuisine Restaurant Vancouver,"1518 Robson St, Vancouver, BC V6G 1C3",49.2888824,-123.13166529999998,4.4,2554.0,korean_restaurant,"korean_restaurant, restaurant, food, point_of_interest, establishment",https://www.surakoreancuisine.com/,https://maps.google.com/?cid=9059113293504425926&g_mp=Cidnb29nbGUubWFwcy5wbGFjZXMudjEuUGxhY2VzLlNlYXJjaFRleHQQAhgEIAA,Korean restaurants in Downtown Vancouver BC,2.0,$$,2
ChIJB2d6QdZzhlQR73eNQzmpLC8,The Greek Yaletown,"1043 Mainland St, Vancouver, BC V6B 2R9",49.2762132,-123.1198874,4.4,2549.0,greek_restaurant,"greek_restaurant, meal_delivery, food_delivery, meal_takeaway, restaurant, food, point_of_interest, establishment",https://thegreekbyanatoli.com/,https://maps.google.com/?cid=3399277882169456623&g_mp=Cidnb29nbGUubWFwcy5wbGFjZXMudjEuUGxhY2VzLlNlYXJjaFRleHQQAhgEIAA,Mediterranean restaurants in Yaletown BC,2.0,$$,2
ChIJdxpZbtdzhlQRlCpofbKCaEQ,Provence Marinaside,"1177 Marinaside Crescent, Vancouver, BC V6Z 2Z1",49.2733337,-123.1196165,4.4,2460.0,mediterranean_restaurant,"mediterranean_restaurant, seafood_restaurant, brunch_restaurant, french_restaurant, restaurant, food, point_of_interest, establishment",https://www.provencemarinaside.ca/,https://maps.google.com/?cid=4929333495276776084&g_mp=Cidnb29nbGUubWFwcy5wbGFjZXMudjEuUGxhY2VzLlNlYXJjaFRleHQQAhgEIAA,Mediterranean restaurants in Downtown Vancouver BC,3.0,$$$,3
ChIJnbZ_HnpxhlQRYtAR6udPH4g,Moltaqa Moroccan Restaurant,"1002 Mainland St, Vancouver, BC V6B 6J8",49.2764289,-123.1190635,4.4,2258.0,moroccan_restaurant,"moroccan_restaurant, fine_dining_restaurant, halal_restaurant, middle_eastern_restaurant, live_music_venue, event_venue, restaurant, food, point_of_interest, establishment",https://moltaqarestaurant.ca/,https://maps.google.com/?cid=9808646370919305314&g_mp=Cidnb29nbGUubWFwcy5wbGFjZXMudjEuUGxhY2VzLlNlYXJjaFRleHQQAhgEIAA,Mediterranean restaurants in Downtown Vancouver BC,2.0,$$,2
ChIJwzGZvXdxhlQRkfAVf4vvg7o,Bombay Kitchen + Bar - Commercial Dr,"1018 Commercial Dr, Vancouver, BC V5L 3W9",49.275387,-123.069248,4.4,2128.0,indian_restaurant,"indian_restaurant, bar_and_grill, south_indian_restaurant, meal_takeaway, bar, north_indian_restaurant, restaurant, food, point_of_interest, establishment",https://bombaykitchenoncommercial.ca/,https://maps.google.com/?cid=13439849095415328913&g_mp=Cidnb29nbGUubWFwcy5wbGFjZXMudjEuUGxhY2VzLlNlYXJjaFRleHQQAhgEIAA,Indian restaurants in Commercial Drive BC,2.0,$$,2
ChIJdxjrGMNzhlQREy0YgBUfdvs,Banana Leaf Original (Broadway & Oak),"820 W Broadway, Vancouver, BC V5Z 1J8",49.2631683,-123.1224731,4.4,2009.0,malaysian_restaurant,"malaysian_restaurant, restaurant, food, point_of_interest, establishment",https://www.bananaleaf-vancouver.com/broadway,https://maps.google.com/?cid=18119704327975611667&g_mp=Cidnb29nbGUubWFwcy5wbGFjZXMudjEuUGxhY2VzLlNlYXJjaFRleHQQAhgEIAA,Brazilian restaurants in Kitsilano BC,2.0,$$,2
ChIJiy-QLC53hlQRAwwA_uMWmtk,Sooda Korean BBQ,"food court, 4567 Lougheed Hwy. 2nd floor, Burnaby, BC V5C 3Z6",49.2680924,-123.0003773,4.4,1986.0,korean_barbecue_restaurant,"korean_barbecue_restaurant, korean_restaurant, bar, restaurant, food, point_of_interest, establishment",http://bangapsooda.com/,https://maps.google.com/?cid=15679870221118606339&g_mp=Cidnb29nbGUubWFwcy5wbGFjZXMudjEuUGxhY2VzLlNlYXJjaFRleHQQAhgEIAA,Korean restaurants in Burnaby BC,2.0,$$,2
ChIJPddQZeNzhlQRVbraHJJvZog,Burgoo,"3096 Main St, Vancouver, BC V5T 3G5",49.2576533,-123.1008875,4.4,1970.0,bistro,"bistro, restaurant, food, point_of_interest, establishment",https://www.burgoo.ca/,https://maps.google.com/?cid=9828665910122691157&g_mp=Cidnb29nbGUubWFwcy5wbGFjZXMudjEuUGxhY2VzLlNlYXJjaFRleHQQAhgEIAA,Spanish restaurants in Mount Pleasant BC,2.0,$$,2
ChIJdUiOqXBxhlQR9xz4YULOF10,Di Beppe Restaurant,"8 W Cordova St, Vancouver, BC V6B 1C9",49.2823743,-123.1045057,4.4,1939.0,italian_restaurant,"italian_restaurant, restaurant, food, point_of_interest, establishment",http://www.dibeppe.com/,https://maps.google.com/?cid=6708056954498456823&g_mp=Cidnb29nbGUubWFwcy5wbGFjZXMudjEuUGxhY2VzLlNlYXJjaFRleHQQAhgEIAA,Italian restaurants in Downtown Vancouver BC,2.0,$$,2
ChIJ_dDM30xwhlQRlt_JHk7TeIc,Anatoli Souvlaki,"5 Lonsdale Ave, North Vancouver, BC V7M 2E4",49.3107162,-123.0801544,4.4,1895.0,greek_restaurant,"greek_restaurant, mediterranean_restaurant, restaurant, food, point_of_interest, establishment",https://thegreekbyanatoli.com/location-north-vancouver/,https://maps.google.com/?cid=9761784524803006358&g_mp=Cidnb29nbGUubWFwcy5wbGFjZXMudjEuUGxhY2VzLlNlYXJjaFRleHQQAhgEIAA,Mediterranean restaurants in North Vancouver BC,2.0,$$,2
ChIJQyTlBnpxhlQRG_iQW8ItfrA,NICLI Pizzeria + Bar,"3142 Highland Blvd, North Vancouver, BC V7R 2X6",49.3377264,-123.1011861,4.4,1815.0,italian_restaurant,"italian_restaurant, pizza_delivery, bistro, brunch_restaurant, pizza_restaurant, meal_delivery, food_delivery, meal_takeaway, bar, restaurant, food, point_of_interest, establishment",https://www.niclipizzeria.com/?utm_source=google&utm_medium=local,https://maps.google.com/?cid=12717652710523992091&g_mp=Cidnb29nbGUubWFwcy5wbGFjZXMudjEuUGxhY2VzLlNlYXJjaFRleHQQAhgEIAA,Italian restaurants in North Vancouver BC,2.0,$$,2
ChIJ3QdMiXlxhlQRp3roxm24JZ4,Catch 122 Cafe Bistro,"128 Carrie Cates Ct, North Vancouver, BC V7M 0G7",49.3110502,-123.0812658,4.4,1814.0,bistro,"bistro, brunch_restaurant, cocktail_bar, breakfast_restaurant, bar, restaurant, food, point_of_interest, establishment",http://www.catch122.ca/,https://maps.google.com/?cid=11395717213758978727&g_mp=Cidnb29nbGUubWFwcy5wbGFjZXMudjEuUGxhY2VzLlNlYXJjaFRleHQQAhgEIAA,Vegetarian restaurants in North Vancouver BC,2.0,$$,2
ChIJPw7iFlpzhlQRLGIH8z4l6QI,Sushi Mugen,"903 Davie St, Vancouver, BC V6Z 2E9",49.2786924,-123.1283085,4.4,1812.0,sushi_restaurant,"sushi_restaurant, japanese_restaurant, restaurant, food, point_of_interest, establishment",http://www.sushimugenvancouver.com/,https://maps.google.com/?cid=209739809944986156&g_mp=Cidnb29nbGUubWFwcy5wbGFjZXMudjEuUGxhY2VzLlNlYXJjaFRleHQQAhgEIAA,Japanese restaurants in Downtown Vancouver BC,2.0,$$,2
ChIJl9xLjNZzhlQR7-ndY8Asql8,Brix and Mortar,"1137 Hamilton St, Vancouver, BC V6B 6M5",49.2756123,-123.1219105,4.4,1791.0,restaurant,"restaurant, food, point_of_interest, establishment",https://www.brixandmortar.ca/,https://maps.google.com/?cid=6893371384464796143&g_mp=Cidnb29nbGUubWFwcy5wbGFjZXMudjEuUGxhY2VzLlNlYXJjaFRleHQQAhgEIAA,Mediterranean restaurants in Yaletown BC,3.0,$$$,3
ChIJOw__fAJ1hlQRgk4H278ijCY,Pho 37,"8300 Capstan Wy #1008, Richmond, BC V6X 4B7",49.1879268,-123.13103,4.4,1783.0,restaurant,"vietnamese_restaurant, restaurant, food, point_of_interest, establishment",https://pho37.ca/,https://maps.google.com/?cid=2777633277589540482&g_mp=Cidnb29nbGUubWFwcy5wbGFjZXMudjEuUGxhY2VzLlNlYXJjaFRleHQQAhgEIAA,Vietnamese restaurants in Richmond BC,1.0,$,1
ChIJEVA51yB3hlQRLHdUeNZQXtQ,Atlas Steak + Fish,"4331 Dominion St, Burnaby, BC V5G 1C7",49.2566565,-123.0069825,4.4,1733.0,restaurant,"restaurant, seafood_restaurant, food, point_of_interest, establishment",https://atlassteakandfish.com/burnaby/,https://maps.google.com/?cid=15302757465923548972&g_mp=Cidnb29nbGUubWFwcy5wbGFjZXMudjEuUGxhY2VzLlNlYXJjaFRleHQQAhgEIAA,Seafood restaurants in Burnaby BC,3.0,$$$,3
ChIJZ4bQMpFvhlQR-KfWP0Z8ib8,Smoke and Bones BBQ,"999 Marine Dr, North Vancouver, BC V7P 1S4",49.323576,-123.101946,4.4,1703.0,barbecue_restaurant,"barbecue_restaurant, restaurant, food, point_of_interest, establishment",http://www.smokeandbones.ca/,https://maps.google.com/?cid=13801699174214182904&g_mp=Cidnb29nbGUubWFwcy5wbGFjZXMudjEuUGxhY2VzLlNlYXJjaFRleHQQAhgEIAA,Caribbean restaurants in North Vancouver BC,2.0,$$,2
ChIJF9hzTXh3hlQRGCP_95_ogeY,La Taqueria Brentwood By La Taqueria Pinche Taco Shop,"4580 Brentwood Blvd Unit 1210, Burnaby, BC V5C 3Z6",49.267104,-123.0015121,4.4,1693.0,restaurant,"restaurant, mexican_restaurant, food, point_of_interest, establishment",http://www.lataqueria.com/,https://maps.google.com/?cid=16609812674477237016&g_mp=Cidnb29nbGUubWFwcy5wbGFjZXMudjEuUGxhY2VzLlNlYXJjaFRleHQQAhgEIAA,Mexican restaurants in Burnaby BC,2.0,$$,2
ChIJW1G0JlpzhlQR0yi6twJ0CXA,CRAFT Beer Market English Bay,"1795 Beach Ave, Vancouver, BC V6G 1Y9",49.2867494,-123.1422399,4.4,1667.0,restaurant,"restaurant, food, point_of_interest, establishment",https://www.craftbeermarket.ca/locations/vancouver-english-bay/?utm_source=google&utm_medium=organic&utm_campaign=gmb,https://maps.google.com/?cid=8073111362059512019&g_mp=Cidnb29nbGUubWFwcy5wbGFjZXMudjEuUGxhY2VzLlNlYXJjaFRleHQQAhgEIAA,Vegetarian restaurants in West End BC,2.0,$$,2
ChIJZ59eJcN3hlQRorzcRVe3wfM,Desi Turka Indian Cuisine | Burnaby,"7807 6th St, Burnaby, BC V3N 4S3",49.2202797,-122.9295377,4.4,1659.0,indian_restaurant,"indian_restaurant, south_indian_restaurant, asian_restaurant, vegan_restaurant, vegetarian_restaurant, event_venue, restaurant, food, point_of_interest, establishment",https://order.toasttab.com/online/desi-turka-indian-cuisine-7807-6th-st,https://maps.google.com/?cid=17564521607183776930&g_mp=Cidnb29nbGUubWFwcy5wbGFjZXMudjEuUGxhY2VzLlNlYXJjaFRleHQQAhgEIAA,Indian restaurants in Burnaby BC,2.0,$$,2
ChIJB3AAznlxhlQRnidXy4IF-TU,Pourhouse Restaurant,"162 Water St, Vancouver, BC V6B 1B2",49.2840775,-123.1083818,4.4,1653.0,restaurant,"restaurant, bar, food, point_of_interest, establishment",https://www.pourhousevancouver.com/,https://maps.google.com/?cid=3889145812526507934&g_mp=Cidnb29nbGUubWFwcy5wbGFjZXMudjEuUGxhY2VzLlNlYXJjaFRleHQQAhgEIAA,Vegetarian restaurants in Gastown BC,3.0,$$$,3
ChIJxwQPG4BxhlQRtCIXIfvmh9I,Boulevard Kitchen & Oyster Bar,"845 Burrard St, Vancouver, BC V6Z 2K6",49.2830662,-123.1239012,4.4,1632.0,restaurant,"restaurant, food, point_of_interest, establishment",https://www.boulevardvancouver.ca/,https://maps.google.com/?cid=15170347836087149236&g_mp=Cidnb29nbGUubWFwcy5wbGFjZXMudjEuUGxhY2VzLlNlYXJjaFRleHQQAhgEIAA,Seafood restaurants in Downtown Vancouver BC,4.0,$$$$,4
ChIJIcffCvdzhlQRZI-lN1QBMis,Sawasdee Thai Restaurant,"4250 Main St, Vancouver, BC V5V 3P9",49.2470623,-123.1009291,4.4,1625.0,thai_restaurant,"thai_restaurant, restaurant, food, point_of_interest, establishment",http://sawasdeethairestaurant.com/,https://maps.google.com/?cid=3112551753688911716&g_mp=Cidnb29nbGUubWFwcy5wbGFjZXMudjEuUGxhY2VzLlNlYXJjaFRleHQQAhgEIAA,Thai restaurants in Downtown Vancouver BC,2.0,$$,2
ChIJKZlZ6AZxhlQRPlX5rfrwhEY,Tå Bom Korean Cuisine,"1536 Robson St, Vancouver, BC V6G 1C2",49.2889626,-123.1319072,4.4,1598.0,korean_restaurant,"korean_restaurant, restaurant, food, point_of_interest, establishment",http://www.tabom.ca/,https://maps.google.com/?cid=5081451239032051006&g_mp=Cidnb29nbGUubWFwcy5wbGFjZXMudjEuUGxhY2VzLlNlYXJjaFRleHQQAhgEIAA,Korean restaurants in Downtown Vancouver BC,2.0,$$,2
ChIJP9IvbIJxhlQRMbVReWghV0E,Hydra Estiatorio,"475 Howe St, Vancouver, BC V6B 2B3",49.2855422,-123.11578790000002,4.4,1576.0,restaurant,"restaurant, bar, food, point_of_interest, establishment",http://www.hydravancouver.com/,https://maps.google.com/?cid=4708268668034856241&g_mp=Cidnb29nbGUubWFwcy5wbGFjZXMudjEuUGxhY2VzLlNlYXJjaFRleHQQAhgEIAA,Mediterranean restaurants in Downtown Vancouver BC,2.0,$$,2
ChIJjapwJRV0hlQROAAoOLJVmGY,So Hyang Korean Cuisine,"6345 Fraser St, Vancouver, BC V5W 3A3",49.227049,-123.0909204,4.4,1565.0,korean_restaurant,"korean_restaurant, restaurant, food, point_of_interest, establishment",https://so-hyang.ca/,https://maps.google.com/?cid=7392753012263354424&g_mp=Cidnb29nbGUubWFwcy5wbGFjZXMudjEuUGxhY2VzLlNlYXJjaFRleHQQAhgEIAA,Korean restaurants in Mount Pleasant BC,2.0,$$,2
ChIJNXOZc7ZzhlQRy2U3C2u572c,Fable Kitchen,"1944 W 4th Ave, Vancouver, BC V6J 1M5",49.2679331,-123.1490012,4.4,1510.0,restaurant,"restaurant, food, point_of_interest, establishment",https://fablekitchen.ca/,https://maps.google.com/?cid=7489408574741243339&g_mp=Cidnb29nbGUubWFwcy5wbGFjZXMudjEuUGxhY2VzLlNlYXJjaFRleHQQAhgEIAA,Brazilian restaurants in Kitsilano BC,3.0,$$$,3
ChIJl0RSgqh3hlQRXzBHCOpOPDc,Hart House Restaurant,"6664 Deer Lake Ave, Burnaby, BC V5E 2T2",49.2383613,-122.9664535,4.4,1506.0,european_restaurant,"european_restaurant, mediterranean_restaurant, restaurant, food, point_of_interest, establishment",http://www.harthouserestaurant.com/,https://maps.google.com/?cid=3980142937756872799&g_mp=Cidnb29nbGUubWFwcy5wbGFjZXMudjEuUGxhY2VzLlNlYXJjaFRleHQQAhgEIAA,Mediterranean restaurants in Burnaby BC,3.0,$$$,3
ChIJueXe5Yh3hlQRdepYjU4Gadg,Manjal South Indian Kitchen,"7613 Edmonds St, Burnaby, BC V3N 1B6",49.2233133,-122.9433655,4.4,1498.0,indian_restaurant,"indian_restaurant, restaurant, food, point_of_interest, establishment",http://manjalrestaurant.ca/,https://maps.google.com/?cid=15594002119195683445&g_mp=Cidnb29nbGUubWFwcy5wbGFjZXMudjEuUGxhY2VzLlNlYXJjaFRleHQQAhgEIAA,Indian restaurants in Burnaby BC,2.0,$$,2
ChIJBwE9C7ZzhlQR4gjQ64BrNQE,GlassHouse,"1935 W 4th Ave, Vancouver, BC V6J 1M7",49.2682024,-123.14888630000002,4.4,1420.0,restaurant,"restaurant, food, point_of_interest, establishment",http://www.glasshouserestaurant.ca/,https://maps.google.com/?cid=87093969259858146&g_mp=Cidnb29nbGUubWFwcy5wbGFjZXMudjEuUGxhY2VzLlNlYXJjaFRleHQQAhgEIAA,Vegetarian restaurants in Downtown Vancouver BC,2.0,$$,2
ChIJG5pMSBZzhlQRWyTqRUmt87Y,Delara Restaurant,"2272 W 4th Ave, Vancouver, BC V6K 1S4",49.2679806,-123.1567668,4.4,1381.0,persian_restaurant,"persian_restaurant, restaurant, food, point_of_interest, establishment",http://delararestaurant.ca/,https://maps.google.com/?cid=13183071064460764251&g_mp=Cidnb29nbGUubWFwcy5wbGFjZXMudjEuUGxhY2VzLlNlYXJjaFRleHQQAhgEIAA,Lebanese restaurants in Downtown Vancouver BC,2.0,$$,2
ChIJEZAPc7ZzhlQRYvvVFvv6CLo,Maenam,"1938 W 4th Ave, Vancouver, BC V6J 1M5",49.26795,-123.1489139,4.4,1319.0,thai_restaurant,"thai_restaurant, restaurant, food, point_of_interest, establishment",http://www.maenam.ca/,https://maps.google.com/?cid=13405240247195138914&g_mp=Cidnb29nbGUubWFwcy5wbGFjZXMudjEuUGxhY2VzLlNlYXJjaFRleHQQAhgEIAA,Thai restaurants in Kitsilano BC,3.0,$$$,3
ChIJfTQAlSlzhlQRglYOHc_MZpg,Ophelia,"165 W 2nd Ave, Vancouver, BC V5Y 0L8",49.2695934,-123.1081421,4.4,1312.0,mexican_restaurant,"mexican_restaurant, restaurant, food, point_of_interest, establishment",https://www.opheliakitchen.ca/,https://maps.google.com/?cid=10981689931307308674&g_mp=Cidnb29nbGUubWFwcy5wbGFjZXMudjEuUGxhY2VzLlNlYXJjaFRleHQQAhgEIAA,Spanish restaurants in Mount Pleasant BC,1.0,$,1
ChIJGXi6e3LYhVQR5QARcEkEwH0,Patsara Thai,"528 Carnarvon St, New Westminster, BC V3L 1C4",49.2043023,-122.9080545,4.4,1302.0,thai_restaurant,"thai_restaurant, restaurant, food, point_of_interest, establishment",https://www.patsara.ca/,https://maps.google.com/?cid=9061247163728724197&g_mp=Cidnb29nbGUubWFwcy5wbGFjZXMudjEuUGxhY2VzLlNlYXJjaFRleHQQAhgEIAA,Thai restaurants in Burnaby BC,1.0,$,1
ChIJKzDdhbNzhlQRN9TcI0eaFPI,Au Comptoir,"2278 W 4th Ave, Vancouver, BC V6K 1S4",49.2679862,-123.1570145,4.4,1301.0,french_restaurant,"french_restaurant, cafe, restaurant, food, point_of_interest, establishment",http://www.aucomptoir.ca/,https://maps.google.com/?cid=17443736887047803959&g_mp=Cidnb29nbGUubWFwcy5wbGFjZXMudjEuUGxhY2VzLlNlYXJjaFRleHQQAhgEIAA,French restaurants in Downtown Vancouver BC,2.0,$$,2
ChIJocSPi3hxhlQRWXF8ze-OOZI,Kita No Donburi,"423 Seymour St, Vancouver, BC V6B 3H5",49.284594,-123.113304,4.4,1298.0,japanese_restaurant,"japanese_restaurant, sushi_restaurant, restaurant, food, point_of_interest, establishment",https://kitanodonburi.ca/,https://maps.google.com/?cid=10536609963805798745&g_mp=Cidnb29nbGUubWFwcy5wbGFjZXMudjEuUGxhY2VzLlNlYXJjaFRleHQQAhgEIAA,Japanese restaurants in Gastown BC,2.0,$$,2
ChIJsyxtZ1JxhlQRVsbrWoEHkyE,acquafarina,"425 W Georgia St, Vancouver, BC V6B 4M9",49.2810282,-123.1151325,4.4,1275.0,italian_restaurant,"italian_restaurant, wine_bar, meal_takeaway, cocktail_bar, bar, restaurant, food, point_of_interest, establishment",http://www.acquafarina.com/,https://maps.google.com/?cid=2419285676985665110&g_mp=Cidnb29nbGUubWFwcy5wbGFjZXMudjEuUGxhY2VzLlNlYXJjaFRleHQQAhgEIAA,Italian restaurants in Downtown Vancouver BC,2.0,$$,2
ChIJZxCTL0ZxhlQRu0UC3PS9PgA,Kishimoto Japanese Restaurant,"2054 Commercial Dr, Vancouver, BC V5N 4A9",49.266736,-123.0694088,4.4,1259.0,japanese_restaurant,"japanese_restaurant, sushi_restaurant, restaurant, food, point_of_interest, establishment",http://www.kishimotorestaurant.com/,https://maps.google.com/?cid=17660307916867003&g_mp=Cidnb29nbGUubWFwcy5wbGFjZXMudjEuUGxhY2VzLlNlYXJjaFRleHQQAhgEIAA,Japanese restaurants in Commercial Drive BC,2.0,$$,2
ChIJj7pRp3BxhlQR8QU5qnkjG5U,PiDGiN Restaurant,"350 Carrall St, Vancouver, BC V6B 2J3",49.281881000000006,-123.10414499999996,4.4,1236.0,restaurant,"asian_fusion_restaurant, asian_restaurant, fusion_restaurant, french_restaurant, restaurant, food, point_of_interest, establishment",https://www.pidginvancouver.com/,https://maps.google.com/?cid=10744220341476328945&g_mp=Cidnb29nbGUubWFwcy5wbGFjZXMudjEuUGxhY2VzLlNlYXJjaFRleHQQAhgEIAA,Chinese restaurants in Gastown BC,3.0,$$$,3
ChIJbSuII6t2hlQR5dXyYzlSTa8,Po Kong,"1334 Kingsway, Vancouver, BC V5V 3E4",49.2505806,-123.0773694,4.4,1206.0,vegetarian_restaurant,"vegetarian_restaurant, restaurant, food, point_of_interest, establishment",http://www.pokongvegetarian.ca/,https://maps.google.com/?cid=12631842936287581669&g_mp=Cidnb29nbGUubWFwcy5wbGFjZXMudjEuUGxhY2VzLlNlYXJjaFRleHQQAhgEIAA,Vegetarian restaurants in Burnaby BC,2.0,$$,2
ChIJJ-AIiU16hlQRBCpbWTNnbSc,Arms Reach Bistro,"4390 Gallant Ave #107c, North Vancouver, BC V7G 1L2",49.3269722,-122.9492889,4.4,1196.0,restaurant,"bistro, restaurant, food, point_of_interest, establishment",http://www.armsreachbistro.com/,https://maps.google.com/?cid=2841040410180790788&g_mp=Cidnb29nbGUubWFwcy5wbGFjZXMudjEuUGxhY2VzLlNlYXJjaFRleHQQAhgEIAA,Seafood restaurants in North Vancouver BC,2.0,$$,2
ChIJK1tKltjhhVQRfxNi1CS9sek,Kisamos Taverna,"3420 Moncton St, Richmond, BC V7E 3A2",49.1250796,-123.18535589999998,4.4,1181.0,greek_restaurant,"greek_restaurant, meal_takeaway, restaurant, food, point_of_interest, establishment",http://kisamostaverna.com/,https://maps.google.com/?cid=16839448447594664831&g_mp=Cidnb29nbGUubWFwcy5wbGFjZXMudjEuUGxhY2VzLlNlYXJjaFRleHQQAhgEIAA,Mediterranean restaurants in Richmond BC,2.0,$$,2
ChIJ_Z8kEc9whlQRDSlxb1ykVO8,Chad Thai Restaurant,"4010 Hastings St, Burnaby, BC V5C 2J2",49.2809526,-123.015925,4.4,1160.0,thai_restaurant,"thai_restaurant, restaurant, food, point_of_interest, establishment",http://chadthai.ca/,https://maps.google.com/?cid=17245589590022105357&g_mp=Cidnb29nbGUubWFwcy5wbGFjZXMudjEuUGxhY2VzLlNlYXJjaFRleHQQAhgEIAA,Thai restaurants in Burnaby BC,2.0,$$,2
ChIJJ8YrM3pxhlQR3p8xNI44_Q4,Tsuki Sushi Bar Vancouver,"509 Abbott St, Vancouver, BC V6B 0J9",49.280905100000005,-123.10787,4.4,1146.0,sushi_restaurant,"sushi_restaurant, japanese_restaurant, restaurant, food, point_of_interest, establishment",https://tsukisushibar.ca/,https://maps.google.com/?cid=1080081669050965982&g_mp=Cidnb29nbGUubWFwcy5wbGFjZXMudjEuUGxhY2VzLlNlYXJjaFRleHQQAhgEIAA,Japanese restaurants in Gastown BC,2.0,$$,2
ChIJs4AlSgUNdkgRcskiyQbpdyo,Tapas Brindisa Richmond,"5 Whittaker Ave, Richmond TW9 1EH, UK",51.458468,-0.3067857,4.4,1131.0,tapas_restaurant,"tapas_restaurant, spanish_restaurant, restaurant, food, point_of_interest, establishment",https://www.brindisakitchens.com/restaurant/tapas-brindisa-richmond/,https://maps.google.com/?cid=3060170687175117170&g_mp=Cidnb29nbGUubWFwcy5wbGFjZXMudjEuUGxhY2VzLlNlYXJjaFRleHQQAhgEIAA,Spanish restaurants in Richmond BC,2.0,$$,2
ChIJQ3EWTtpxhlQR8AOWxpM5tBY,Alouette Bistro,"567 Hornby St #1207, Vancouver, BC V6C 2E8",49.2852733,-123.1181664,4.4,1116.0,french_restaurant,"french_restaurant, restaurant, food, point_of_interest, establishment",http://alouettevancouver.com/,https://maps.google.com/?cid=1635995871497028592&g_mp=Cidnb29nbGUubWFwcy5wbGFjZXMudjEuUGxhY2VzLlNlYXJjaFRleHQQAhgEIAA,French restaurants in Downtown Vancouver BC,2.0,$$,2
ChIJW8fi6NZzhlQRjKvR2NBsVkc,Hapa Izakaya Yaletown,"1193 Hamilton St, Vancouver, BC V6B 5P6",49.2751544,-123.1226015,4.4,1115.0,japanese_restaurant,"japanese_izakaya_restaurant, sushi_restaurant, tapas_restaurant, bar, japanese_restaurant, restaurant, food, point_of_interest, establishment",https://hapaizakaya.com/,https://maps.google.com/?cid=5140415668936616844&g_mp=Cidnb29nbGUubWFwcy5wbGFjZXMudjEuUGxhY2VzLlNlYXJjaFRleHQQAhgEIAA,Japanese restaurants in Downtown Vancouver BC,2.0,$$,2
ChIJ9_88o-R2hlQRqeZTQJKzS-E,Sushi S Japanese Restaurant,"4739 Willingdon Ave #1, Burnaby, BC V5G 3H5",49.242639,-123.004127,4.4,1110.0,japanese_restaurant,"japanese_restaurant, sushi_restaurant, restaurant, food, point_of_interest, establishment",https://www.sushis.ca/,https://maps.google.com/?cid=16234266722512922281&g_mp=Cidnb29nbGUubWFwcy5wbGFjZXMudjEuUGxhY2VzLlNlYXJjaFRleHQQAhgEIAA,Japanese restaurants in Burnaby BC,2.0,$$,2
ChIJ_3aq51dxhlQR6ka05SmFxSA,Los Cuervos Taqueria & Cantina,"LOS CUERVOS, 603 Kingsway, Vancouver, BC V5T 3K5",49.257433,-123.091111,4.4,1094.0,mexican_restaurant,"mexican_restaurant, restaurant, food, point_of_interest, establishment",https://www.loscuervostaqueria.net/,https://maps.google.com/?cid=2361439994619643626&g_mp=Cidnb29nbGUubWFwcy5wbGFjZXMudjEuUGxhY2VzLlNlYXJjaFRleHQQAhgEIAA,Mexican restaurants in Burnaby BC,2.0,$$,2
ChIJMybUkuFzhlQRfkQqDXMjvwU,Ignite Pizzeria Mount Pleasant,"2588 Main St, Vancouver, BC V5T 4V6",49.2621478,-123.1007276,4.4,1085.0,restaurant,"restaurant, pizza_delivery, meal_delivery, food_delivery, vegan_restaurant, vegetarian_restaurant, pizza_restaurant, italian_restaurant, meal_takeaway, food, point_of_interest, establishment",https://ignitepizzeria.com/,https://maps.google.com/?cid=414088667790460030&g_mp=Cidnb29nbGUubWFwcy5wbGFjZXMudjEuUGxhY2VzLlNlYXJjaFRleHQQAhgEIAA,Italian restaurants in Mount Pleasant BC,2.0,$$,2
ChIJbfH04cB3hlQRB9HE8IANVoc,Sushi Modo,"7874 Edmonds St, Burnaby, BC V3N 1B8",49.225848,-122.937306,4.4,1080.0,japanese_restaurant,"japanese_restaurant, restaurant, food, point_of_interest, establishment",https://sushi-modo.com/,https://maps.google.com/?cid=9751996890563793159&g_mp=Cidnb29nbGUubWFwcy5wbGFjZXMudjEuUGxhY2VzLlNlYXJjaFRleHQQAhgEIAA,Japanese restaurants in Burnaby BC,2.0,$$,2
ChIJ5wBL2Il1hlQRoNi4OAmc3M0,Wasuta Pasta,"7080 River Rd #202, Richmond, BC V6X 1X5",49.1776425,-123.1464032,4.4,1035.0,japanese_restaurant,"japanese_restaurant, italian_restaurant, restaurant, food, point_of_interest, establishment",http://wasutapasta.com/,https://maps.google.com/?cid=14833902836071848096&g_mp=Cidnb29nbGUubWFwcy5wbGFjZXMudjEuUGxhY2VzLlNlYXJjaFRleHQQAhgEIAA,Japanese restaurants in Richmond BC,2.0,$$,2
ChIJk5D8YERxhlQRbJ_4S2KU7c0,Tutto Italian Restaurant & Bar,"901 Homer St, Vancouver, BC V6B 2W6",49.2784387,-123.1188587,4.4,1027.0,italian_restaurant,"italian_restaurant, restaurant, food, point_of_interest, establishment",http://www.tuttorestaurant.ca/,https://maps.google.com/?cid=14838679497157943148&g_mp=Cidnb29nbGUubWFwcy5wbGFjZXMudjEuUGxhY2VzLlNlYXJjaFRleHQQAhgEIAA,Italian restaurants in Downtown Vancouver BC,2.0,$$,2
ChIJtZkA08p3hlQRbYNIRvyezzQ,DooBoo,"6907 Kingsway, Burnaby, BC V5E 1E5",49.2187015,-122.9608257,4.4,1019.0,korean_restaurant,"korean_restaurant, restaurant, food, point_of_interest, establishment",http://doobootofusoupkoreanbbq.zomi.menu/,https://maps.google.com/?cid=3805435016499463021&g_mp=Cidnb29nbGUubWFwcy5wbGFjZXMudjEuUGxhY2VzLlNlYXJjaFRleHQQAhgEIAA,Korean restaurants in Burnaby BC,2.0,$$,2
ChIJkfSRBJJ3hlQRuySmrqukN4k,Bow & Stern Brentwood,"4567 Lougheed Hwy. Unit 2626, Burnaby, BC V5C 3Z6",49.2674029,-123.0003287,4.4,1009.0,seafood_restaurant,"seafood_restaurant, fish_and_chips_restaurant, brunch_restaurant, oyster_bar_restaurant, cocktail_bar, bar, restaurant, food, point_of_interest, establishment",https://bowandstern.ca/,https://maps.google.com/?cid=9887552564191700155&g_mp=Cidnb29nbGUubWFwcy5wbGFjZXMudjEuUGxhY2VzLlNlYXJjaFRleHQQAhgEIAA,Thai restaurants in Burnaby BC,2.0,$$,2
ChIJw2Vqfk9xhlQRgGkg_E2xXmk,Carlino Restaurant,"1115 Alberni St #3F, Vancouver, BC V6E 1A5",49.2857158,-123.1240693,4.4,997.0,italian_restaurant,"italian_restaurant, restaurant, food, point_of_interest, establishment",http://www.carlinorestaurant.com/,https://maps.google.com/?cid=7592700970293815680&g_mp=Cidnb29nbGUubWFwcy5wbGFjZXMudjEuUGxhY2VzLlNlYXJjaFRleHQQAhgEIAA,Italian restaurants in Downtown Vancouver BC,2.0,$$,2
ChIJv7MHrtdzhlQRz141l-V5w3k,La Terrazza,"1088 Cambie St., Vancouver, BC V6B 6J5",49.2749928,-123.118637,4.4,990.0,italian_restaurant,"italian_restaurant, fine_dining_restaurant, wine_bar, seafood_restaurant, wedding_venue, steak_house, bar, event_venue, restaurant, food, point_of_interest, service, establishment",https://laterrazza.ca/,https://maps.google.com/?cid=8773990526039187151&g_mp=Cidnb29nbGUubWFwcy5wbGFjZXMudjEuUGxhY2VzLlNlYXJjaFRleHQQAhgEIAA,Italian restaurants in Downtown Vancouver BC,3.0,$$$,3
ChIJbbcM605xhlQRvDPD6CNJXG0,Suren Persian cuisine,"4624 Hastings St, Burnaby, BC V5C 2K5",49.2807698,-122.9993511,4.4,990.0,persian_restaurant,"persian_restaurant, restaurant, food, point_of_interest, establishment",http://surenrestaurant.ca/,https://maps.google.com/?cid=7880253866569315260&g_mp=Cidnb29nbGUubWFwcy5wbGFjZXMudjEuUGxhY2VzLlNlYXJjaFRleHQQAhgEIAA,Lebanese restaurants in Burnaby BC,2.0,$$,2
ChIJXU0RXmBxhlQRUJLTSO1Oc0o,Nuba Cafe and Catering in Mount Pleasant,"146 E 3rd Ave, Vancouver, BC V5T 1C8",49.2679607,-123.1016943,4.4,966.0,restaurant,"restaurant, halal_restaurant, vegan_restaurant, lebanese_restaurant, vegetarian_restaurant, mediterranean_restaurant, manufacturer, food_store, supplier, store, food, point_of_interest, establishment",http://www.nuba.ca/,https://maps.google.com/?cid=5364718362164433488&g_mp=Cidnb29nbGUubWFwcy5wbGFjZXMudjEuUGxhY2VzLlNlYXJjaFRleHQQAhgEIAA,Lebanese restaurants in Downtown Vancouver BC,2.0,$$,2
ChIJY4V3IzFzhlQRsyvweUEtwvk,Sushi Nova Vancouver,"2059 W 4th Ave, Vancouver, BC V6J 1N3",49.2682875,-123.1517565,4.4,962.0,japanese_restaurant,"japanese_restaurant, sushi_restaurant, restaurant, food, point_of_interest, establishment",http://sushinova.ca/en/index.php,https://maps.google.com/?cid=17996996820167830451&g_mp=Cidnb29nbGUubWFwcy5wbGFjZXMudjEuUGxhY2VzLlNlYXJjaFRleHQQAhgEIAA,Japanese restaurants in Kitsilano BC,2.0,$$,2
ChIJ39PXx8pxhlQR1--5MxJBR1c,Miso Taco - Cambie,"3456 Cambie St., Vancouver, BC V5Z 2W8",49.2543658,-123.1149068,4.4,960.0,restaurant,"restaurant, taco_restaurant, cocktail_bar, bar, food, point_of_interest, establishment",https://www.misotaco.ca/,https://maps.google.com/?cid=6289066951079227351&g_mp=Cidnb29nbGUubWFwcy5wbGFjZXMudjEuUGxhY2VzLlNlYXJjaFRleHQQAhgEIAA,Mexican restaurants in Richmond BC,2.0,$$,2
ChIJrarqOTx3hlQRKwdrO4kjGfM,Mi Casa Mexicana,"2015 Burrard St, Vancouver, BC V6J 3H4",49.2678281,-123.1459089,4.4,940.0,mexican_restaurant,"mexican_restaurant, restaurant, food, point_of_interest, establishment",http://www.micasamexicana.net/,https://maps.google.com/?cid=17517071297948616491&g_mp=Cidnb29nbGUubWFwcy5wbGFjZXMudjEuUGxhY2VzLlNlYXJjaFRleHQQAhgEIAA,Mexican restaurants in Kitsilano BC,1.0,$,1
ChIJD7OS67pxhlQR99jnRuImeFo,LIVIA Forno e Vino,"1399 Commercial Dr, Vancouver, BC V5L 3X5",49.2722506,-123.06974659999996,4.4,934.0,bakery,"bakery, wine_bar, italian_restaurant, breakfast_restaurant, cafe, food_store, bar, store, restaurant, food, point_of_interest, establishment",http://www.liviasweets.com/,https://maps.google.com/?cid=6519003213912856823&g_mp=Cidnb29nbGUubWFwcy5wbGFjZXMudjEuUGxhY2VzLlNlYXJjaFRleHQQAhgEIAA,Italian restaurants in Commercial Drive BC,2.0,$$,2
ChIJcfQaoShyhlQRMi0PP9FMUsw,España Restaurant,"1118 Denman St, Vancouver, BC V6G 2M8",49.2880552,-123.1404115,4.4,927.0,spanish_restaurant,"spanish_restaurant, wine_bar, tapas_restaurant, bar, restaurant, food, point_of_interest, establishment",http://www.espanarestaurant.ca/,https://maps.google.com/?cid=14722914593417407794&g_mp=Cidnb29nbGUubWFwcy5wbGFjZXMudjEuUGxhY2VzLlNlYXJjaFRleHQQAhgEIAA,Spanish restaurants in Downtown Vancouver BC,2.0,$$,2
ChIJy6gndbZzhlQRylsrWwq_y0c,RedBeef Noodle Kitchen (Kitsilano),"1947 W 4th Ave, Vancouver, BC V6J 1M7",49.2683471,-123.1491029,4.4,898.0,taiwanese_restaurant,"taiwanese_restaurant, restaurant, food, point_of_interest, establishment",http://www.redbeef.ca/,https://maps.google.com/?cid=5173438648165293002&g_mp=Cidnb29nbGUubWFwcy5wbGFjZXMudjEuUGxhY2VzLlNlYXJjaFRleHQQAhgEIAA,Chinese restaurants in Kitsilano BC,2.0,$$,2
ChIJaUxdT1ULhlQRiFiZI6_ncwg,JJang Korean BBQ and Social House,"5668 Hollybridge Way #115, Richmond, BC V7C 4N3",49.1737042,-123.1473941,4.4,895.0,korean_barbecue_restaurant,"korean_barbecue_restaurant, korean_restaurant, restaurant, food, point_of_interest, establishment",https://www.instagram.com/jjang_bbq?igsh=MWI5MWFvbmJ5ang0cA%3D%3D&utm_source=qr,https://maps.google.com/?cid=609085114027694216&g_mp=Cidnb29nbGUubWFwcy5wbGFjZXMudjEuUGxhY2VzLlNlYXJjaFRleHQQAhgEIAA,Korean restaurants in Richmond BC,2.0,$$,2
ChIJDTh3PatzhlQRGpB9jNaTeTU,Albasha Express Shawarma & Falafel,"1937 Cornwall Ave, Vancouver, BC V6J 1C8, Vancouver, BC V6K 2H2",49.272673100000006,-123.1485425,4.4,888.0,shawarma_restaurant,"shawarma_restaurant, mediterranean_restaurant, middle_eastern_restaurant, fast_food_restaurant, vegetarian_restaurant, falafel_restaurant, halal_restaurant, restaurant, food, point_of_interest, establishment",http://www.albashaexpress.ca/,https://maps.google.com/?cid=3853273505881493530&g_mp=Cidnb29nbGUubWFwcy5wbGFjZXMudjEuUGxhY2VzLlNlYXJjaFRleHQQAhgEIAA,Lebanese restaurants in Kitsilano BC,1.0,$,1
ChIJjRZH5dp1hlQR-nglPJRk-DU,Tang Vietnamese Restaurant & Bar,"8611 Alexandra Rd Unit 180, Richmond, BC V6X 1C3",49.178532,-123.127478,4.4,885.0,restaurant,"restaurant, food, point_of_interest, establishment",http://www.tangvn.com/,https://maps.google.com/?cid=3888968866061449466&g_mp=Cidnb29nbGUubWFwcy5wbGFjZXMudjEuUGxhY2VzLlNlYXJjaFRleHQQAhgEIAA,Vietnamese restaurants in Richmond BC,2.0,$$,2
ChIJl3jdI1FzhlQRaMgOocqNvBE,"Tequila Cocina | Mexican Restaurant, Cantina & Brunch.","1224 Granville St, Vancouver, BC V6Z 1M4",49.276711,-123.1264589,4.4,867.0,mexican_restaurant,"mexican_restaurant, latin_american_restaurant, brunch_restaurant, taco_restaurant, cocktail_bar, bar, restaurant, food, point_of_interest, establishment",https://tequilacocina.com/,https://maps.google.com/?cid=1278052295691389032&g_mp=Cidnb29nbGUubWFwcy5wbGFjZXMudjEuUGxhY2VzLlNlYXJjaFRleHQQAhgEIAA,Mexican restaurants in Downtown Vancouver BC,2.0,$$,2
ChIJ___7dydyhlQRH6syoy4hoIo,Robba da Matti (Westend),"1906 Haro St, Vancouver, BC V6G 1H7",49.2917999,-123.1383948,4.4,867.0,italian_restaurant,"italian_restaurant, restaurant, food, point_of_interest, establishment",https://robbadamatti.com/,https://maps.google.com/?cid=9989020457697979167&g_mp=Cidnb29nbGUubWFwcy5wbGFjZXMudjEuUGxhY2VzLlNlYXJjaFRleHQQAhgEIAA,Italian restaurants in West End BC,2.0,$$,2
ChIJSZi5euNzhlQRDKv0oXuLPDU,The London Fish (Windjammer Restaurant),"937 Commercial Dr, Vancouver, BC V5L 3W7",49.2760346,-123.0696994,4.4,854.0,fish_and_chips_restaurant,"fish_and_chips_restaurant, breakfast_restaurant, coffee_shop, fast_food_restaurant, pub, british_restaurant, bar, cafe, food_store, store, restaurant, food, point_of_interest, establishment",https://thelondonfish.zomi.menu/,https://maps.google.com/?cid=3836094345727224588&g_mp=Cidnb29nbGUubWFwcy5wbGFjZXMudjEuUGxhY2VzLlNlYXJjaFRleHQQAhgEIAA,Seafood restaurants in Commercial Drive BC,1.0,$,1
ChIJ41FXwohzhlQRDIiPRXy81Ms,Bonjour Vietnam Bistro & Cocktail Bar,"3944 Fraser St, Vancouver, BC V5V 4E4",49.2496542,-123.0899301,4.4,851.0,vietnamese_restaurant,"vietnamese_restaurant, restaurant, food, point_of_interest, establishment",https://www.bonjourvietnambistro.com/,https://maps.google.com/?cid=14687571526691031052&g_mp=Cidnb29nbGUubWFwcy5wbGFjZXMudjEuUGxhY2VzLlNlYXJjaFRleHQQAhgEIAA,Vietnamese restaurants in Mount Pleasant BC,1.0,$,1
ChIJTbkdJ6F3hlQRoYD4488Vw6s,Little Minh's Kitchen,"7533 Market Crossing, Burnaby, BC V5J 0A3",49.1985907,-122.9783396,4.4,846.0,vietnamese_restaurant,"vietnamese_restaurant, restaurant, food, point_of_interest, establishment",https://littleminhsca.square.site/,https://maps.google.com/?cid=12376760183571382433&g_mp=Cidnb29nbGUubWFwcy5wbGFjZXMudjEuUGxhY2VzLlNlYXJjaFRleHQQAhgEIAA,Vietnamese restaurants in Burnaby BC,1.0,$,1
ChIJF5-n50hzhlQRLbkYBNtV6x0,"Sula Indian Restaurant, Davie Street","1708 Davie St, Vancouver, BC V6G 2K7",49.2862525,-123.14057359999998,4.4,841.0,indian_restaurant,"indian_restaurant, catering_service, meal_delivery, food_delivery, cocktail_bar, bar, meal_takeaway, restaurant, food, point_of_interest, service, establishment",https://sulaindianrestaurant.com/?utm_source=google&utm_medium=organic&utm_campaign=gmb_davie_hp,https://maps.google.com/?cid=2155911245781842221&g_mp=Cidnb29nbGUubWFwcy5wbGFjZXMudjEuUGxhY2VzLlNlYXJjaFRleHQQAhgEIAA,Indian restaurants in Downtown Vancouver BC,2.0,$$,2
ChIJu8uwdCJxhlQRvspSRNj8uLg,Bai Bua Thai Cuisine,"2443 E Hastings St #1, Vancouver, BC V5K 1Y8",49.2812889,-123.0556306,4.4,833.0,thai_restaurant,"thai_restaurant, restaurant, food, point_of_interest, establishment",http://www.baibuathaicuisine.ca/,https://maps.google.com/?cid=13310666704482912958&g_mp=Cidnb29nbGUubWFwcy5wbGFjZXMudjEuUGxhY2VzLlNlYXJjaFRleHQQAhgEIAA,Thai restaurants in Commercial Drive BC,2.0,$$,2
ChIJB_WMIcZ3hlQR0vpt42eGr14,Oh! Zzhu Sam Korean Restaurant,"7506 Edmonds St, Burnaby, BC V3N 1B4",49.221955,-122.9446406,4.4,818.0,korean_restaurant,"korean_restaurant, restaurant, food, point_of_interest, establishment",http://ohzzhusamkoreanrestaurant.zomi.menu/,https://maps.google.com/?cid=6822819741244979922&g_mp=Cidnb29nbGUubWFwcy5wbGFjZXMudjEuUGxhY2VzLlNlYXJjaFRleHQQAhgEIAA,Korean restaurants in Burnaby BC,2.0,$$,2
ChIJPf80-rJzhlQRZrb4QC-ts9c,Street Hawker - Mount Pleasant,"3088 Main St, Vancouver, BC V5T 3G5",49.2577173,-123.1009855,4.4,787.0,hamburger_restaurant,"hamburger_restaurant, american_restaurant, restaurant, food, point_of_interest, establishment",http://streethawker.ca/,https://maps.google.com/?cid=15542957157450823270&g_mp=Cidnb29nbGUubWFwcy5wbGFjZXMudjEuUGxhY2VzLlNlYXJjaFRleHQQAhgEIAA,Vegetarian restaurants in Mount Pleasant BC,2.0,$$,2
ChIJmxtPMbB1hlQRyJRgC1Yros0,Mr. Bro Korean bistro & Izakaya,"8580 Alexandra Rd Unit 2000, Richmond, BC V6X 1C3",49.177903,-123.127564,4.4,769.0,korean_restaurant,"korean_restaurant, japanese_izakaya_restaurant, bistro, bar, japanese_restaurant, restaurant, food, point_of_interest, establishment",http://mrbro.ca/,https://maps.google.com/?cid=14817453372560413896&g_mp=Cidnb29nbGUubWFwcy5wbGFjZXMudjEuUGxhY2VzLlNlYXJjaFRleHQQAhgEIAA,Korean restaurants in Richmond BC,2.0,$$,2
ChIJj8FtxMhxhlQRxd_KU1G05-0,Brass Fish Tavern,"385 Burrard St, Vancouver, BC V6C 2G8",49.2873432,-123.1171209,4.4,763.0,restaurant,"restaurant, pub, bar, food, point_of_interest, establishment",https://freehouse.co/brass-fish-tavern/,https://maps.google.com/?cid=17142868768000237509&g_mp=Cidnb29nbGUubWFwcy5wbGFjZXMudjEuUGxhY2VzLlNlYXJjaFRleHQQAhgEIAA,Seafood restaurants in Downtown Vancouver BC,2.0,$$,2
ChIJcfFsQvZ2hlQRtOm6XGv_0uA,Ha Cafe,"4729 Kingsway, Burnaby, BC V5H 2C3",49.2282553,-122.9982853,4.4,737.0,vietnamese_restaurant,"vietnamese_restaurant, restaurant, food, point_of_interest, establishment",https://www.hacaferestaurant.com/,https://maps.google.com/?cid=16200291646187432372&g_mp=Cidnb29nbGUubWFwcy5wbGFjZXMudjEuUGxhY2VzLlNlYXJjaFRleHQQAhgEIAA,Vietnamese restaurants in Burnaby BC,1.0,$,1
ChIJqzJ81kZxhlQREc6ttSm_NoU,Medley's Italian & Grill,"700 Old Lillooet Rd #110, North Vancouver, BC V7J 2H5",49.3128487,-123.026825,4.4,731.0,restaurant,"restaurant, bar_and_grill, bar, food, point_of_interest, establishment",https://www.medleysgrill.com/?utm_source=google&utm_medium=wix_google_business_profile&utm_campaign=15271230282366527716,https://maps.google.com/?cid=9599069841649421841&g_mp=Cidnb29nbGUubWFwcy5wbGFjZXMudjEuUGxhY2VzLlNlYXJjaFRleHQQAhgEIAA,Italian restaurants in North Vancouver BC,2.0,$$,2
ChIJj5wgXY9zhlQRJ81hogjlCEQ,Biryani Lounge Restaurant and Bar | Indian,"1184 Denman St, Vancouver, BC V6G 2M9",49.2873409,-123.141284,4.4,723.0,indian_restaurant,"indian_restaurant, asian_restaurant, pakistani_restaurant, north_indian_restaurant, sports_bar, meal_takeaway, bar, restaurant, food, point_of_interest, establishment",http://biryaniloungerestaurantandbar.zomi.menu/,https://maps.google.com/?cid=4902420019639602471&g_mp=Cidnb29nbGUubWFwcy5wbGFjZXMudjEuUGxhY2VzLlNlYXJjaFRleHQQAhgEIAA,Indian restaurants in West End BC,2.0,$$,2
ChIJl8UDfaxzhlQR8f8B18Uz33o,Great Wall Mongolian B.B.Q,"2897 W Broadway, Vancouver, BC V6K 2G6",49.2642309,-123.17036069999996,4.4,714.0,mongolian_barbecue_restaurant,"mongolian_barbecue_restaurant, restaurant, food, point_of_interest, establishment",https://greatwallmongolianbbq.zomi.menu/,https://maps.google.com/?cid=8853852317242490865&g_mp=Cidnb29nbGUubWFwcy5wbGFjZXMudjEuUGxhY2VzLlNlYXJjaFRleHQQAhgEIAA,Chinese restaurants in Kitsilano BC,1.0,$,1
ChIJ547cfqtzhlQRV_7bbo3lLxA,Tera V Burger,"2961 W Broadway, Vancouver, BC V6K 2G9",49.2642828,-123.1717167,4.4,711.0,vegan_restaurant,"vegan_restaurant, breakfast_restaurant, vegetarian_restaurant, fast_food_restaurant, dessert_shop, confectionery, food_store, store, restaurant, food, point_of_interest, establishment",http://teravburger.com/,https://maps.google.com/?cid=1166403224125308503&g_mp=Cidnb29nbGUubWFwcy5wbGFjZXMudjEuUGxhY2VzLlNlYXJjaFRleHQQAhgEIAA,Vegetarian restaurants in Kitsilano BC,1.0,$,1
ChIJEbWiUT9xhlQR6TysLyO_-Gc,Ginger Sushi,"1437 Commercial Dr, Vancouver, BC V5L 3X8",49.2717257,-123.0697992,4.4,689.0,sushi_restaurant,"sushi_restaurant, japanese_restaurant, meal_takeaway, restaurant, food, point_of_interest, establishment",https://ginger-sushi.ca/,https://maps.google.com/?cid=7491948137975397609&g_mp=Cidnb29nbGUubWFwcy5wbGFjZXMudjEuUGxhY2VzLlNlYXJjaFRleHQQAhgEIAA,Japanese restaurants in Commercial Drive BC,1.0,$,1
ChIJMR3gqj9xhlQRvGJBKCZn1DY,Kulinarya Filipino Eatery,"1134 Commercial Dr, Vancouver, BC V5L 3X2",49.2743854,-123.0694104,4.4,687.0,filipino_restaurant,"filipino_restaurant, restaurant, food, point_of_interest, establishment",http://www.kulinarya.ca/,https://maps.google.com/?cid=3950896186692559548&g_mp=Cidnb29nbGUubWFwcy5wbGFjZXMudjEuUGxhY2VzLlNlYXJjaFRleHQQAhgEIAA,Seafood restaurants in Commercial Drive BC,2.0,$$,2
ChIJU2rxVMVwhlQRUlFGdFu-ggg,Baci Ristorante,"3728 E Hastings St, Burnaby, BC V5C 2H5",49.2809719,-123.0225186,4.4,664.0,italian_restaurant,"italian_restaurant, restaurant, food, point_of_interest, establishment",http://www.bacirestaurant.ca/,https://maps.google.com/?cid=613261799277875538&g_mp=Cidnb29nbGUubWFwcy5wbGFjZXMudjEuUGxhY2VzLlNlYXJjaFRleHQQAhgEIAA,Italian restaurants in Burnaby BC,2.0,$$,2
ChIJ_7EKbux3hlQRd5g1pfUlsIo,La Forchetta,"5601 Hastings St, Burnaby, BC V5B 1R5",49.2804535,-122.9821077,4.4,650.0,italian_restaurant,"italian_restaurant, restaurant, food, point_of_interest, establishment",http://www.laforchettaburnaby.com/,https://maps.google.com/?cid=9993529310104098935&g_mp=Cidnb29nbGUubWFwcy5wbGFjZXMudjEuUGxhY2VzLlNlYXJjaFRleHQQAhgEIAA,Italian restaurants in Burnaby BC,2.0,$$,2
ChIJ5XadYLlxhlQRCJl1jr1K80Y,Provisions Italiana at Seaside Hotel,"125 Victory Ship Way, North Vancouver, BC V7L 0B2",49.309936,-123.0783379,4.4,642.0,restaurant,"restaurant, wine_bar, bar, food, point_of_interest, establishment",https://www.provisionsitaliana.com/,https://maps.google.com/?cid=5112512179994990856&g_mp=Cidnb29nbGUubWFwcy5wbGFjZXMudjEuUGxhY2VzLlNlYXJjaFRleHQQAhgEIAA,Seafood restaurants in North Vancouver BC,2.0,$$,2
ChIJS4OuFN5xhlQRDjKjnzsRfaY,Song (by Kin Kao),"317 E Broadway, Vancouver, BC V5T 1W5",49.2629713,-123.0986219,4.4,627.0,thai_restaurant,"thai_restaurant, wine_bar, asian_restaurant, cocktail_bar, bar, restaurant, food, point_of_interest, establishment",http://www.songyvr.com/,https://maps.google.com/?cid=11996763930163884558&g_mp=Cidnb29nbGUubWFwcy5wbGFjZXMudjEuUGxhY2VzLlNlYXJjaFRleHQQAhgEIAA,Thai restaurants in Downtown Vancouver BC,2.0,$$,2
ChIJJ6JdZaxzhlQRvV0VXg6k_8g,Chef’s flavour Indian cuisine,"2872 W Broadway, Vancouver, BC V6K 2G7",49.2639419,-123.1695291,4.4,612.0,indian_restaurant,"indian_restaurant, restaurant, food, point_of_interest, establishment",http://www.chefsflavour.ca/,https://maps.google.com/?cid=14483475308261760445&g_mp=Cidnb29nbGUubWFwcy5wbGFjZXMudjEuUGxhY2VzLlNlYXJjaFRleHQQAhgEIAA,Indian restaurants in Kitsilano BC,2.0,$$,2
ChIJgXtp8BluhlQR_Myo45TFn54,Lao Cai Chinese Cuisine West Van 老蔡食府 西温店,"1425 Marine Dr #130, West Vancouver, BC V7T 1B5",49.3281806,-123.1550493,4.4,604.0,restaurant,"restaurant, dumpling_restaurant, hot_pot_restaurant, noodle_shop, tea_house, chinese_restaurant, food, point_of_interest, establishment",https://laocaichinesecuisine.com/?,https://maps.google.com/?cid=11430071622554930428&g_mp=Cidnb29nbGUubWFwcy5wbGFjZXMudjEuUGxhY2VzLlNlYXJjaFRleHQQAhgEIAA,Chinese restaurants in West End BC,2.0,$$,2
ChIJjbBpcZNzhlQRqdzv02sur1w,Karma Indian Bistro,"2741 W 4th Ave, Vancouver, BC V6K 1P9",49.2684786,-123.167117,4.4,602.0,indian_restaurant,"indian_restaurant, restaurant, food, point_of_interest, establishment",https://karmaindianbistro.ca/,https://maps.google.com/?cid=6678607813065825449&g_mp=Cidnb29nbGUubWFwcy5wbGFjZXMudjEuUGxhY2VzLlNlYXJjaFRleHQQAhgEIAA,Indian restaurants in Kitsilano BC,2.0,$$,2
ChIJp2uTAlh5hlQRjKGcO0VmtRM,Onggi Korean Cuisine 옹기 밴쿠버(Best Price on Website!),"4501 North Rd #103, Burnaby, BC V3N 4R7",49.2438761,-122.8933421,4.4,602.0,korean_restaurant,"korean_restaurant, restaurant, food, point_of_interest, establishment",https://theonggi.ca/,https://maps.google.com/?cid=1420153705044156812&g_mp=Cidnb29nbGUubWFwcy5wbGFjZXMudjEuUGxhY2VzLlNlYXJjaFRleHQQAhgEIAA,Korean restaurants in Burnaby BC,2.0,$$,2
ChIJJbcNqG_YhVQR-jqn_f3sHTk,Longtail Kitchen,"810 Quayside Dr Unit 116, New Westminster, BC V3M 6B9",49.1999576,-122.911512,4.4,591.0,thai_restaurant,"thai_restaurant, restaurant, food, point_of_interest, establishment",http://longtailkitchen.com/,https://maps.google.com/?cid=4115706210112977658&g_mp=Cidnb29nbGUubWFwcy5wbGFjZXMudjEuUGxhY2VzLlNlYXJjaFRleHQQAhgEIAA,Thai restaurants in Burnaby BC,2.0,$$,2
ChIJObDZuTNxhlQRwZeLjjg2oTQ,Waffleland Café,"32 Water St, Vancouver, BC V6B 1A4",49.28354770000001,-123.1052192,4.4,588.0,brunch_restaurant,"brunch_restaurant, breakfast_restaurant, cafe, restaurant, food, point_of_interest, establishment",http://wafflelandcafe.ca/,https://maps.google.com/?cid=3792371977760249793&g_mp=Cidnb29nbGUubWFwcy5wbGFjZXMudjEuUGxhY2VzLlNlYXJjaFRleHQQAhgEIAA,Vegetarian restaurants in Gastown BC,2.0,$$,2
ChIJ8fzM2kB3hlQR4ZizozXJcSc,White Lotus Cafe,"5901 Broadway #1, Burnaby, BC V5B 2Y1",49.2655881,-122.9787603,4.4,585.0,vietnamese_restaurant,"vietnamese_restaurant, restaurant, food, point_of_interest, establishment",https://whitelotuscafe.ca/,https://maps.google.com/?cid=2842274072064399585&g_mp=Cidnb29nbGUubWFwcy5wbGFjZXMudjEuUGxhY2VzLlNlYXJjaFRleHQQAhgEIAA,Vietnamese restaurants in Burnaby BC,1.0,$,1
ChIJ7c1Iqb0uK4gRIWW8B67SbeY,Nina's Tropical Island Caribbean Restaurant,"20 Rivermede Rd, Concord, ON L4K 3N3",43.8120063,-79.482168,4.4,580.0,restaurant,"restaurant, food, point_of_interest, establishment",,https://maps.google.com/?cid=16604159046080816417&g_mp=Cidnb29nbGUubWFwcy5wbGFjZXMudjEuUGxhY2VzLlNlYXJjaFRleHQQAhgEIAA,Caribbean restaurants in Richmond BC,1.0,$,1
ChIJGTUzSD5xhlQRr40HggcQgPs,Eternal Abundance Organic Market & Eatery,"1025 Commercial Dr, Vancouver, BC V5L 3X1",49.2753793,-123.0698052,4.4,579.0,vegan_restaurant,"vegan_restaurant, vegetarian_restaurant, grocery_store, food_store, store, restaurant, food, point_of_interest, establishment",http://eternalabundance.ca/,https://maps.google.com/?cid=18122502524971224495&g_mp=Cidnb29nbGUubWFwcy5wbGFjZXMudjEuUGxhY2VzLlNlYXJjaFRleHQQAhgEIAA,Vegan restaurants in Mount Pleasant BC,2.0,$$,2
ChIJ0TJQX9JxhlQRqGWfYFLpXOE,Robba da Matti (Gastown),"12 Powell St, Vancouver, BC V6A 1G1",49.2831806,-123.1039804,4.4,567.0,italian_restaurant,"italian_restaurant, restaurant, food, point_of_interest, establishment",https://www.robbadamatti.ca/,https://maps.google.com/?cid=16239110896408815016&g_mp=Cidnb29nbGUubWFwcy5wbGFjZXMudjEuUGxhY2VzLlNlYXJjaFRleHQQAhgEIAA,Italian restaurants in Gastown BC,2.0,$$,2
ChIJO7MJnHlzhlQRciH1ljrbovA,India Chaat House and Restaurant,"1148 Davie St, Vancouver, BC V6E 1N1",49.2808497,-123.1323893,4.4,565.0,indian_restaurant,"indian_restaurant, restaurant, food, point_of_interest, establishment",https://indiachaathousedaviest.zomi.menu/,https://maps.google.com/?cid=17339662560017064306&g_mp=Cidnb29nbGUubWFwcy5wbGFjZXMudjEuUGxhY2VzLlNlYXJjaFRleHQQAhgEIAA,Indian restaurants in Downtown Vancouver BC,2.0,$$,2
ChIJ_8h89ykLhlQRXjRL9Ur-6HU,修 SYU Japanese Cuisine & Sushi Bar,"6628 River Rd #175, Richmond, BC V6X 1X5",49.1752391,-123.14725159999998,4.4,551.0,sushi_restaurant,"sushi_restaurant, japanese_restaurant, restaurant, food, point_of_interest, establishment",http://syuvancouver.com/,https://maps.google.com/?cid=8496320294930822238&g_mp=Cidnb29nbGUubWFwcy5wbGFjZXMudjEuUGxhY2VzLlNlYXJjaFRleHQQAhgEIAA,Japanese restaurants in Richmond BC,2.0,$$,2
ChIJBVIHKCpxhlQRo_MKY5i-dpw,The Peri Peri Shack,"724 Kingsway, Vancouver, BC V5V 3C1",49.2562979,-123.0893044,4.4,537.0,restaurant,"restaurant, food, point_of_interest, establishment",http://www.theperiperishack.com/,https://maps.google.com/?cid=11274408278874583971&g_mp=Cidnb29nbGUubWFwcy5wbGFjZXMudjEuUGxhY2VzLlNlYXJjaFRleHQQAhgEIAA,Peruvian restaurants in West End BC,2.0,$$,2
ChIJ7avCNP5yhlQRTs0kSKzT7G8,Mr. Falafel,"3685 W 10th Ave, Vancouver, BC V6R 2G2",49.2638264,-123.1854473,4.4,534.0,shawarma_restaurant,"shawarma_restaurant, middle_eastern_restaurant, falafel_restaurant, turkish_restaurant, mediterranean_restaurant, restaurant, food, point_of_interest, establishment",http://www.mrfalafel.ca/,https://maps.google.com/?cid=8065053769611922766&g_mp=Cidnb29nbGUubWFwcy5wbGFjZXMudjEuUGxhY2VzLlNlYXJjaFRleHQQAhgEIAA,Mediterranean restaurants in Kitsilano BC,1.0,$,1
ChIJVT7TCzNzhlQRDkJurE2XeRg,Big Bang Sushi,"1103 Denman St, Vancouver, BC V6G 2M7",49.2883176,-123.1405153,4.4,492.0,sushi_restaurant,"sushi_restaurant, meal_takeaway, japanese_restaurant, restaurant, food, point_of_interest, establishment",http://bigbangsushidenmanst.zomi.menu/,https://maps.google.com/?cid=1763607088953442830&g_mp=Cidnb29nbGUubWFwcy5wbGFjZXMudjEuUGxhY2VzLlNlYXJjaFRleHQQAhgEIAA,Japanese restaurants in West End BC,2.0,$$,2
ChIJrV0rJIpxhlQRB1BAjSkxGKU,Sabrosito Restaurant (formerly Don Oso's),"4421 Hastings St, Burnaby, BC V5C 2K1",49.2811664,-123.00521669999998,4.4,469.0,restaurant,"restaurant, food, point_of_interest, establishment",https://sabrosito.zomi.menu/,https://maps.google.com/?cid=11896312470232387591&g_mp=Cidnb29nbGUubWFwcy5wbGFjZXMudjEuUGxhY2VzLlNlYXJjaFRleHQQAhgEIAA,Mexican restaurants in Burnaby BC,2.0,$$,2
ChIJxYWGBBVxhlQRfbSOm1jCGpg,The Farmhouse,"352 E 10th Ave, Vancouver, BC V5T 1Z7",49.261847,-123.0971036,4.4,464.0,restaurant,"restaurant, food, point_of_interest, establishment",https://farmhouseon10th.com/,https://maps.google.com/?cid=10960286328982254717&g_mp=Cidnb29nbGUubWFwcy5wbGFjZXMudjEuUGxhY2VzLlNlYXJjaFRleHQQAhgEIAA,Peruvian restaurants in Yaletown BC,2.0,$$,2
ChIJIRyhNQpwhlQR3ArrSQguZrU,Yama Sushi,"1232 Ross Rd, North Vancouver, BC V7J 2A2",49.3365881,-123.04005999999998,4.4,448.0,sushi_restaurant,"sushi_restaurant, asian_restaurant, seafood_restaurant, japanese_restaurant, restaurant, food, point_of_interest, establishment",http://www.yamasushi.ca/,https://maps.google.com/?cid=13071185581624199900&g_mp=Cidnb29nbGUubWFwcy5wbGFjZXMudjEuUGxhY2VzLlNlYXJjaFRleHQQAhgEIAA,Japanese restaurants in North Vancouver BC,1.0,$,1
ChIJ3fqBov5zhlQRf84bG9UZHqw,Viet Flavour Restaurant,"1822 W Broadway, Vancouver, BC V6J 1Y9",49.2635596,-123.1464248,4.4,434.0,vietnamese_restaurant,"vietnamese_restaurant, restaurant, food, point_of_interest, establishment",https://vietflavourvancouver.ca/,https://maps.google.com/?cid=12402378826898460287&g_mp=Cidnb29nbGUubWFwcy5wbGFjZXMudjEuUGxhY2VzLlNlYXJjaFRleHQQAhgEIAA,Vietnamese restaurants in Kitsilano BC,1.0,$,1
ChIJc7ckzQdzhlQRlKBv_B1v4R8,Hoshi Japanese Cuisine,"1006 Beach Ave Unit 3, 1010, Vancouver, BC V6E 1T7",49.2756397,-123.1352936,4.4,421.0,japanese_restaurant,"japanese_restaurant, restaurant, food, point_of_interest, establishment",https://hoshijapanesecuisine.com/,https://maps.google.com/?cid=2297239459515572372&g_mp=Cidnb29nbGUubWFwcy5wbGFjZXMudjEuUGxhY2VzLlNlYXJjaFRleHQQAhgEIAA,Japanese restaurants in Downtown Vancouver BC,2.0,$$,2
ChIJzX2SBBpuhlQRKJcbxiwTxe8,Thai Pudpong Restaurant,"1474 Marine Dr, West Vancouver, BC V7T 1B7",49.3279277,-123.1560907,4.4,414.0,thai_restaurant,"thai_restaurant, asian_restaurant, restaurant, food, point_of_interest, establishment",https://thaipudpong.com/,https://maps.google.com/?cid=17277236628499961640&g_mp=Cidnb29nbGUubWFwcy5wbGFjZXMudjEuUGxhY2VzLlNlYXJjaFRleHQQAhgEIAA,Thai restaurants in West End BC,2.0,$$,2
ChIJ1_gb-vVxhlQRe3g15Biv4Dc,Folietta,"1480 Nanaimo St, Vancouver, BC V5L 2Z8",49.271673,-123.0563124,4.4,409.0,restaurant,"restaurant, food, point_of_interest, establishment",https://www.folietta.com/,https://maps.google.com/?cid=4026410588312008827&g_mp=Cidnb29nbGUubWFwcy5wbGFjZXMudjEuUGxhY2VzLlNlYXJjaFRleHQQAhgEIAA,Italian restaurants in Commercial Drive BC,2.0,$$,2
ChIJW4bwWgBxhlQRIX1ffYPftXM,Ramen DANBO Lonsdale,"1445 Lonsdale Ave, North Vancouver, BC V7M 2H9",49.321737600000006,-123.0725856,4.4,398.0,ramen_restaurant,"ramen_restaurant, asian_restaurant, japanese_restaurant, restaurant, food, point_of_interest, establishment",https://ramendanbo.com/,https://maps.google.com/?cid=8337816040983461153&g_mp=Cidnb29nbGUubWFwcy5wbGFjZXMudjEuUGxhY2VzLlNlYXJjaFRleHQQAhgEIAA,Japanese restaurants in North Vancouver BC,1.0,$,1
ChIJubNZNNZzhlQRPvnwFcpua1w,Chickpea Downtown,"851 W Georgia St, Vancouver, BC V6C 3N8",49.2833455,-123.1196695,4.4,392.0,vegan_restaurant,"vegan_restaurant, vegetarian_restaurant, meal_delivery, food_delivery, mediterranean_restaurant, meal_takeaway, restaurant, food, point_of_interest, establishment",http://www.ilovechickpea.ca/,https://maps.google.com/?cid=6659538288227973438&g_mp=Cidnb29nbGUubWFwcy5wbGFjZXMudjEuUGxhY2VzLlNlYXJjaFRleHQQAhgEIAA,Vegetarian restaurants in Downtown Vancouver BC,2.0,$$,2
ChIJ7VuHNSNxhlQRCAeJ7S55CEI,Sushi Kumo,"180 E 2nd St, North Vancouver, BC V7L 1C3",49.3116669,-123.0747552,4.4,391.0,japanese_restaurant,"japanese_restaurant, restaurant, food, point_of_interest, establishment",http://sushikumo.ca/,https://maps.google.com/?cid=4758186248777565960&g_mp=Cidnb29nbGUubWFwcy5wbGFjZXMudjEuUGxhY2VzLlNlYXJjaFRleHQQAhgEIAA,Japanese restaurants in North Vancouver BC,2.0,$$,2
ChIJAQBEynBxhlQRrZS27Sle40A,TAKENAKA Uni Bar,"52 Powell St, Vancouver, BC V6A 1E7",49.2831827,-123.1030266,4.4,384.0,japanese_restaurant,"japanese_restaurant, restaurant, food, point_of_interest, establishment",https://takenakavancouver.com/,https://maps.google.com/?cid=4675684372315542701&g_mp=Cidnb29nbGUubWFwcy5wbGFjZXMudjEuUGxhY2VzLlNlYXJjaFRleHQQAhgEIAA,Japanese restaurants in Downtown Vancouver BC,2.0,$$,2
ChIJ1Z56id50hlQRCx04GIMOF7A,WhataFood Brazilian Street Food,"800 Carnarvon St #255, New Westminster, BC V3M 0G3",49.20081,-122.9140329,4.4,373.0,brazilian_restaurant,"brazilian_restaurant, restaurant, food, point_of_interest, establishment",http://whatafood.ca/,https://maps.google.com/?cid=12688626431349497099&g_mp=Cidnb29nbGUubWFwcy5wbGFjZXMudjEuUGxhY2VzLlNlYXJjaFRleHQQAhgEIAA,Brazilian restaurants in Yaletown BC,2.0,$$,2
ChIJeeWwQABzhlQRG_uOPpRK6io,JINMI,"782 Cambie St., Vancouver, BC V6B 2R0",49.2784786,-123.1143514,4.4,368.0,korean_restaurant,"korean_restaurant, restaurant, food, point_of_interest, establishment",http://www.jinmi.ca/,https://maps.google.com/?cid=3092366094708439835&g_mp=Cidnb29nbGUubWFwcy5wbGFjZXMudjEuUGxhY2VzLlNlYXJjaFRleHQQAhgEIAA,Korean restaurants in Downtown Vancouver BC,2.0,$$,2
ChIJQ4oz1EdwhlQRcRQ0fxNiXRU,Bravo Cucina Ristorante,"1209 Lonsdale Ave, North Vancouver, BC V7M 2H5",49.3190991,-123.0726434,4.4,368.0,italian_restaurant,"italian_restaurant, restaurant, food, point_of_interest, establishment",https://www.bravocucina.ca/,https://maps.google.com/?cid=1539494483508597873&g_mp=Cidnb29nbGUubWFwcy5wbGFjZXMudjEuUGxhY2VzLlNlYXJjaFRleHQQAhgEIAA,Italian restaurants in North Vancouver BC,2.0,$$,2
ChIJmXWK2CVwhlQRlCRLEcEC2-I,Hamaei Japanese Restaurant,"2601 Westview Dr, North Vancouver, BC V7N 3X3",49.333171,-123.0884955,4.4,367.0,japanese_restaurant,"japanese_restaurant, meal_takeaway, restaurant, food, point_of_interest, establishment",https://hamaei.netlify.app/,https://maps.google.com/?cid=16346662300713428116&g_mp=Cidnb29nbGUubWFwcy5wbGFjZXMudjEuUGxhY2VzLlNlYXJjaFRleHQQAhgEIAA,Japanese restaurants in North Vancouver BC,2.0,$$,2
ChIJJXu7_0VzhlQRXLlUI1kl70E,Pho & Roll by Wooden Fish,"2323 Cambie St., Vancouver, BC V5Z 2T9",49.2646229,-123.1150826,4.4,345.0,restaurant,"restaurant, food, point_of_interest, establishment",http://phoandrollbywoodenfish.ca/,https://maps.google.com/?cid=4751057196674234716&g_mp=Cidnb29nbGUubWFwcy5wbGFjZXMudjEuUGxhY2VzLlNlYXJjaFRleHQQAhgEIAA,Vietnamese restaurants in West End BC,2.0,$$,2
ChIJkWoBNAB1hlQRQ9UVlvnttD4,Saku Richmond,"4771 McClelland Rd #1415, Richmond, BC V6X 0M5",49.1778978,-123.1228898,4.4,345.0,tonkatsu_restaurant,"tonkatsu_restaurant, japanese_restaurant, restaurant, food, point_of_interest, establishment",https://www.sakuvancouver.com/,https://maps.google.com/?cid=4518497982380102979&g_mp=Cidnb29nbGUubWFwcy5wbGFjZXMudjEuUGxhY2VzLlNlYXJjaFRleHQQAhgEIAA,Japanese restaurants in Richmond BC,2.0,$$,2
ChIJ-zlRcbZzhlQRG3HPhgcsqU4,Döner Kebab,"1956 W 4th Ave, Vancouver, BC V6J 1M5",49.2679643,-123.149269,4.4,340.0,middle_eastern_restaurant,"middle_eastern_restaurant, restaurant, food, point_of_interest, establishment",https://donerkebab.zomi.menu/,https://maps.google.com/?cid=5668110016860614939&g_mp=Cidnb29nbGUubWFwcy5wbGFjZXMudjEuUGxhY2VzLlNlYXJjaFRleHQQAhgEIAA,Turkish restaurants in Kitsilano BC,1.0,$,1
ChIJPVcUA1h1hlQRbzjO9vErtoc,OZ Korean Cuisine Richmond,"4351 Number 3 Rd #170, Richmond, BC V6X 3A7",49.1823414,-123.1370938,4.4,327.0,restaurant,"restaurant, food, point_of_interest, establishment",https://order.toasttab.com/online/ozkorean-richmond,https://maps.google.com/?cid=9779051959109433455&g_mp=Cidnb29nbGUubWFwcy5wbGFjZXMudjEuUGxhY2VzLlNlYXJjaFRleHQQAhgEIAA,Korean restaurants in Richmond BC,2.0,$$,2
ChIJs2dyi3tzhlQRvS1hplG5MPo,Just Another,"3040 W Broadway, Vancouver, BC V6K 2H1",49.2640329,-123.1729314,4.4,326.0,cafe,"cafe, wine_bar, coffee_shop, bar, food_store, store, restaurant, food, point_of_interest, establishment",https://www.justanother.ca/,https://maps.google.com/?cid=18028113068698971581&g_mp=Cidnb29nbGUubWFwcy5wbGFjZXMudjEuUGxhY2VzLlNlYXJjaFRleHQQAhgEIAA,Vegetarian restaurants in Kitsilano BC,2.0,$$,2
ChIJ3Tl35ip3hlQRWzFtlzrlz-E,Gujarati Jalso,"7481 Edmonds St, Burnaby, BC V3N 1B3",49.221563,-122.946072,4.4,325.0,north_indian_restaurant,"north_indian_restaurant, vegetarian_restaurant, indian_restaurant, restaurant, food, point_of_interest, establishment",https://gujaratijalso.ca/,https://maps.google.com/?cid=16271476018524270939&g_mp=Cidnb29nbGUubWFwcy5wbGFjZXMudjEuUGxhY2VzLlNlYXJjaFRleHQQAhgEIAA,Indian restaurants in Burnaby BC,2.0,$$,2
ChIJN2ka1HdxhlQR9olRffRLLuo,BUKCHON,"1564 Lonsdale Ave, North Vancouver, BC V7M 2J3",49.323081,-123.0720793,4.4,324.0,korean_restaurant,"korean_restaurant, restaurant, food, point_of_interest, establishment",https://www.bukchon.ca/,https://maps.google.com/?cid=16874508367250426358&g_mp=Cidnb29nbGUubWFwcy5wbGFjZXMudjEuUGxhY2VzLlNlYXJjaFRleHQQAhgEIAA,Korean restaurants in North Vancouver BC,2.0,$$,2
ChIJ-SiiP1ZxhlQRno8qQ4cdmLk,Kilimanjaro Snack House & Catering,"789 Kingsway, Vancouver, BC V5V 3C2",49.2557981,-123.0875093,4.4,323.0,restaurant,"pakistani_restaurant, indian_restaurant, restaurant, food, point_of_interest, establishment",http://www.kilisnackhouse.com/,https://maps.google.com/?cid=13373471560261341086&g_mp=Cidnb29nbGUubWFwcy5wbGFjZXMudjEuUGxhY2VzLlNlYXJjaFRleHQQAhgEIAA,Caribbean restaurants in Mount Pleasant BC,1.0,$,1
ChIJT5bUzDpvhlQRKmPxIshqs8g,Cliff House Restaurant & Bar,"3755 Capilano Rd, North Vancouver, BC V7R 4H9",49.3430567,-123.1138774,4.4,322.0,restaurant,"restaurant, food, point_of_interest, establishment",https://www.capbridge.com/the-cliff-house-restaurant/,https://maps.google.com/?cid=14462020236229042986&g_mp=Cidnb29nbGUubWFwcy5wbGFjZXMudjEuUGxhY2VzLlNlYXJjaFRleHQQAhgEIAA,Seafood restaurants in North Vancouver BC,2.0,$$,2
ChIJVelxj65xhlQRERJa9fzdqYI,Best Falafel North Vancouver,"1829 Lonsdale Ave, North Vancouver, BC V7M 2J8",49.3256919,-123.0724798,4.4,315.0,restaurant,"restaurant, food, point_of_interest, establishment",http://bestfalafel.ca/,https://maps.google.com/?cid=9415300574512550417&g_mp=Cidnb29nbGUubWFwcy5wbGFjZXMudjEuUGxhY2VzLlNlYXJjaFRleHQQAhgEIAA,Mediterranean restaurants in North Vancouver BC,2.0,$$,2
ChIJjYOe09l1hlQREFL3Gxwm1P4,Ganbei Izakaya,"4800 Number 3 Rd #133, Richmond, BC V6X 3A6",49.1790672,-123.135402,4.4,309.0,japanese_restaurant,"japanese_restaurant, japanese_izakaya_restaurant, sushi_restaurant, restaurant, food, point_of_interest, establishment",http://www.ganbei.ca/,https://maps.google.com/?cid=18362343482866487824&g_mp=Cidnb29nbGUubWFwcy5wbGFjZXMudjEuUGxhY2VzLlNlYXJjaFRleHQQAhgEIAA,Japanese restaurants in Richmond BC,2.0,$$,2
ChIJ39J0AAB1hlQRLyz2PWaTunY,Chez Céline,"4298 Fraser St, Vancouver, BC V5V 4G2",49.2467425,-123.0899978,4.4,306.0,french_restaurant,"french_restaurant, restaurant, food, point_of_interest, establishment",https://www.chezcelinerestaurant.com/,https://maps.google.com/?cid=8555312509479169071&g_mp=Cidnb29nbGUubWFwcy5wbGFjZXMudjEuUGxhY2VzLlNlYXJjaFRleHQQAhgEIAA,French restaurants in Downtown Vancouver BC,2.0,$$,2
ChIJ80a3tt5xhlQRqcNz0jYhZeg,Tekkaba Omakase Restaurant,"68 E Cordova St, Vancouver, BC V6A 4G8",49.2822521,-123.1027117,4.4,300.0,japanese_restaurant,"japanese_restaurant, restaurant, food, point_of_interest, establishment",https://www.tekkaba.ca/,https://maps.google.com/?cid=16745827308789810089&g_mp=Cidnb29nbGUubWFwcy5wbGFjZXMudjEuUGxhY2VzLlNlYXJjaFRleHQQAhgEIAA,Japanese restaurants in Downtown Vancouver BC,2.0,$$,2
ChIJ2dJtFdhxhlQRmhVCOdPtGrQ,Guu Toramasa,"757 Seymour St, Vancouver, BC V6B 0R9",49.281079,-123.1186003,4.4,292.0,japanese_restaurant,"japanese_restaurant, restaurant, food, point_of_interest, establishment",https://guu-izakaya.com/Toramasa_QR,https://maps.google.com/?cid=12977946767676020122&g_mp=Cidnb29nbGUubWFwcy5wbGFjZXMudjEuUGxhY2VzLlNlYXJjaFRleHQQAhgEIAA,Japanese restaurants in Downtown Vancouver BC,2.0,$$,2
ChIJl9K7Sgh1hlQRUunenvFUoSY,The Seoulful,"4940 Number 3 Rd Unit 125, Richmond, BC V6X 2C7",49.1776423,-123.1349493,4.4,280.0,korean_restaurant,"korean_restaurant, asian_restaurant, meal_takeaway, restaurant, food, point_of_interest, establishment",https://theseoulful.com/?utm_source=google&utm_medium=maps&utm_campaign=website,https://maps.google.com/?cid=2783599441420937554&g_mp=Cidnb29nbGUubWFwcy5wbGFjZXMudjEuUGxhY2VzLlNlYXJjaFRleHQQAhgEIAA,Korean restaurants in Richmond BC,2.0,$$,2
ChIJkVUZnIBzhlQRet-74tBcnrs,Lanzhou Beef Noodles,"3217 W Broadway, Vancouver, BC V6K 2H5",49.2643642,-123.1765756,4.4,273.0,chinese_restaurant,"chinese_noodle_restaurant, chinese_restaurant, restaurant, food, point_of_interest, establishment",,https://maps.google.com/?cid=13519345183639723898&g_mp=Cidnb29nbGUubWFwcy5wbGFjZXMudjEuUGxhY2VzLlNlYXJjaFRleHQQAhgEIAA,Chinese restaurants in Kitsilano BC,2.0,$$,2
ChIJBcGNq6FxhlQR1wpcHb63bwA,Le Petit Chef - Vancouver,"7551 Westminster Hwy, Richmond, BC V6X 1A3",49.1710583,-123.14179,4.4,268.0,restaurant,"restaurant, performing_arts_theater, event_venue, food, point_of_interest, establishment",http://www.lepetitchef.com/vancouver,https://maps.google.com/?cid=31445749579123415&g_mp=Cidnb29nbGUubWFwcy5wbGFjZXMudjEuUGxhY2VzLlNlYXJjaFRleHQQAhgEIAA,French restaurants in Richmond BC,2.0,$$,2
ChIJq6-RLbtxhlQRv--3YkADg_Q,The Golden Horn Turkish Bakery & Cafe,"1055 Canada Pl #40, Vancouver, BC V6C 0C3",49.2894925,-123.1147759,4.4,257.0,bakery,"bakery, food_store, store, food, point_of_interest, establishment",https://www.thegoldenhorn.ca/,https://maps.google.com/?cid=17618929742272524223&g_mp=Cidnb29nbGUubWFwcy5wbGFjZXMudjEuUGxhY2VzLlNlYXJjaFRleHQQAhgEIAA,Turkish restaurants in Downtown Vancouver BC,2.0,$$,2
ChIJbUc-l69xhlQRuE5CaCZFuZE,Chosun Korean BBQ Downtown,"793 Jervis St, Vancouver, BC V6E 2B1",49.2873448,-123.1283739,4.4,238.0,korean_barbecue_restaurant,"korean_barbecue_restaurant, korean_restaurant, restaurant, food, point_of_interest, establishment",http://www.chosunbbq.ca/,https://maps.google.com/?cid=10500500037451271864&g_mp=Cidnb29nbGUubWFwcy5wbGFjZXMudjEuUGxhY2VzLlNlYXJjaFRleHQQAhgEIAA,Korean restaurants in Downtown Vancouver BC,2.0,$$,2
ChIJoWE3RotxhlQRFJiZEyAPIqQ,Chupito,"2450 Yukon St, Vancouver, BC V5Y 1A7",49.2635573,-123.1127305,4.4,236.0,bar,"bar, point_of_interest, establishment",https://www.chupito.ca/,https://maps.google.com/?cid=11827032201870546964&g_mp=Cidnb29nbGUubWFwcy5wbGFjZXMudjEuUGxhY2VzLlNlYXJjaFRleHQQAhgEIAA,Peruvian restaurants in Mount Pleasant BC,2.0,$$,2
ChIJI2mnkUdwhlQRFp_4DirBrfQ,Roma Italian Ristorante,"1352 Lonsdale Ave, North Vancouver, BC V7M 2H8",49.3208031,-123.0721605,4.4,233.0,italian_restaurant,"italian_restaurant, fine_dining_restaurant, pizza_restaurant, food_store, store, restaurant, food, point_of_interest, establishment",http://www.romarestaurant.ca/,https://maps.google.com/?cid=17630960502609321750&g_mp=Cidnb29nbGUubWFwcy5wbGFjZXMudjEuUGxhY2VzLlNlYXJjaFRleHQQAhgEIAA,Italian restaurants in North Vancouver BC,2.0,$$,2
ChIJD1JfYIBzj1QRCtSOsy6oxWo,Caribbean Village Cafe,"2646 Quadra St, Victoria, BC V8T 4E4",48.4388712,-123.35936639999998,4.4,230.0,restaurant,"restaurant, cafe, food, point_of_interest, establishment",http://caribbeanvillagecafe.ca/,https://maps.google.com/?cid=7693740456966804490&g_mp=Cidnb29nbGUubWFwcy5wbGFjZXMudjEuUGxhY2VzLlNlYXJjaFRleHQQAhgEIAA,Caribbean restaurants in Richmond BC,1.0,$,1
ChIJf3snk0QLhlQR_F4pWs8kKOk,Yokai Tapas,"8133 Cook Rd #140, Richmond, BC V6Y 0L6",49.1666766,-123.1347036,4.4,221.0,japanese_izakaya_restaurant,"japanese_izakaya_restaurant, fusion_restaurant, bar, japanese_restaurant, restaurant, food, point_of_interest, establishment",https://yokaitapas.com/,https://maps.google.com/?cid=16800718882895126268&g_mp=Cidnb29nbGUubWFwcy5wbGFjZXMudjEuUGxhY2VzLlNlYXJjaFRleHQQAhgEIAA,Spanish restaurants in Richmond BC,2.0,$$,2
ChIJL-pT9O1zhlQRfxcTZ0kzYVM,Bento Cafe,"1822 W 1st Ave, Vancouver, BC V6J 1G5",49.2705673,-123.1460783,4.4,213.0,japanese_restaurant,"japanese_restaurant, restaurant, food, point_of_interest, establishment",https://www.instagram.com/bentocafeyvr/,https://maps.google.com/?cid=6008139768243885951&g_mp=Cidnb29nbGUubWFwcy5wbGFjZXMudjEuUGxhY2VzLlNlYXJjaFRleHQQAhgEIAA,Japanese restaurants in Kitsilano BC,2.0,$$,2
ChIJP9483953hlQR2yqVF75uoQk,Watashi Sushi & Kitchen,"7341 Edmonds St, Burnaby, BC V3N 1A7",49.2191606,-122.9505995,4.4,209.0,japanese_restaurant,"japanese_restaurant, restaurant, food, point_of_interest, establishment",https://watashisushi.ca/,https://maps.google.com/?cid=693957580310260443&g_mp=Cidnb29nbGUubWFwcy5wbGFjZXMudjEuUGxhY2VzLlNlYXJjaFRleHQQAhgEIAA,Japanese restaurants in Burnaby BC,2.0,$$,2
ChIJw2O0SgpzhlQRxOzdNhJEaBs,Field & Social,"18 E 5th Ave, Vancouver, BC V5T 1G8",49.2663305,-123.1041282,4.4,202.0,restaurant,"restaurant, food, point_of_interest, establishment",http://www.fieldandsocial.com/,https://maps.google.com/?cid=1974903281622576324&g_mp=Cidnb29nbGUubWFwcy5wbGFjZXMudjEuUGxhY2VzLlNlYXJjaFRleHQQAhgEIAA,Vegetarian restaurants in Mount Pleasant BC,2.0,$$,2
ChIJg-wL1c5whlQRJba1KjQyLVg,Cioffi’s Cucina,"4150 Hastings St, Burnaby, BC V5C 2J4",49.2809078,-123.01277849999998,4.4,196.0,italian_restaurant,"italian_restaurant, restaurant, food, point_of_interest, establishment",http://cioffisgroup.com/cioffis-cucina/,https://maps.google.com/?cid=6353789848925877797&g_mp=Cidnb29nbGUubWFwcy5wbGFjZXMudjEuUGxhY2VzLlNlYXJjaFRleHQQAhgEIAA,Italian restaurants in Burnaby BC,2.0,$$,2
ChIJjSWTa8hvhlQRrC97Gwtf63g,Kokomo,"3270 Edgemont Blvd, North Vancouver, BC V7R 0A5",49.3390768,-123.1037964,4.4,180.0,restaurant,"restaurant, food, point_of_interest, establishment",https://www.heykokomo.ca/,https://maps.google.com/?cid=8713162405388693420&g_mp=Cidnb29nbGUubWFwcy5wbGFjZXMudjEuUGxhY2VzLlNlYXJjaFRleHQQAhgEIAA,Vegetarian restaurants in North Vancouver BC,2.0,$$,2
ChIJt6Z3OAB1hlQRkaYCAeMwjdE,POPLAR Korean,"6501 Victoria Dr, Vancouver, BC V5P 1T3",49.2250736,-123.0660069,4.4,167.0,korean_restaurant,"korean_restaurant, restaurant, food, point_of_interest, establishment",http://poplarkorean.ca/,https://maps.google.com/?cid=15099778877175801489&g_mp=Cidnb29nbGUubWFwcy5wbGFjZXMudjEuUGxhY2VzLlNlYXJjaFRleHQQAhgEIAA,Korean restaurants in Commercial Drive BC,2.0,$$,2
ChIJK2WgPKJzhlQROfBB_xmrrRE,Sainam - Thai Isaan Eatery and Bar,"1235 Davie St, Vancouver, BC V6E 1N4",49.282163,-123.13373500000002,4.4,143.0,restaurant,"restaurant, food, point_of_interest, establishment",http://sainam.ca/,https://maps.google.com/?cid=1273862397760761913&g_mp=Cidnb29nbGUubWFwcy5wbGFjZXMudjEuUGxhY2VzLlNlYXJjaFRleHQQAhgEIAA,Thai restaurants in Downtown Vancouver BC,2.0,$$,2
ChIJi-Drn81xhlQRfc_WzhEgCgY,Pax Romana,"1670 Commercial Dr, Vancouver, BC V5L 3Y4",49.2699513,-123.0694809,4.4,142.0,bar,"wine_bar, cocktail_bar, bar, restaurant, food, point_of_interest, establishment",https://paxromana.ca/,https://maps.google.com/?cid=435195574851391357&g_mp=Cidnb29nbGUubWFwcy5wbGFjZXMudjEuUGxhY2VzLlNlYXJjaFRleHQQAhgEIAA,Spanish restaurants in Downtown Vancouver BC,2.0,$$,2
ChIJGUp9FntxhlQRsZ2rTOrY8cY,Batch Kitsilano,"2305 Cornwall Ave, Vancouver, BC V6K 1B6",49.2730006,-123.1574129,4.4,136.0,bar,"bar, brewery, live_music_venue, manufacturer, event_venue, restaurant, food, point_of_interest, service, establishment",http://batchvancouver.com/,https://maps.google.com/?cid=14335477589717261745&g_mp=Cidnb29nbGUubWFwcy5wbGFjZXMudjEuUGxhY2VzLlNlYXJjaFRleHQQAhgEIAA,Caribbean restaurants in Kitsilano BC,2.0,$$,2
ChIJrZTLWgp3hlQRmIApS9gWe_A,Aangan Indian Cuisine,"7487 Edmonds St, Burnaby, BC V3N 1B3",49.2218425,-122.9458916,4.4,124.0,restaurant,"restaurant, food, point_of_interest, establishment",https://aanganindiancuisine.ca/,https://maps.google.com/?cid=17328469109467873432&g_mp=Cidnb29nbGUubWFwcy5wbGFjZXMudjEuUGxhY2VzLlNlYXJjaFRleHQQAhgEIAA,Indian restaurants in Burnaby BC,2.0,$$,2
ChIJkyOEfwB3hlQRUii61X91hEs,Il Cappello Enoteca,"6011 Hastings St, Burnaby, BC V5B 4Z4",49.2805499,-122.97660099999996,4.4,123.0,italian_restaurant,"italian_restaurant, restaurant, food, point_of_interest, establishment",http://ilcappello.ca/,https://maps.google.com/?cid=5441603441677445202&g_mp=Cidnb29nbGUubWFwcy5wbGFjZXMudjEuUGxhY2VzLlNlYXJjaFRleHQQAhgEIAA,Italian restaurants in Burnaby BC,2.0,$$,2
ChIJj-CTjFhzhlQR9Blwd9FpMyU,HEAL Wellness,"2169 W 4th Ave, Vancouver, BC V6K 1N7",49.2682884,-123.1542413,4.4,107.0,acai_shop,"acai_shop, brazilian_restaurant, restaurant, food, point_of_interest, establishment",https://www.healwellness.ca/,https://maps.google.com/?cid=2680602551588493812&g_mp=Cidnb29nbGUubWFwcy5wbGFjZXMudjEuUGxhY2VzLlNlYXJjaFRleHQQAhgEIAA,Brazilian restaurants in Kitsilano BC,2.0,$$,2
ChIJMT-DoxBxhlQRBg0F_c9gG68,Skewers Souvlaki Pita Bar,"1851 Commercial Dr, Vancouver, BC V5N 4A6",49.2681985,-123.069854,4.4,107.0,restaurant,"restaurant, food, point_of_interest, establishment",https://skewerscommercial.ca/,https://maps.google.com/?cid=12617785227428039942&g_mp=Cidnb29nbGUubWFwcy5wbGFjZXMudjEuUGxhY2VzLlNlYXJjaFRleHQQAhgEIAA,Mediterranean restaurants in Commercial Drive BC,2.0,$$,2
ChIJu4v9j39xhlQRhhc3m6qj6E0,Sauzzy Thai,"800 Robson St, Vancouver, BC V6Z 2E7",49.2825052,-123.1212385,4.4,76.0,thai_restaurant,"thai_restaurant, restaurant, food, point_of_interest, establishment",https://sauzzythai.webflow.io/,https://maps.google.com/?cid=5613916888661170054&g_mp=Cidnb29nbGUubWFwcy5wbGFjZXMudjEuUGxhY2VzLlNlYXJjaFRleHQQAhgEIAA,Thai restaurants in Downtown Vancouver BC,2.0,$$,2
ChIJvzx5LQB1hlQRCnooeFuyrgU,Cai’s Chinese Cuisine Richmond/ 老蔡食府 列治文/ Lao Cai Richmond,"13986 Cambie Rd. Unit 213, Richmond, BC V6V 2K3",49.1844075,-123.0704781,4.4,75.0,chinese_restaurant,"chinese_restaurant, restaurant, food, point_of_interest, establishment",http://laocai.ca/,https://maps.google.com/?cid=409460722064980490&g_mp=Cidnb29nbGUubWFwcy5wbGFjZXMudjEuUGxhY2VzLlNlYXJjaFRleHQQAhgEIAA,Chinese restaurants in Richmond BC,2.0,$$,2
ChIJf22HAABxhlQR41_TpadVGac,Song Huong Eatery,"4660 Hastings St, Burnaby, BC V5C 2K8",49.2807951,-122.9982859,4.4,73.0,vietnamese_restaurant,"vietnamese_restaurant, restaurant, food, point_of_interest, establishment",,https://maps.google.com/?cid=12040749257281724387&g_mp=Cidnb29nbGUubWFwcy5wbGFjZXMudjEuUGxhY2VzLlNlYXJjaFRleHQQAhgEIAA,Vietnamese restaurants in Burnaby BC,1.0,$,1
ChIJA6Be2KpzhlQRY-MxCdfNIIE,Silk N Spice,"3035 W Broadway, Vancouver, BC V6K 2G9",49.2643887,-123.1726934,4.4,71.0,restaurant,"restaurant, food, point_of_interest, establishment",https://www.eastiseast.ca/reservations,https://maps.google.com/?cid=9304663153603371875&g_mp=Cidnb29nbGUubWFwcy5wbGFjZXMudjEuUGxhY2VzLlNlYXJjaFRleHQQAhgEIAA,Indian restaurants in Kitsilano BC,2.0,$$,2
ChIJkVRte-rXhVQRDH8UY5foXog,Royals Jerk Spot Drive Thru,"13551 105A Ave, Surrey, BC V3T 2A9",49.1946296,-122.846671,4.4,54.0,restaurant,"restaurant, food, point_of_interest, establishment",http://royalsjerkspotdrivethru.com/,https://maps.google.com/?cid=9826547173868994316&g_mp=Cidnb29nbGUubWFwcy5wbGFjZXMudjEuUGxhY2VzLlNlYXJjaFRleHQQAhgEIAA,Caribbean restaurants in Richmond BC,2.0,$$,2
ChIJl_2v2yB3hlQRALEA83C4Jes,Villa Bistro,"4331 Dominion St, Burnaby, BC V5G 1C7",49.2566711,-123.0070385,4.4,23.0,restaurant,"restaurant, food, point_of_interest, establishment",https://www.marriott.com/en-us/dining/restaurant-bar/yvrdb-delta-hotels-burnaby-conference-centre/6074971-villa-bistro.mi,https://maps.google.com/?cid=16944151968304115968&g_mp=Cidnb29nbGUubWFwcy5wbGFjZXMudjEuUGxhY2VzLlNlYXJjaFRleHQQAhgEIAA,French restaurants in Burnaby BC,2.0,$$,2
ChIJc0DVFclwhlQR-xSgzh8KKFU,Anton's Pasta Bar,"4260 Hastings St, Burnaby, BC V5C 2J6",49.2808,-123.009841,4.3,6405.0,italian_restaurant,"italian_restaurant, restaurant, food, point_of_interest, establishment",http://www.antonspastabar.com/,https://maps.google.com/?cid=6136165624019162363&g_mp=Cidnb29nbGUubWFwcy5wbGFjZXMudjEuUGxhY2VzLlNlYXJjaFRleHQQAhgEIAA,Italian restaurants in Burnaby BC,2.0,$$,2
ChIJ12v0Jk1whlQRjCYR764u2-4,Tap & Barrel • Shipyards,"8 Lonsdale Ave, North Vancouver, BC V7L 0B2",49.3102024,-123.0800645,4.3,5275.0,restaurant,"restaurant, meal_takeaway, bar, food, point_of_interest, establishment",http://tapandbarrel.com/,https://maps.google.com/?cid=17211401729796548236&g_mp=Cidnb29nbGUubWFwcy5wbGFjZXMudjEuUGxhY2VzLlNlYXJjaFRleHQQAhgEIAA,Seafood restaurants in North Vancouver BC,2.0,$$,2
ChIJKRIHhbXU1IkRI-Kj2UnKpIg,Touro Brazilian Steak House & Wine - Richmond Hill,"125 York Blvd, Richmond Hill, ON L4B 3B4",43.8470669,-79.3763737,4.3,4696.0,steak_house,"steak_house, bar, restaurant, food, point_of_interest, establishment",https://www.tourosteakhouse.com/,https://maps.google.com/?cid=9846217103871566371&g_mp=Cidnb29nbGUubWFwcy5wbGFjZXMudjEuUGxhY2VzLlNlYXJjaFRleHQQAhgEIAA,Brazilian restaurants in Richmond BC,3.0,$$$,3
ChIJZUNPS3TYhVQRp7L3ffdNc1k,Taqueria Playa Tropical,"334 6th St, New Westminster, BC V3L 3A8",49.2097245,-122.916392,4.3,4692.0,mexican_restaurant,"mexican_restaurant, restaurant, food, point_of_interest, establishment",http://www.facebook.com/TaqueriaPlayaTropical,https://maps.google.com/?cid=6445581217062957735&g_mp=Cidnb29nbGUubWFwcy5wbGFjZXMudjEuUGxhY2VzLlNlYXJjaFRleHQQAhgEIAA,Mexican restaurants in Burnaby BC,1.0,$,1
ChIJwTtWOKd2hlQRxxBK7OhOA-E,Western Lake Chinese Seafood Restaurant,"4989 Victoria Dr, Vancouver, BC V5P 1A5",49.2393806,-123.0655909,4.3,3921.0,seafood_restaurant,"seafood_restaurant, dim_sum_restaurant, cantonese_restaurant, asian_restaurant, chinese_restaurant, restaurant, food, point_of_interest, establishment",http://www.westernlake.ca/,https://maps.google.com/?cid=16213889845767573703&g_mp=Cidnb29nbGUubWFwcy5wbGFjZXMudjEuUGxhY2VzLlNlYXJjaFRleHQQAhgEIAA,Chinese restaurants in Mount Pleasant BC,2.0,$$,2
ChIJz-KODz9xhlQRtVWCFPnJBpY,Havana Vancouver,"1212 Commercial Dr, Vancouver, BC V5L 3X4",49.2737344,-123.0693075,4.3,3544.0,latin_american_restaurant,"latin_american_restaurant, event_venue, restaurant, food, point_of_interest, establishment",http://www.havanavancouver.com/,https://maps.google.com/?cid=10810550027177579957&g_mp=Cidnb29nbGUubWFwcy5wbGFjZXMudjEuUGxhY2VzLlNlYXJjaFRleHQQAhgEIAA,Spanish restaurants in Downtown Vancouver BC,2.0,$$,2
ChIJlTlzTz9xhlQRUBS5dn6ARoM,Marcello Ristorante & Pizzeria,"1404 Commercial Dr, Vancouver, BC V5L 3X9",49.2720417,-123.0694139,4.3,3496.0,italian_restaurant,"italian_restaurant, pizza_restaurant, bar, restaurant, food, point_of_interest, establishment",http://marcellopizzeria.com/,https://maps.google.com/?cid=9459389347984381008&g_mp=Cidnb29nbGUubWFwcy5wbGFjZXMudjEuUGxhY2VzLlNlYXJjaFRleHQQAhgEIAA,Italian restaurants in Commercial Drive BC,2.0,$$,2
ChIJBbbbzy11hlQRsNny1iSweow,Gyu-Kaku Japanese BBQ,"7971 Alderbridge Wy #120, Richmond, BC V6X 2A4",49.1775361,-123.1383639,4.3,3360.0,japanese_restaurant,"japanese_restaurant, bar_and_grill, bar, restaurant, food, point_of_interest, establishment",http://www.gyu-kaku.com/richmond,https://maps.google.com/?cid=10122596784740161968&g_mp=Cidnb29nbGUubWFwcy5wbGFjZXMudjEuUGxhY2VzLlNlYXJjaFRleHQQAhgEIAA,Japanese restaurants in Richmond BC,2.0,$$,2
ChIJZTIYBNBzhlQRGKVpjg2ZmPI,Tasty Indian Bistro | Yaletown,"1261 Hamilton St, Vancouver, BC V6B 1E2",49.2742811,-123.1240126,4.3,3311.0,indian_restaurant,"indian_restaurant, restaurant, food, point_of_interest, establishment",http://www.tastybistro.ca/,https://maps.google.com/?cid=17480890237141493016&g_mp=Cidnb29nbGUubWFwcy5wbGFjZXMudjEuUGxhY2VzLlNlYXJjaFRleHQQAhgEIAA,Indian restaurants in Downtown Vancouver BC,3.0,$$$,3
ChIJ9aoKpHlxhlQRAH-J_yYq6Oc,Nuba in Gastown,"207 W Hastings St, Vancouver, BC V6B 1K6",49.2827642,-123.1096344,4.3,3254.0,lebanese_restaurant,"lebanese_restaurant, meal_takeaway, restaurant, food, point_of_interest, establishment",https://www.nuba.ca/,https://maps.google.com/?cid=16710652764342550272&g_mp=Cidnb29nbGUubWFwcy5wbGFjZXMudjEuUGxhY2VzLlNlYXJjaFRleHQQAhgEIAA,Mediterranean restaurants in Downtown Vancouver BC,2.0,$$,2
ChIJr34m8M5zhlQRn3iyiebMMtI,The Vancouver Fish Company,"1517 Anderson St, Vancouver, BC V6H 3R5",49.2706529,-123.1366116,4.3,3116.0,seafood_restaurant,"seafood_restaurant, restaurant, food, point_of_interest, establishment",https://www.vanfish.com/,https://maps.google.com/?cid=15146393787325118623&g_mp=Cidnb29nbGUubWFwcy5wbGFjZXMudjEuUGxhY2VzLlNlYXJjaFRleHQQAhgEIAA,Seafood restaurants in Downtown Vancouver BC,2.0,$$,2
ChIJawAAmS51hlQRMy2KD0DxULA,HK BBQ Master,"4651 Number 3 Rd, Richmond, BC V6X 2C4",49.1797372,-123.13783850000002,4.3,3028.0,chinese_restaurant,"chinese_restaurant, barbecue_restaurant, restaurant, food, point_of_interest, establishment",,https://maps.google.com/?cid=12704919806253083955&g_mp=Cidnb29nbGUubWFwcy5wbGFjZXMudjEuUGxhY2VzLlNlYXJjaFRleHQQAhgEIAA,Chinese restaurants in Richmond BC,2.0,$$,2
ChIJ6QuEWZFzhlQRU6ynlJ2i81c,The Naam,"2724 W 4th Ave, Vancouver, BC V6K 1R1",49.26818840000001,-123.1670365,4.3,2983.0,vegetarian_restaurant,"vegetarian_restaurant, vegan_restaurant, cafe, restaurant, food, point_of_interest, establishment",http://www.thenaam.com/,https://maps.google.com/?cid=6337587898328001619&g_mp=Cidnb29nbGUubWFwcy5wbGFjZXMudjEuUGxhY2VzLlNlYXJjaFRleHQQAhgEIAA,Vegetarian restaurants in Downtown Vancouver BC,1.0,$,1
ChIJtwODcHBxhlQREpbs5MTETQg,New Town Bakery & Restaurant,"148 E Pender St, Vancouver, BC V6A 1T3",49.2803036,-123.1011414,4.3,2936.0,chinese_restaurant,"bakery, food_store, chinese_restaurant, store, restaurant, food, point_of_interest, establishment",http://www.newtownbakery.ca/#content-locations,https://maps.google.com/?cid=598350675443488274&g_mp=Cidnb29nbGUubWFwcy5wbGFjZXMudjEuUGxhY2VzLlNlYXJjaFRleHQQAhgEIAA,Chinese restaurants in Gastown BC,1.0,$,1
ChIJR-oj79ZzhlQRPxQ0DJ-fZRI,The Flying Pig Yaletown,"1168 Hamilton St, Vancouver, BC V6B 2S2",49.2750232,-123.121994,4.3,2721.0,restaurant,"restaurant, bistro, seafood_restaurant, bar, american_restaurant, food, point_of_interest, establishment",http://theflyingpigvan.com/,https://maps.google.com/?cid=1325641170783835199&g_mp=Cidnb29nbGUubWFwcy5wbGFjZXMudjEuUGxhY2VzLlNlYXJjaFRleHQQAhgEIAA,Seafood restaurants in Yaletown BC,2.0,$$,2
ChIJTazswtZzhlQRuZas9GX26-I,Cactus Club Cafe,"357 Davie St, Vancouver, BC V6B 1R2",49.2750802,-123.122762,4.3,2703.0,restaurant,"restaurant, family_restaurant, steak_house, hamburger_restaurant, bar_and_grill, cocktail_bar, bar, meal_takeaway, american_restaurant, food, point_of_interest, establishment",https://www.cactusclubcafe.com/locations/yaletown/,https://maps.google.com/?cid=16351433789855798969&g_mp=Cidnb29nbGUubWFwcy5wbGFjZXMudjEuUGxhY2VzLlNlYXJjaFRleHQQAhgEIAA,Caribbean restaurants in Yaletown BC,2.0,$$,2
ChIJlU3DzX1xhlQRQKD6yVPPrx0,Patron Tacos & Cantina,"265 Robson St, Vancouver, BC V6B 0E7",49.2786894,-123.115336,4.3,2666.0,mexican_restaurant,"mexican_restaurant, restaurant, food, point_of_interest, establishment",https://www.patrontc.com/,https://maps.google.com/?cid=2139156306802155584&g_mp=Cidnb29nbGUubWFwcy5wbGFjZXMudjEuUGxhY2VzLlNlYXJjaFRleHQQAhgEIAA,Mexican restaurants in Downtown Vancouver BC,2.0,$$,2
ChIJvQ6UDohxhlQR_XhiTxjYBZs,Jang Mo Jib Korean Restaurant,"808 Bute St, Vancouver, BC V6E 4H6",49.2857582,-123.1271311,4.3,2652.0,korean_restaurant,"korean_restaurant, restaurant, food, point_of_interest, establishment",http://www.jangmojib.com/,https://maps.google.com/?cid=11170572049685051645&g_mp=Cidnb29nbGUubWFwcy5wbGFjZXMudjEuUGxhY2VzLlNlYXJjaFRleHQQAhgEIAA,Korean restaurants in Downtown Vancouver BC,2.0,$$,2
ChIJ_6_6UFVyhlQRU7qsR4lh_8k,The Eatery,"3431 W Broadway, Vancouver, BC V6R 2B4",49.2644681,-123.1807359,4.3,2624.0,sushi_restaurant,"sushi_restaurant, vegetarian_restaurant, japanese_restaurant, restaurant, food, point_of_interest, establishment",http://theeatery.ca/,https://maps.google.com/?cid=14555459762925648467&g_mp=Cidnb29nbGUubWFwcy5wbGFjZXMudjEuUGxhY2VzLlNlYXJjaFRleHQQAhgEIAA,Japanese restaurants in Kitsilano BC,2.0,$$,2
ChIJ7TPet1JyhlQRLKXAXsM11CU,Linh Café,"1428 Granville St Unit 130, Vancouver, BC V6Z 1N2",49.274696,-123.1295978,4.3,2442.0,vietnamese_restaurant,"vietnamese_restaurant, family_restaurant, brunch_restaurant, asian_restaurant, french_restaurant, breakfast_restaurant, restaurant, food, point_of_interest, establishment",http://www.linhcafe.com/,https://maps.google.com/?cid=2725862787690571052&g_mp=Cidnb29nbGUubWFwcy5wbGFjZXMudjEuUGxhY2VzLlNlYXJjaFRleHQQAhgEIAA,Vietnamese restaurants in Downtown Vancouver BC,2.0,$$,2
ChIJYwRQryhyhlQRcFek5w_qOr4,Mediterranean Grill,"1152 Denman St, Vancouver, BC V6G 2M9",49.2877464,-123.1409009,4.3,2419.0,restaurant,"restaurant, corporate_office, hotel, store, lodging, food, point_of_interest, establishment",https://www.mediterraneangrill.ca/menu,https://maps.google.com/?cid=13707525769887242096&g_mp=Cidnb29nbGUubWFwcy5wbGFjZXMudjEuUGxhY2VzLlNlYXJjaFRleHQQAhgEIAA,Mediterranean restaurants in Downtown Vancouver BC,1.0,$,1
ChIJT_bIqGVxhlQRlgkDlyIY9gg,Bodega on Main,"1014 Main St, Vancouver, BC V6A 2W1",49.2754776,-123.09970939999998,4.3,2399.0,spanish_restaurant,"spanish_restaurant, restaurant, food, point_of_interest, establishment",http://www.bodegaonmain.ca/,https://maps.google.com/?cid=645730133415758230&g_mp=Cidnb29nbGUubWFwcy5wbGFjZXMudjEuUGxhY2VzLlNlYXJjaFRleHQQAhgEIAA,Spanish restaurants in Downtown Vancouver BC,2.0,$$,2
ChIJgbZJV_JxhlQRSUB6z8tu8xw,Chelo Kitchen + Eatery,"1078 Marine Dr, North Vancouver, BC V7P 1S5",49.3242114,-123.1039621,4.3,2398.0,restaurant,"restaurant, food, point_of_interest, establishment",http://cheloyvr.com/,https://maps.google.com/?cid=2086132874040983625&g_mp=Cidnb29nbGUubWFwcy5wbGFjZXMudjEuUGxhY2VzLlNlYXJjaFRleHQQAhgEIAA,Mediterranean restaurants in North Vancouver BC,1.0,$,1
ChIJ8-xw1NNxhlQRC8aXqBXBzLk,Din Tai Fung 鼎泰豐,"1132 Alberni St, Vancouver, BC V6E 1A5",49.2856781,-123.1247728,4.3,2117.0,taiwanese_restaurant,"taiwanese_restaurant, restaurant, food, point_of_interest, establishment",https://dtf.com/en-ca/locations/vancouver?utm_source=gmb&utm_medium=VAN,https://maps.google.com/?cid=13388288091032634891&g_mp=Cidnb29nbGUubWFwcy5wbGFjZXMudjEuUGxhY2VzLlNlYXJjaFRleHQQAhgEIAA,Chinese restaurants in Downtown Vancouver BC,2.0,$$,2
ChIJ9fuecpl3hlQR4S67mjDNbnA,OEB Breakfast Co.,"4525 Lougheed Hwy. Unit 2306, Burnaby, BC V5C 0K6",49.2666542,-123.0007588,4.3,2110.0,brunch_restaurant,"brunch_restaurant, breakfast_restaurant, restaurant, food, point_of_interest, establishment",http://eatoeb.com/,https://maps.google.com/?cid=8101638388324183777&g_mp=Cidnb29nbGUubWFwcy5wbGFjZXMudjEuUGxhY2VzLlNlYXJjaFRleHQQAhgEIAA,French restaurants in Burnaby BC,2.0,$$,2
ChIJ4RL7TnxxhlQRTQkUNQSm-NA,Frankie's Italian Vancouver,"765 Beatty St, Vancouver, BC V6B 2M4",49.278217,-123.1133985,4.3,2058.0,italian_restaurant,"italian_restaurant, restaurant, food, point_of_interest, establishment",https://www.frankiesitaliankitchen.ca/,https://maps.google.com/?cid=15057967891113838925&g_mp=Cidnb29nbGUubWFwcy5wbGFjZXMudjEuUGxhY2VzLlNlYXJjaFRleHQQAhgEIAA,Italian restaurants in Downtown Vancouver BC,2.0,$$,2
ChIJkeAKWtBxhlQR0AUTQQQH9N4,Tomahawk Restaurant,"1550 Philip Ave, North Vancouver, BC V7P 2V8",49.322735,-123.113156,4.3,1866.0,restaurant,"breakfast_restaurant, restaurant, food, point_of_interest, establishment",http://www.tomahawkrestaurant.com/,https://maps.google.com/?cid=16065473485590431184&g_mp=Cidnb29nbGUubWFwcy5wbGFjZXMudjEuUGxhY2VzLlNlYXJjaFRleHQQAhgEIAA,Caribbean restaurants in North Vancouver BC,2.0,$$,2
ChIJqyN6rDhxhlQRqg9-Y5l1Zaw,Sopra Sotto Pizzeria,"1510 Commercial Dr, Vancouver, BC V5L 2Y7",49.2711635,-123.0693181,4.3,1798.0,italian_restaurant,"italian_restaurant, pizza_restaurant, restaurant, food, point_of_interest, establishment",http://www.soprasotto.ca/,https://maps.google.com/?cid=12422464448831033258&g_mp=Cidnb29nbGUubWFwcy5wbGFjZXMudjEuUGxhY2VzLlNlYXJjaFRleHQQAhgEIAA,Italian restaurants in Commercial Drive BC,2.0,$$,2
ChIJUbWrKLFxhlQRPB1nQaTyZtA,Jamjar Canteen Commercial Dr.,"2290 Commercial Dr, Vancouver, BC V5N 5P9",49.2642997,-123.0695033,4.3,1760.0,lebanese_restaurant,"lebanese_restaurant, catering_service, food_delivery, bar, restaurant, food, point_of_interest, service, establishment",http://www.jamjarcanteen.ca/,https://maps.google.com/?cid=15016956794799332668&g_mp=Cidnb29nbGUubWFwcy5wbGFjZXMudjEuUGxhY2VzLlNlYXJjaFRleHQQAhgEIAA,Lebanese restaurants in Downtown Vancouver BC,2.0,$$,2
ChIJZZP6HNRzhlQRTgKreAfu7O4,Nuba in Yaletown,"508 Davie St, Vancouver, BC V6B 3N9",49.2758974,-123.1246255,4.3,1729.0,restaurant,"restaurant, vegan_restaurant, lebanese_restaurant, vegetarian_restaurant, middle_eastern_restaurant, food, point_of_interest, establishment",http://www.nuba.ca/,https://maps.google.com/?cid=17216397191387218510&g_mp=Cidnb29nbGUubWFwcy5wbGFjZXMudjEuUGxhY2VzLlNlYXJjaFRleHQQAhgEIAA,Lebanese restaurants in Downtown Vancouver BC,2.0,$$,2
ChIJj4y4hjVxhlQRYpgCUuJSLp4,Boteco Brasil Restaurant,"2545 Nanaimo St, Vancouver, BC V5N 5E6",49.2615926,-123.05698979999998,4.3,1650.0,brazilian_restaurant,"brazilian_restaurant, restaurant, food, point_of_interest, establishment",http://boteco.ca/,https://maps.google.com/?cid=11398138838913292386&g_mp=Cidnb29nbGUubWFwcy5wbGFjZXMudjEuUGxhY2VzLlNlYXJjaFRleHQQAhgEIAA,Brazilian restaurants in Downtown Vancouver BC,2.0,$$,2
ChIJ01q5UlVyhlQR7pkkpLz3Pkg,Green Leaf Sushi l Kitsilano,"3416 W Broadway, Vancouver, BC V6R 3H6",49.264136,-123.180152,4.3,1630.0,sushi_restaurant,"sushi_restaurant, japanese_restaurant, restaurant, food, point_of_interest, establishment",http://www.greenleafsushi.ca/,https://maps.google.com/?cid=5205870608866646510&g_mp=Cidnb29nbGUubWFwcy5wbGFjZXMudjEuUGxhY2VzLlNlYXJjaFRleHQQAhgEIAA,Japanese restaurants in Kitsilano BC,2.0,$$,2
ChIJlahJZYJxhlQRK8Iea94H9Yg,Curry Hut Indian Bistro,"445 Howe St, Vancouver, BC V6C 2X4",49.2858083,-123.1154306,4.3,1585.0,north_indian_restaurant,"north_indian_restaurant, vegetarian_restaurant, family_restaurant, south_indian_restaurant, indian_restaurant, bar, restaurant, food, point_of_interest, establishment",https://curryhut.ca/,https://maps.google.com/?cid=9868802810313622059&g_mp=Cidnb29nbGUubWFwcy5wbGFjZXMudjEuUGxhY2VzLlNlYXJjaFRleHQQAhgEIAA,Indian restaurants in Gastown BC,2.0,$$,2
ChIJDWKozEgRsYkRpBPWh88_Bd0,Jamaica House Restaurant,"416 W Broad St, Richmond, VA 23220, USA",37.5482589,-77.4458819,4.3,1574.0,restaurant,"restaurant, food, point_of_interest, establishment",http://www.jamaicahouserva.com/,https://maps.google.com/?cid=15926205817835361188&g_mp=Cidnb29nbGUubWFwcy5wbGFjZXMudjEuUGxhY2VzLlNlYXJjaFRleHQQAhgEIAA,Caribbean restaurants in Richmond BC,1.0,$,1
ChIJJ4r2vDB4hlQRFnwNMzVcffE,Green Leaf Sushi l Burnaby,"9604 Cameron St, Burnaby, BC V3J 1M2",49.2532771,-122.8983765,4.3,1508.0,japanese_restaurant,"japanese_restaurant, fusion_restaurant, sushi_restaurant, family_restaurant, korean_restaurant, meal_takeaway, restaurant, food, point_of_interest, establishment",http://www.greenleafsushi.ca/,https://maps.google.com/?cid=17401165918789008406&g_mp=Cidnb29nbGUubWFwcy5wbGFjZXMudjEuUGxhY2VzLlNlYXJjaFRleHQQAhgEIAA,Japanese restaurants in Burnaby BC,2.0,$$,2
ChIJxRSsqORzhlQRcNrJucWsHfk,El Camino's,"3250 Main St, Vancouver, BC V5V 3M6",49.2561704,-123.1009297,4.3,1504.0,mexican_restaurant,"mexican_restaurant, latin_american_restaurant, cocktail_bar, bar, restaurant, food, point_of_interest, establishment",http://www.elcaminos.ca/,https://maps.google.com/?cid=17950693654994213488&g_mp=Cidnb29nbGUubWFwcy5wbGFjZXMudjEuUGxhY2VzLlNlYXJjaFRleHQQAhgEIAA,Spanish restaurants in Mount Pleasant BC,2.0,$$,2
ChIJ1cv4PYhxhlQRE-YsD8Iaaac,Banana Leaf on Robson,"1779 Robson St, Vancouver, BC V6G 1C9",49.2914054,-123.134901,4.3,1429.0,malaysian_restaurant,"malaysian_restaurant, restaurant, food, point_of_interest, establishment",https://www.bananaleaf-vancouver.com/robson,https://maps.google.com/?cid=12063202497669162515&g_mp=Cidnb29nbGUubWFwcy5wbGFjZXMudjEuUGxhY2VzLlNlYXJjaFRleHQQAhgEIAA,Caribbean restaurants in Downtown Vancouver BC,2.0,$$,2
ChIJ7cyqJUZxhlQRnU84VhwKiHQ,Apollo's (Daybreakers) Restaurant | Brunch Vancouver,"2095 Commercial Dr, Vancouver, BC V5N 4B1",49.2660886,-123.06996679999996,4.3,1426.0,greek_restaurant,"greek_restaurant, brunch_restaurant, breakfast_restaurant, diner, live_music_venue, bar, event_venue, restaurant, food, point_of_interest, establishment",https://apollosrestaurant.com/,https://maps.google.com/?cid=8396972622054182813&g_mp=Cidnb29nbGUubWFwcy5wbGFjZXMudjEuUGxhY2VzLlNlYXJjaFRleHQQAhgEIAA,Mediterranean restaurants in Commercial Drive BC,2.0,$$,2
ChIJH7IyoNVzhlQRzjiVf6z3I5g,Lucha Libre Barra & Mexican Restaurant,"722 Nelson St, Vancouver, BC V6Z 1A8",49.2794093,-123.1235432,4.3,1398.0,mexican_restaurant,"mexican_restaurant, taco_restaurant, bar, restaurant, food, point_of_interest, establishment",https://luchalibretacos.ca/,https://maps.google.com/?cid=10962878238196840654&g_mp=Cidnb29nbGUubWFwcy5wbGFjZXMudjEuUGxhY2VzLlNlYXJjaFRleHQQAhgEIAA,Mexican restaurants in Mount Pleasant BC,1.0,$,1
ChIJFTwcFKtzhlQRMHMSgMHNc3Q,Nuba in Kitsilano,"3116 W Broadway, Vancouver, BC V6K 2G9",49.2640521,-123.17461949999998,4.3,1381.0,restaurant,"restaurant, food, point_of_interest, establishment",http://www.nuba.ca/,https://maps.google.com/?cid=8391276761682441008&g_mp=Cidnb29nbGUubWFwcy5wbGFjZXMudjEuUGxhY2VzLlNlYXJjaFRleHQQAhgEIAA,Lebanese restaurants in Downtown Vancouver BC,2.0,$$,2
ChIJTRHlTndxhlQRNl_jlsUsokI,Six Acres,"203 Carrall St, Vancouver, BC V6B 2J2",49.2833649,-123.1044224,4.3,1379.0,pub,"pub, cocktail_bar, bar, restaurant, food, point_of_interest, establishment",http://sixacres.ca/,https://maps.google.com/?cid=4801449379882032950&g_mp=Cidnb29nbGUubWFwcy5wbGFjZXMudjEuUGxhY2VzLlNlYXJjaFRleHQQAhgEIAA,Caribbean restaurants in Downtown Vancouver BC,2.0,$$,2
ChIJrVQM-NFzhlQR5039qtBEmXE,Ancora Waterfront Dining and Patio,"1600 Howe St #2, Vancouver, BC V6Z 2L9",49.2738285,-123.1325499,4.3,1373.0,seafood_restaurant,"seafood_restaurant, restaurant, food, point_of_interest, establishment",http://www.ancoradining.com/,https://maps.google.com/?cid=8185649460735200743&g_mp=Cidnb29nbGUubWFwcy5wbGFjZXMudjEuUGxhY2VzLlNlYXJjaFRleHQQAhgEIAA,Seafood restaurants in Downtown Vancouver BC,4.0,$$$$,4
ChIJy8QPstRzhlQRwnXVAci0KBA,Banana Leaf on Davie,"1043 Davie St, Vancouver, BC V6E 1M5",49.2799098,-123.13020689999998,4.3,1353.0,malaysian_restaurant,"malaysian_restaurant, meal_takeaway, restaurant, food, point_of_interest, establishment",https://www.bananaleaf-vancouver.com/davie,https://maps.google.com/?cid=1164379274792498626&g_mp=Cidnb29nbGUubWFwcy5wbGFjZXMudjEuUGxhY2VzLlNlYXJjaFRleHQQAhgEIAA,Caribbean restaurants in Downtown Vancouver BC,2.0,$$,2
ChIJda43-9FzhlQR8bDraTrZvXo,Eat Bar & Patio Haraheri,"888 Nelson St m101, Vancouver, BC V6Z 2H1",49.2800364,-123.1252786,4.3,1290.0,japanese_restaurant,"fusion_restaurant, japanese_restaurant, restaurant, food, point_of_interest, establishment",https://haraheri.ca/,https://maps.google.com/?cid=8844464088133906673&g_mp=Cidnb29nbGUubWFwcy5wbGFjZXMudjEuUGxhY2VzLlNlYXJjaFRleHQQAhgEIAA,Japanese restaurants in Downtown Vancouver BC,2.0,$$,2
ChIJ2cDxeuNzhlQRscCnf_e68KA,Pho Goodness (Main & 15th),"3079 Main St, Vancouver, BC V5T 3G6",49.257705,-123.1014284,4.3,1272.0,vietnamese_restaurant,"vietnamese_restaurant, restaurant, food, point_of_interest, establishment",http://www.phogoodness.com/,https://maps.google.com/?cid=11596974612640415921&g_mp=Cidnb29nbGUubWFwcy5wbGFjZXMudjEuUGxhY2VzLlNlYXJjaFRleHQQAhgEIAA,Vietnamese restaurants in Mount Pleasant BC,1.0,$,1
ChIJ____8jR1hlQRWOfAyjR_Z18,Afghan Chopan Bakery & Diner,"8260 Westminster Hwy, Richmond, BC V6X 3Y2",49.1699543,-123.1330185,4.3,1265.0,afghani_restaurant,"afghani_restaurant, restaurant, food, point_of_interest, establishment",http://afghanchopanrichmond.com/,https://maps.google.com/?cid=6874603220921018200&g_mp=Cidnb29nbGUubWFwcy5wbGFjZXMudjEuUGxhY2VzLlNlYXJjaFRleHQQAhgEIAA,Lebanese restaurants in Richmond BC,2.0,$$,2
ChIJQ5f_MMBxhlQR9R17HcWGvUA,Como Taperia,"201 E 7th Ave, Vancouver, BC V5T 0H3",49.2647426,-123.1006331,4.3,1238.0,spanish_restaurant,"spanish_restaurant, restaurant, food, point_of_interest, establishment",https://www.comotaperia.com/,https://maps.google.com/?cid=4665032970186989045&g_mp=Cidnb29nbGUubWFwcy5wbGFjZXMudjEuUGxhY2VzLlNlYXJjaFRleHQQAhgEIAA,Spanish restaurants in Downtown Vancouver BC,2.0,$$,2
ChIJx9PAlaN1hlQRy-3Q3Kk4VOo,Hugo's Churros & Tacos,"7899 Templeton Station Rd, Richmond, BC V7B 0B7",49.1967292,-123.1397123,4.3,1226.0,mexican_restaurant,"mexican_restaurant, restaurant, food, point_of_interest, establishment",https://www.hugosmexicankitchen.com/,https://maps.google.com/?cid=16885183205124140491&g_mp=Cidnb29nbGUubWFwcy5wbGFjZXMudjEuUGxhY2VzLlNlYXJjaFRleHQQAhgEIAA,Mexican restaurants in Richmond BC,1.0,$,1
ChIJa7L4SkxwhlQRNT2F6_WC9qo,South Castle Korean Restaurant,"141 E 2nd St, North Vancouver, BC V7L 1C2",49.31185,-123.076493,4.3,1201.0,korean_restaurant,"korean_restaurant, meal_delivery, food_delivery, meal_takeaway, restaurant, food, point_of_interest, establishment",,https://maps.google.com/?cid=12319177823448546613&g_mp=Cidnb29nbGUubWFwcy5wbGFjZXMudjEuUGxhY2VzLlNlYXJjaFRleHQQAhgEIAA,Korean restaurants in North Vancouver BC,2.0,$$,2
ChIJ-TC-84BxhlQRyGOukWQIh8E,Spicy 6 Fine Indian Cuisine,"1116 Robson St, Vancouver, BC V6E 1B2",49.2849002,-123.1255475,4.3,1191.0,indian_restaurant,"indian_restaurant, restaurant, food, point_of_interest, establishment",https://spicy6.com/,https://maps.google.com/?cid=13945123999209907144&g_mp=Cidnb29nbGUubWFwcy5wbGFjZXMudjEuUGxhY2VzLlNlYXJjaFRleHQQAhgEIAA,Indian restaurants in Downtown Vancouver BC,2.0,$$,2
ChIJNTkdMdJxhlQRcJH_6Ta39SA,C-Lovers Fish & Chips,"1660 Pemberton Ave, North Vancouver, BC V7P 3M1",49.3245263,-123.1075345,4.3,1185.0,fish_and_chips_restaurant,"fish_and_chips_restaurant, seafood_restaurant, family_restaurant, restaurant, food, point_of_interest, establishment",http://c-lovers.com/,https://maps.google.com/?cid=2375005824989761904&g_mp=Cidnb29nbGUubWFwcy5wbGFjZXMudjEuUGxhY2VzLlNlYXJjaFRleHQQAhgEIAA,Seafood restaurants in North Vancouver BC,2.0,$$,2
ChIJb1HPf9jhhVQRPPwcU2Xo1EA,Ichiro Japanese Restaurant,"12011 Second Ave #110, Richmond, BC V7E 3L6",49.1262637,-123.1845468,4.3,1179.0,japanese_restaurant,"japanese_restaurant, sushi_restaurant, restaurant, food, point_of_interest, establishment",https://www.ichirojapaneserestaurant.com/,https://maps.google.com/?cid=4671614235373796412&g_mp=Cidnb29nbGUubWFwcy5wbGFjZXMudjEuUGxhY2VzLlNlYXJjaFRleHQQAhgEIAA,Japanese restaurants in Richmond BC,2.0,$$,2
ChIJ41S-QThxhlQR84pKjomyaQU,Tendon Kohaku - Downtown,"840 Howe St #190, Vancouver, BC V6Z 2S9",49.2809638,-123.1222094,4.3,1172.0,japanese_restaurant,"japanese_restaurant, restaurant, food, point_of_interest, establishment",http://www.kohakutendon.com/,https://maps.google.com/?cid=390039146611772147&g_mp=Cidnb29nbGUubWFwcy5wbGFjZXMudjEuUGxhY2VzLlNlYXJjaFRleHQQAhgEIAA,Japanese restaurants in Downtown Vancouver BC,2.0,$$,2
ChIJReu_54NxhlQRpncLbXrBs-w,Heritage Asian Eatery,"1108 W Pender St, Vancouver, BC V6E 4J6",49.287526,-123.1209202,4.3,1157.0,chinese_restaurant,"chinese_restaurant, dumpling_restaurant, dim_sum_restaurant, cantonese_restaurant, bar, restaurant, food, point_of_interest, establishment",https://www.heritageasianeatery.com/,https://maps.google.com/?cid=17056188945341839270&g_mp=Cidnb29nbGUubWFwcy5wbGFjZXMudjEuUGxhY2VzLlNlYXJjaFRleHQQAhgEIAA,Chinese restaurants in Downtown Vancouver BC,2.0,$$,2
ChIJfQrl6U5zhlQRA3S2ozY4fMI,Nook Olympic Village,"195 W 2nd Ave, Vancouver, BC V5Y 0H6",49.2695179,-123.1092072,4.3,1143.0,italian_restaurant,"italian_restaurant, restaurant, food, point_of_interest, establishment",http://nookrestaurants.com/,https://maps.google.com/?cid=14014137947796173827&g_mp=Cidnb29nbGUubWFwcy5wbGFjZXMudjEuUGxhY2VzLlNlYXJjaFRleHQQAhgEIAA,Italian restaurants in Mount Pleasant BC,2.0,$$,2
ChIJFfSr3PxzhlQROOe-E0bdNxk,Babylon Cafe,"1156 Denman St, Vancouver, BC V6G 2M9",49.2876782,-123.1410182,4.3,1125.0,restaurant,"restaurant, food, point_of_interest, establishment",https://babyloncafe.ca/,https://maps.google.com/?cid=1817164267716011832&g_mp=Cidnb29nbGUubWFwcy5wbGFjZXMudjEuUGxhY2VzLlNlYXJjaFRleHQQAhgEIAA,Lebanese restaurants in Kitsilano BC,2.0,$$,2
ChIJT89PplkLhlQRGLdkDfsQuVI,Co'M Cafe,"7688 Alderbridge Wy 110 and #120, Richmond, BC V6X 0P7",49.1743327,-123.1435747,4.3,1081.0,vietnamese_restaurant,"vietnamese_restaurant, cafe, restaurant, food, point_of_interest, establishment",http://comcafe.ca/,https://maps.google.com/?cid=5960814252249102104&g_mp=Cidnb29nbGUubWFwcy5wbGFjZXMudjEuUGxhY2VzLlNlYXJjaFRleHQQAhgEIAA,Vietnamese restaurants in Richmond BC,2.0,$$,2
ChIJ-ed5xiZ1hlQRiekpyKWP-ng,Dolpan Seoul BBQ,"3779 Sexsmith Rd #1123, Richmond, BC V6X 1J8",49.1856864,-123.1292633,4.3,1055.0,korean_barbecue_restaurant,"korean_barbecue_restaurant, korean_restaurant, restaurant, food, point_of_interest, establishment",https://dolpanbbq.com/,https://maps.google.com/?cid=8717437970919582089&g_mp=Cidnb29nbGUubWFwcy5wbGFjZXMudjEuUGxhY2VzLlNlYXJjaFRleHQQAhgEIAA,Korean restaurants in Richmond BC,2.0,$$,2
ChIJ0W5RJtdzhlQR65k9gmpLNs8,Salsa & Agave Mexican Grill,"1205 Pacific Blvd, Vancouver, BC V6Z 0E2",49.2740868,-123.122011,4.3,1038.0,mexican_restaurant,"mexican_restaurant, restaurant, food, point_of_interest, establishment",http://salsaandagave.com/,https://maps.google.com/?cid=14931204535417149931&g_mp=Cidnb29nbGUubWFwcy5wbGFjZXMudjEuUGxhY2VzLlNlYXJjaFRleHQQAhgEIAA,Mexican restaurants in Downtown Vancouver BC,1.0,$,1
ChIJCw6G37RzhlQRPq7e6aPAAl4,Lucky Taco,"1685 Yew St, Vancouver, BC V6K 3E6",49.2710421,-123.1552028,4.3,984.0,taco_restaurant,"taco_restaurant, mexican_restaurant, restaurant, food, point_of_interest, establishment",http://www.luckytaco.ca/,https://maps.google.com/?cid=6774188599754534462&g_mp=Cidnb29nbGUubWFwcy5wbGFjZXMudjEuUGxhY2VzLlNlYXJjaFRleHQQAhgEIAA,Mexican restaurants in Kitsilano BC,2.0,$$,2
ChIJCU7GmHVzhlQRVCX3eeeGIqo,Sprezzatura Restaurant,"265 Kingsway, Vancouver, BC V5T 0H1",49.2613032,-123.09756,4.3,979.0,pizza_restaurant,"pizza_restaurant, pizza_delivery, wine_bar, pub, meal_delivery, food_delivery, cocktail_bar, italian_restaurant, cafe, bar, meal_takeaway, restaurant, food, point_of_interest, establishment",http://www.sprezzatura.ca/,https://maps.google.com/?cid=12259509464397718868&g_mp=Cidnb29nbGUubWFwcy5wbGFjZXMudjEuUGxhY2VzLlNlYXJjaFRleHQQAhgEIAA,Italian restaurants in Mount Pleasant BC,2.0,$$,2
ChIJO_P18idyhlQR1DvHQxqvypY,Damso Modern Korean Restaurant,"1680 Robson St, Vancouver, BC V6G 1C7",49.2900335,-123.1336573,4.3,947.0,korean_restaurant,"korean_restaurant, restaurant, food, point_of_interest, establishment",https://damso-restaurant.ca/,https://maps.google.com/?cid=10865689578325883860&g_mp=Cidnb29nbGUubWFwcy5wbGFjZXMudjEuUGxhY2VzLlNlYXJjaFRleHQQAhgEIAA,Korean restaurants in Downtown Vancouver BC,2.0,$$,2
ChIJZ6_WWExwhlQRbK-xgexkmRI,Mr. Sushi Lonsdale,"105 Lonsdale Ave, North Vancouver, BC V7M 2E7",49.3121575,-123.078662,4.3,928.0,sushi_restaurant,"sushi_restaurant, japanese_restaurant, restaurant, food, point_of_interest, establishment",https://mrsushicanada.com/?utm_source=googlemybusiness&utm_medium=Organic&utm_campaign=GoogleMyBusiness-Lonsdale,https://maps.google.com/?cid=1340213331070398316&g_mp=Cidnb29nbGUubWFwcy5wbGFjZXMudjEuUGxhY2VzLlNlYXJjaFRleHQQAhgEIAA,Japanese restaurants in North Vancouver BC,2.0,$$,2
ChIJK5yhI89whlQRVpPlaF-um80,Chao Mami (Formerly Brokenrice),"4088 Hastings St, Burnaby, BC V5C 2H9",49.2808452,-123.014736,4.3,919.0,vietnamese_restaurant,"vietnamese_restaurant, restaurant, food, point_of_interest, establishment",http://chaomami.com/,https://maps.google.com/?cid=14815627123970380630&g_mp=Cidnb29nbGUubWFwcy5wbGFjZXMudjEuUGxhY2VzLlNlYXJjaFRleHQQAhgEIAA,Thai restaurants in Burnaby BC,2.0,$$,2
ChIJsygGsx51hlQRXrKUXpZeGl0,Pho Anh Vu Vancouver,"4751 Garden City Rd #150, Richmond, BC V6X 3M7",49.1777296,-123.1254997,4.3,918.0,restaurant,"restaurant, food, point_of_interest, establishment",https://phoanhvu.com/,https://maps.google.com/?cid=6708778594846683742&g_mp=Cidnb29nbGUubWFwcy5wbGFjZXMudjEuUGxhY2VzLlNlYXJjaFRleHQQAhgEIAA,Vietnamese restaurants in Richmond BC,2.0,$$,2
ChIJ97T0Fxl3hlQRU8vbTy4VFbQ,BASHA Metrotown,"4700 Kingsway #2250, Burnaby, BC V5H 4M1",49.2262437,-123.0018897,4.3,910.0,lebanese_restaurant,"lebanese_restaurant, restaurant, food, point_of_interest, establishment",,https://maps.google.com/?cid=12976301189990435667&g_mp=Cidnb29nbGUubWFwcy5wbGFjZXMudjEuUGxhY2VzLlNlYXJjaFRleHQQAhgEIAA,Mediterranean restaurants in Burnaby BC,2.0,$$,2
ChIJ2d0CE1lxhlQRMExjgyijp4w,Loku Japanese Cuisine,"2280 Commercial Dr, Vancouver, BC V5N 5P9",49.2644106,-123.0694196,4.3,899.0,japanese_restaurant,"japanese_restaurant, sushi_restaurant, restaurant, food, point_of_interest, establishment",http://www.sushiloku.com/,https://maps.google.com/?cid=10135248880818932784&g_mp=Cidnb29nbGUubWFwcy5wbGFjZXMudjEuUGxhY2VzLlNlYXJjaFRleHQQAhgEIAA,Japanese restaurants in Commercial Drive BC,2.0,$$,2
ChIJOfyfDjpxhlQRF7WdGcnpblY,Song Huong Restaurant,"1613 Nanaimo St, Vancouver, BC V5L 4V1",49.2701794,-123.0568765,4.3,878.0,vietnamese_restaurant,"vietnamese_restaurant, noodle_shop, restaurant, food, point_of_interest, establishment",https://qrcodes.pro/zmCJoh,https://maps.google.com/?cid=6228172384627438871&g_mp=Cidnb29nbGUubWFwcy5wbGFjZXMudjEuUGxhY2VzLlNlYXJjaFRleHQQAhgEIAA,Vietnamese restaurants in Commercial Drive BC,1.0,$,1
ChIJf3P-DEdxhlQRNw0bjeUstSQ,Cafè Calabria,"1745 Commercial Dr, Vancouver, BC V5N 4A4",49.2689245,-123.0698843,4.3,872.0,coffee_shop,"coffee_shop, cafe, food_store, meal_takeaway, store, restaurant, food, point_of_interest, establishment",https://www.cafecalabria.ca/,https://maps.google.com/?cid=2645069720576527671&g_mp=Cidnb29nbGUubWFwcy5wbGFjZXMudjEuUGxhY2VzLlNlYXJjaFRleHQQAhgEIAA,Italian restaurants in Commercial Drive BC,1.0,$,1
ChIJTSkUZ8p2hlQRlmDl4VjKMeo,La Piazza Dario,"3075 Slocan St, Vancouver, BC V5M 3E4",49.2571098,-123.0501171,4.3,851.0,italian_restaurant,"italian_restaurant, european_restaurant, restaurant, food, point_of_interest, establishment",https://lapiazzadario.com/,https://maps.google.com/?cid=16875491761829798038&g_mp=Cidnb29nbGUubWFwcy5wbGFjZXMudjEuUGxhY2VzLlNlYXJjaFRleHQQAhgEIAA,Italian restaurants in Burnaby BC,2.0,$$,2
ChIJGUqN0rdzhlQRKgnl-CofZDk,Novo Italian,"2118 Burrard St, Vancouver, BC V6J 3H6",49.2666203,-123.1454703,4.3,850.0,italian_restaurant,"italian_restaurant, vegetarian_restaurant, pizza_restaurant, restaurant, food, point_of_interest, establishment",http://www.novoitalian.com/,https://maps.google.com/?cid=4135464627257805098&g_mp=Cidnb29nbGUubWFwcy5wbGFjZXMudjEuUGxhY2VzLlNlYXJjaFRleHQQAhgEIAA,Italian restaurants in Kitsilano BC,2.0,$$,2
ChIJX8KXIj5xhlQR5BwjsZtGOgU,Kin Kao - Commercial Dr,"903 Commercial Dr, Vancouver, BC V5L 2H2",49.27637,-123.0697484,4.3,842.0,thai_restaurant,"thai_restaurant, wine_bar, asian_restaurant, liquor_store, meal_takeaway, bar, restaurant, food, service, store, point_of_interest, establishment",http://www.kinkao.ca/,https://maps.google.com/?cid=376691153344601316&g_mp=Cidnb29nbGUubWFwcy5wbGFjZXMudjEuUGxhY2VzLlNlYXJjaFRleHQQAhgEIAA,Thai restaurants in Commercial Drive BC,2.0,$$,2
ChIJES0Hv59zhlQR3o3zZddDP-I,Moltan,"1941 Cornwall Ave, Vancouver, BC V6J 1C8",49.2726896,-123.1487182,4.3,823.0,japanese_restaurant,"japanese_restaurant, japanese_izakaya_restaurant, sushi_restaurant, restaurant, food, point_of_interest, establishment",https://moltanrollbar.com/,https://maps.google.com/?cid=16302823768511974878&g_mp=Cidnb29nbGUubWFwcy5wbGFjZXMudjEuUGxhY2VzLlNlYXJjaFRleHQQAhgEIAA,Japanese restaurants in Kitsilano BC,2.0,$$,2
ChIJH9kIPl9zhlQRMqu_09N7g7c,Mon Pitou Bistro & Bakery,"1387 W 7th Ave, Vancouver, BC V6H 3W5",49.2654363,-123.135785,4.3,806.0,sandwich_shop,"sandwich_shop, cafe, grocery_store, food_store, store, restaurant, food, point_of_interest, establishment",http://marchemonpitou.ca/,https://maps.google.com/?cid=13223549080610777906&g_mp=Cidnb29nbGUubWFwcy5wbGFjZXMudjEuUGxhY2VzLlNlYXJjaFRleHQQAhgEIAA,French restaurants in Mount Pleasant BC,2.0,$$,2
ChIJV44Gp5xwhlQReLLX3dYmji8,The Crab Shop,"2455 Dollarton Hwy #121, North Vancouver, BC V7H 0A2",49.3066183,-123.0085715,4.3,799.0,fish_and_chips_restaurant,"fish_and_chips_restaurant, seafood_restaurant, restaurant, food, point_of_interest, establishment",http://www.thecrabshop.ca/,https://maps.google.com/?cid=3426719070762283640&g_mp=Cidnb29nbGUubWFwcy5wbGFjZXMudjEuUGxhY2VzLlNlYXJjaFRleHQQAhgEIAA,Seafood restaurants in North Vancouver BC,2.0,$$,2
ChIJZUN78ZF3hlQRMaMY3CUoHI4,Border Burrito,"4453 Boundary Rd, Vancouver, BC V5R 2N3",49.2448369,-123.0241361,4.3,792.0,mexican_restaurant,"mexican_restaurant, restaurant, food, point_of_interest, establishment",http://borderburrito.ca/,https://maps.google.com/?cid=10240103795805168433&g_mp=Cidnb29nbGUubWFwcy5wbGFjZXMudjEuUGxhY2VzLlNlYXJjaFRleHQQAhgEIAA,Mexican restaurants in Burnaby BC,1.0,$,1
ChIJa7Ep2UB2hlQRkAIqUhYKea0,Stem Japanese Eatery,"5205 Rumble St, Burnaby, BC V5J 2B7",49.2149605,-122.9881181,4.3,787.0,japanese_restaurant,"japanese_restaurant, restaurant, food, point_of_interest, establishment",https://stemjapanese.ca/,https://maps.google.com/?cid=12500033331727565456&g_mp=Cidnb29nbGUubWFwcy5wbGFjZXMudjEuUGxhY2VzLlNlYXJjaFRleHQQAhgEIAA,Japanese restaurants in Burnaby BC,3.0,$$$,3
ChIJwa78vzVxhlQRO85JBZjLaKU,Yook Korean Grilled BBQ & Bistro (육 코리안 바베큐),"2408 Nanaimo St, Vancouver, BC V5N 5E4",49.2627649,-123.0562884,4.3,779.0,korean_barbecue_restaurant,"korean_barbecue_restaurant, bistro, barbecue_restaurant, korean_restaurant, restaurant, food, point_of_interest, establishment",http://yookkoreanbbq.com/,https://maps.google.com/?cid=11919000267620208187&g_mp=Cidnb29nbGUubWFwcy5wbGFjZXMudjEuUGxhY2VzLlNlYXJjaFRleHQQAhgEIAA,Korean restaurants in Commercial Drive BC,2.0,$$,2
ChIJlXqB0ipxhlQRwEfHTEXcC-g,Takenaka,"1370 E Georgia St, Vancouver, BC V5L 2A8",49.2784407,-123.0754898,4.3,776.0,japanese_restaurant,"japanese_restaurant, meal_takeaway, restaurant, food, point_of_interest, establishment",https://takenakavancouver.com/,https://maps.google.com/?cid=16720700231742080960&g_mp=Cidnb29nbGUubWFwcy5wbGFjZXMudjEuUGxhY2VzLlNlYXJjaFRleHQQAhgEIAA,Japanese restaurants in Commercial Drive BC,2.0,$$,2
ChIJQyTlBnpxhlQRLMp85jVQHUQ,Tocador,"2610 Main St, Vancouver, BC V5T 3G4",49.2618174,-123.1007936,4.3,772.0,restaurant,"restaurant, wine_bar, latin_american_restaurant, cocktail_bar, bar, food, point_of_interest, establishment",http://www.tocador.ca/,https://maps.google.com/?cid=4908167361334135340&g_mp=Cidnb29nbGUubWFwcy5wbGFjZXMudjEuUGxhY2VzLlNlYXJjaFRleHQQAhgEIAA,Caribbean restaurants in Downtown Vancouver BC,2.0,$$,2
ChIJqdP7EcpwhlQRm_46tq7Lt88,Afghan Turkish Cuisine,"422 Willingdon Ave, Burnaby, BC V5C 5G4",49.280625,-123.00275019999998,4.3,761.0,afghani_restaurant,"afghani_restaurant, halal_restaurant, restaurant, food, point_of_interest, establishment",http://www.afghanturkishcuisine.ca/,https://maps.google.com/?cid=14967655837831200411&g_mp=Cidnb29nbGUubWFwcy5wbGFjZXMudjEuUGxhY2VzLlNlYXJjaFRleHQQAhgEIAA,Turkish restaurants in Burnaby BC,2.0,$$,2
ChIJ7XLSAvpzhlQRWZY1PCngALY,Legendary Noodle House,"1074 Denman St, Vancouver, BC V6G 2M8",49.288466,-123.1397938,4.3,742.0,chinese_noodle_restaurant,"chinese_noodle_restaurant, dumpling_restaurant, noodle_shop, dim_sum_restaurant, cantonese_restaurant, chinese_restaurant, restaurant, food, point_of_interest, establishment",https://www.legendarynoodle.ca/,https://maps.google.com/?cid=13114728582611310169&g_mp=Cidnb29nbGUubWFwcy5wbGFjZXMudjEuUGxhY2VzLlNlYXJjaFRleHQQAhgEIAA,Chinese restaurants in Downtown Vancouver BC,1.0,$,1
ChIJB-E4Yl9xhlQRpd-EZh804dE,La Petite Cuillère,"55 Kingsway, Vancouver, BC V5T 1R9",49.2634595,-123.0997018,4.3,713.0,tea_house,"tea_house, french_restaurant, restaurant, food, point_of_interest, establishment",http://www.lapetitecuillere.ca/,https://maps.google.com/?cid=15123426333155450789&g_mp=Cidnb29nbGUubWFwcy5wbGFjZXMudjEuUGxhY2VzLlNlYXJjaFRleHQQAhgEIAA,French restaurants in Mount Pleasant BC,2.0,$$,2
ChIJ8yFgQT9xhlQR8uwcdvhHTLM,Cafe Du Soleil,"1393 Commercial Dr, Vancouver, BC V5L 3X5",49.2724149,-123.0697689,4.3,693.0,breakfast_restaurant,"breakfast_restaurant, restaurant, food, point_of_interest, establishment",https://www.cafedusoleilbistro.com/,https://maps.google.com/?cid=12919780563478179058&g_mp=Cidnb29nbGUubWFwcy5wbGFjZXMudjEuUGxhY2VzLlNlYXJjaFRleHQQAhgEIAA,French restaurants in Commercial Drive BC,1.0,$,1
ChIJO4TOPM9whlQRPaJPTs30UN4,Sfinaki Greek Taverna,"4071 Hastings St, Burnaby, BC V5C 2J1",49.2811984,-123.0147068,4.3,683.0,greek_restaurant,"greek_restaurant, restaurant, food, point_of_interest, establishment",http://www.sfinaki.ca/,https://maps.google.com/?cid=16019573037176169021&g_mp=Cidnb29nbGUubWFwcy5wbGFjZXMudjEuUGxhY2VzLlNlYXJjaFRleHQQAhgEIAA,Mediterranean restaurants in Burnaby BC,2.0,$$,2
ChIJXcL0bNFxhlQRwval1UMi4Wc,Kypriaki Mediterranean Grill,"1346 Marine Dr #106, North Vancouver, BC V7P 1T4",49.324137,-123.1119572,4.3,681.0,mediterranean_restaurant,"mediterranean_restaurant, greek_restaurant, brunch_restaurant, meal_takeaway, italian_restaurant, restaurant, food, point_of_interest, establishment",http://www.kypriaki.ca/,https://maps.google.com/?cid=7485301730409051842&g_mp=Cidnb29nbGUubWFwcy5wbGFjZXMudjEuUGxhY2VzLlNlYXJjaFRleHQQAhgEIAA,Mediterranean restaurants in North Vancouver BC,2.0,$$,2
ChIJm6vm1UdwhlQR1pnHWybt8U4,Ga Hyang Ru,"1205 Lonsdale Ave, North Vancouver, BC V7M 2H5",49.3190734,-123.0726463,4.3,675.0,korean_restaurant,"korean_restaurant, restaurant, food, point_of_interest, establishment",http://gahyangru.ca/,https://maps.google.com/?cid=5688588553349994966&g_mp=Cidnb29nbGUubWFwcy5wbGFjZXMudjEuUGxhY2VzLlNlYXJjaFRleHQQAhgEIAA,Chinese restaurants in North Vancouver BC,2.0,$$,2
ChIJ6V5lItdvhlQRHLNv35PXhFo,Cantina Norte,"3246 Connaught Crescent #108, North Vancouver, BC V7R 0A7",49.3386536,-123.1022489,4.3,664.0,mexican_restaurant,"mexican_restaurant, restaurant, food, point_of_interest, establishment",http://cantinanorte.com/,https://maps.google.com/?cid=6522575190448124700&g_mp=Cidnb29nbGUubWFwcy5wbGFjZXMudjEuUGxhY2VzLlNlYXJjaFRleHQQAhgEIAA,Mexican restaurants in North Vancouver BC,1.0,$,1
ChIJp1R4guZ1hlQRNyZH3h-m5uQ,THAI BOX RESTAURANT,"8180 Westminster Hwy, Richmond, BC V6X 1A6",49.1699278,-123.1341584,4.3,657.0,thai_restaurant,"thai_restaurant, restaurant, food, point_of_interest, establishment",https://thaiboxrestaurantbc.com/,https://maps.google.com/?cid=16494053341094422071&g_mp=Cidnb29nbGUubWFwcy5wbGFjZXMudjEuUGxhY2VzLlNlYXJjaFRleHQQAhgEIAA,Thai restaurants in Richmond BC,2.0,$$,2
ChIJu_L5cudxhlQRfMprQBqWBJU,ZUBU Ramen - Downtown,"869 Hornby St, Vancouver, BC V6Z 1T9",49.2818228,-123.1234383,4.3,655.0,japanese_restaurant,"japanese_restaurant, restaurant, food, point_of_interest, establishment",https://byzubu.com/,https://maps.google.com/?cid=10737872451052227196&g_mp=Cidnb29nbGUubWFwcy5wbGFjZXMudjEuUGxhY2VzLlNlYXJjaFRleHQQAhgEIAA,Japanese restaurants in Downtown Vancouver BC,2.0,$$,2
ChIJ8R0UFA5xhlQRK-AqKBK1kJo,Sopra Sotto Pizzeria,"4022 Hastings St, Burnaby, BC V5C 2H9",49.2809501,-123.0155658,4.3,643.0,pizza_restaurant,"pizza_restaurant, restaurant, food, point_of_interest, establishment",https://soprasotto.ca/burnaby,https://maps.google.com/?cid=11137600968075173931&g_mp=Cidnb29nbGUubWFwcy5wbGFjZXMudjEuUGxhY2VzLlNlYXJjaFRleHQQAhgEIAA,Italian restaurants in Burnaby BC,2.0,$$,2
ChIJq9wc-NZzhlQRVP_vVQAyk8o,Bistro Sakana Vancouver,"1123 Mainland St, Vancouver, BC V6B 5P2",49.2753916,-123.1211292,4.3,630.0,japanese_restaurant,"japanese_restaurant, japanese_izakaya_restaurant, sushi_restaurant, restaurant, food, point_of_interest, establishment",http://www.bistrosakana.com/,https://maps.google.com/?cid=14597065794261090132&g_mp=Cidnb29nbGUubWFwcy5wbGFjZXMudjEuUGxhY2VzLlNlYXJjaFRleHQQAhgEIAA,Japanese restaurants in Yaletown BC,2.0,$$,2
ChIJ6YgOVkdxhlQRpuZageOtYUE,Arriva Ristorante,"1537 Commercial Dr, Vancouver, BC V5L 3Y1",49.2709139,-123.06976669999996,4.3,619.0,italian_restaurant,"italian_restaurant, restaurant, food, point_of_interest, establishment",http://www.arrivarestaurant.ca/,https://maps.google.com/?cid=4711237877845649062&g_mp=Cidnb29nbGUubWFwcy5wbGFjZXMudjEuUGxhY2VzLlNlYXJjaFRleHQQAhgEIAA,Italian restaurants in Commercial Drive BC,2.0,$$,2
ChIJY00VLbRzhlQRs8vbHKdFKzg,TurF Kitsilano (KITS),"2041 W 4th Ave, Vancouver, BC V6J 1N3",49.2683255,-123.1515974,4.3,602.0,coffee_shop,"coffee_shop, fitness_center, gym, bistro, bakery, clothing_store, cafe, food_store, sports_activity_location, store, health, restaurant, food, point_of_interest, establishment",https://www.ourturf.com/,https://maps.google.com/?cid=4047405274168544179&g_mp=Cidnb29nbGUubWFwcy5wbGFjZXMudjEuUGxhY2VzLlNlYXJjaFRleHQQAhgEIAA,Vegan restaurants in Kitsilano BC,2.0,$$,2
ChIJf19vi-tzhlQRQ4fkeaIDiLc,Capo & The Spritz,"350 Davie St, Vancouver, BC V6B 1R2",49.2747185,-123.1227321,4.3,596.0,italian_restaurant,"italian_restaurant, restaurant, food, point_of_interest, establishment",https://www.capoandspritz.com/,https://maps.google.com/?cid=13224824302138066755&g_mp=Cidnb29nbGUubWFwcy5wbGFjZXMudjEuUGxhY2VzLlNlYXJjaFRleHQQAhgEIAA,Italian restaurants in Downtown Vancouver BC,2.0,$$,2
ChIJ1ZLU0y9vhlQRfaATYCu-Tjw,Ancora Waterfront Dining and Patio - Ambleside,"1351 Bellevue Ave, West Vancouver, BC V7T 0B5",49.3273295,-123.1533113,4.3,573.0,restaurant,"restaurant, wine_bar, peruvian_restaurant, sushi_restaurant, seafood_restaurant, cocktail_bar, bar, japanese_restaurant, event_venue, food, point_of_interest, establishment",https://www.ancoradining.com/,https://maps.google.com/?cid=4345619783963877501&g_mp=Cidnb29nbGUubWFwcy5wbGFjZXMudjEuUGxhY2VzLlNlYXJjaFRleHQQAhgEIAA,Peruvian restaurants in West End BC,4.0,$$$$,4
ChIJhcC3qT9xhlQRgTt9yy0HcY4,Thai Basil Restaurant,"1179 Commercial Dr, Vancouver, BC V5L 3X3",49.2741669,-123.0698276,4.3,572.0,thai_restaurant,"thai_restaurant, restaurant, food, point_of_interest, establishment",https://order.toasttab.com/online/locations/a39d704d-ed6f-49f6-b34f-b140a68a92c6/default,https://maps.google.com/?cid=10263992919022975873&g_mp=Cidnb29nbGUubWFwcy5wbGFjZXMudjEuUGxhY2VzLlNlYXJjaFRleHQQAhgEIAA,Thai restaurants in Commercial Drive BC,1.0,$,1
ChIJT5JWkelxhlQRb9HCQ3v8_f8,Steamworks Mount Pleasant,"2275 Main St, Vancouver, BC V5T 0K2",49.2649991,-123.1011871,4.3,569.0,restaurant,"restaurant, food, point_of_interest, establishment",https://steamworks.com/mount-pleasant/,https://maps.google.com/?cid=18446177255127437679&g_mp=Cidnb29nbGUubWFwcy5wbGFjZXMudjEuUGxhY2VzLlNlYXJjaFRleHQQAhgEIAA,Vegetarian restaurants in Mount Pleasant BC,2.0,$$,2
ChIJ0bxgYBBuhlQRkbRPG9JHRMo,Swad Indian Kitchen,"1734 Marine Dr, West Vancouver, BC V7V 1J3",49.3284765,-123.1610371,4.3,559.0,north_indian_restaurant,"north_indian_restaurant, indian_restaurant, restaurant, food, point_of_interest, establishment",https://swadindiankitchen.ca/,https://maps.google.com/?cid=14574853261804680337&g_mp=Cidnb29nbGUubWFwcy5wbGFjZXMudjEuUGxhY2VzLlNlYXJjaFRleHQQAhgEIAA,Indian restaurants in North Vancouver BC,2.0,$$,2
ChIJl8Rts0dxhlQR2XLMVcowXPQ,Riddim & Spice,"1945 Commercial Dr, Vancouver, BC V5N 4A8",49.2674222,-123.0698556,4.3,553.0,restaurant,"restaurant, food, point_of_interest, establishment",https://riddimspice.zomi.menu/,https://maps.google.com/?cid=17608002288692785881&g_mp=Cidnb29nbGUubWFwcy5wbGFjZXMudjEuUGxhY2VzLlNlYXJjaFRleHQQAhgEIAA,Caribbean restaurants in Downtown Vancouver BC,1.0,$,1
ChIJOY_CAWJ3hlQRFi4pBpGW5b0,Burnaby Mountain Restaurant,"7600 Halifax St, Burnaby, BC V5A 4M8",49.2648651,-122.9429365,4.3,552.0,restaurant,"restaurant, wedding_venue, event_venue, food, point_of_interest, service, establishment",https://foodburnaby.ca/restaurants/burnaby-mountain-restaurant,https://maps.google.com/?cid=13683508592452906518&g_mp=Cidnb29nbGUubWFwcy5wbGFjZXMudjEuUGxhY2VzLlNlYXJjaFRleHQQAhgEIAA,Caribbean restaurants in Burnaby BC,2.0,$$,2
ChIJ2Zo1VR51hlQRkXPUOnCKsw0,Chef Tian's,"4711 McClelland Rd #1010, Richmond, BC V6X 1C3",49.1786535,-123.1216154,4.3,546.0,chinese_restaurant,"chinese_restaurant, restaurant, food, point_of_interest, establishment",https://www.cheftiansrestaurant.com/ca/home-ca,https://maps.google.com/?cid=987284957952242577&g_mp=Cidnb29nbGUubWFwcy5wbGFjZXMudjEuUGxhY2VzLlNlYXJjaFRleHQQAhgEIAA,Chinese restaurants in Richmond BC,2.0,$$,2
ChIJm256IG5zhlQRBbAxfDdcFdM,Babylon Restaurant & Bar,"1162 Denman St, Vancouver, BC V6G 2M9",49.2876346,-123.14100149999996,4.3,510.0,mediterranean_restaurant,"mediterranean_restaurant, restaurant, food, point_of_interest, establishment",https://www.babylon-restaurant.ca/,https://maps.google.com/?cid=15210164709890306053&g_mp=Cidnb29nbGUubWFwcy5wbGFjZXMudjEuUGxhY2VzLlNlYXJjaFRleHQQAhgEIAA,Mediterranean restaurants in Gastown BC,2.0,$$,2
ChIJy0vgKUJxhlQRZUjRPtW4tJM,Dan Dan Noodle,"836 Denman St, Vancouver, BC V6G 2L8",49.2909605,-123.1360251,4.3,510.0,chinese_restaurant,"noodle_shop, chinese_restaurant, restaurant, food, point_of_interest, establishment",,https://maps.google.com/?cid=10643335045404772453&g_mp=Cidnb29nbGUubWFwcy5wbGFjZXMudjEuUGxhY2VzLlNlYXJjaFRleHQQAhgEIAA,Chinese restaurants in West End BC,2.0,$$,2
ChIJSUTFKtdzhlQRJkhDS0tv2bw,Ki Isu Japanese Restaurant,"1275 Pacific Blvd, Vancouver, BC V6Z 2R6",49.2737082,-123.1234654,4.3,506.0,japanese_restaurant,"japanese_restaurant, sushi_restaurant, restaurant, food, point_of_interest, establishment",http://www.kiisu.ca/,https://maps.google.com/?cid=13608030118252595238&g_mp=Cidnb29nbGUubWFwcy5wbGFjZXMudjEuUGxhY2VzLlNlYXJjaFRleHQQAhgEIAA,Japanese restaurants in Yaletown BC,2.0,$$,2
ChIJCYQyqCtxhlQREqhtqpfP_Y4,Bread x Butter Cafe Downtown,"925 W Georgia St #140, Vancouver, BC V6C 3L2",49.2841412,-123.1199368,4.3,505.0,brunch_restaurant,"brunch_restaurant, catering_service, food_delivery, restaurant, food, service, point_of_interest, establishment",http://breadxbuttercafe.com/,https://maps.google.com/?cid=10303619772799887378&g_mp=Cidnb29nbGUubWFwcy5wbGFjZXMudjEuUGxhY2VzLlNlYXJjaFRleHQQAhgEIAA,Vegan restaurants in Downtown Vancouver BC,2.0,$$,2
ChIJJZFm0PtzhlQRg1ty-K6LJ9s,The Italians,"1220 Bute St, Vancouver, BC V6E 1Z8",49.2814805,-123.1336165,4.3,496.0,italian_restaurant,"italian_restaurant, restaurant, food, point_of_interest, establishment",http://theitaliansrestaurant.com/,https://maps.google.com/?cid=15791744202006748035&g_mp=Cidnb29nbGUubWFwcy5wbGFjZXMudjEuUGxhY2VzLlNlYXJjaFRleHQQAhgEIAA,Italian restaurants in Kitsilano BC,2.0,$$,2
ChIJJ2FL1OtzhlQRfl7QqYXcCWU,Hachibei,"778 W 16th Ave, Vancouver, BC V5Z 4L5",49.2568467,-123.1215199,4.3,490.0,japanese_restaurant,"japanese_restaurant, sushi_restaurant, restaurant, food, point_of_interest, establishment",https://hachibei.zomi.menu/,https://maps.google.com/?cid=7280592739258883710&g_mp=Cidnb29nbGUubWFwcy5wbGFjZXMudjEuUGxhY2VzLlNlYXJjaFRleHQQAhgEIAA,Japanese restaurants in Mount Pleasant BC,2.0,$$,2
ChIJFbxCNQBzhlQR-YAifLwaq3U,Toyokan Bowl,"1898 W 1st Ave #2F, Vancouver, BC V6J 4W2",49.2705445,-123.1477321,4.3,415.0,japanese_restaurant,"japanese_restaurant, restaurant, food, point_of_interest, establishment",https://toyokan.ca/,https://maps.google.com/?cid=8478900120293900537&g_mp=Cidnb29nbGUubWFwcy5wbGFjZXMudjEuUGxhY2VzLlNlYXJjaFRleHQQAhgEIAA,Japanese restaurants in Kitsilano BC,2.0,$$,2
ChIJ10NYpGd1hlQREUmhrYuXMrI,Daimanya,"4160 Number 3 Rd #150, Richmond, BC V6X 2C2",49.1835511,-123.1353477,4.3,415.0,japanese_restaurant,"japanese_restaurant, restaurant, food, point_of_interest, establishment",https://meetoyster150.wixsite.com/daimanya,https://maps.google.com/?cid=12840492113755982097&g_mp=Cidnb29nbGUubWFwcy5wbGFjZXMudjEuUGxhY2VzLlNlYXJjaFRleHQQAhgEIAA,Japanese restaurants in Richmond BC,2.0,$$,2
ChIJLx9bIoELhlQR3AFBx62NCYo,BASHA Richmond Centre,"6551 Number 3 Rd #2400, Richmond, BC V6Y 4A8",49.167147,-123.13927239999998,4.3,393.0,lebanese_restaurant,"lebanese_restaurant, restaurant, food, point_of_interest, establishment",,https://maps.google.com/?cid=9946637029536235996&g_mp=Cidnb29nbGUubWFwcy5wbGFjZXMudjEuUGxhY2VzLlNlYXJjaFRleHQQAhgEIAA,Mediterranean restaurants in Richmond BC,2.0,$$,2
ChIJr8N_h0dwhlQRp0VkmkGZRuU,Tamarind Hill,"1440 Lonsdale Ave, North Vancouver, BC V7M 2J1",49.321713,-123.072129,4.3,386.0,malaysian_restaurant,"malaysian_restaurant, meal_takeaway, restaurant, food, point_of_interest, establishment",https://tamarindhillrestaurant.com/?utm_source=google&utm_medium=maps&utm_campaign=website,https://maps.google.com/?cid=16521060790097429927&g_mp=Cidnb29nbGUubWFwcy5wbGFjZXMudjEuUGxhY2VzLlNlYXJjaFRleHQQAhgEIAA,Thai restaurants in North Vancouver BC,2.0,$$,2
ChIJFdjZlwDhhVQRFQFiz8BAbqA,Best Bite Indian Cuisine Restaurant,"3891 Chatham St #10, Richmond, BC V7E 2Z6",49.12669040000001,-123.1824531,4.3,380.0,indian_restaurant,"indian_restaurant, meal_takeaway, restaurant, food, point_of_interest, establishment",https://www.bestbiteindiancuisine.ca/,https://maps.google.com/?cid=11560248490363846933&g_mp=Cidnb29nbGUubWFwcy5wbGFjZXMudjEuUGxhY2VzLlNlYXJjaFRleHQQAhgEIAA,Indian restaurants in Richmond BC,2.0,$$,2
ChIJW2Y4KwBxhlQRQ04BWqwQckc,El Comal Downtown,"586 Hornby St, Vancouver, BC V6C 2E8",49.2850164,-123.1179764,4.3,376.0,mexican_restaurant,"mexican_restaurant, bed_and_breakfast, catering_service, food_delivery, event_venue, bar, lodging, restaurant, food, point_of_interest, service, establishment",http://www.elcomal.ca/,https://maps.google.com/?cid=5148195656468352579&g_mp=Cidnb29nbGUubWFwcy5wbGFjZXMudjEuUGxhY2VzLlNlYXJjaFRleHQQAhgEIAA,Mexican restaurants in Downtown Vancouver BC,1.0,$,1
ChIJFVEAOp13hlQRVahTC84FDa8,El Comal,"7650 Winston St, Burnaby, BC V5A 2H4",49.2478439,-122.9401713,4.3,349.0,mexican_restaurant,"mexican_restaurant, food_store, store, restaurant, food, point_of_interest, establishment",https://mymenuweb.com/int/restaurants/2007656/?utm_source=google_profile&utm_medium=google_profile&utm_campaign=admin,https://maps.google.com/?cid=12613744513846061141&g_mp=Cidnb29nbGUubWFwcy5wbGFjZXMudjEuUGxhY2VzLlNlYXJjaFRleHQQAhgEIAA,Mexican restaurants in Burnaby BC,1.0,$,1
ChIJhVvqkdRzhlQRJG5LM8r9zLc,Twins Chinese Kitchen,"917 Davie St, Vancouver, BC V6Z 2E9",49.2787832,-123.1282499,4.3,348.0,chinese_restaurant,"chinese_restaurant, restaurant, food, point_of_interest, establishment",https://twinschinese.zomi.menu/,https://maps.google.com/?cid=13244239649075588644&g_mp=Cidnb29nbGUubWFwcy5wbGFjZXMudjEuUGxhY2VzLlNlYXJjaFRleHQQAhgEIAA,Chinese restaurants in Downtown Vancouver BC,1.0,$,1
ChIJmSFIln11hlQR4VRBtgAs4Hg,Elysium Korean Bistro and Restaurant,"8400 Alexandra Rd #100, Richmond, BC V6X 1C3",49.1777208,-123.1306689,4.3,343.0,korean_restaurant,"korean_restaurant, restaurant, food, point_of_interest, establishment",https://elysiumkorean.zomi.menu/,https://maps.google.com/?cid=8710010060903896289&g_mp=Cidnb29nbGUubWFwcy5wbGFjZXMudjEuUGxhY2VzLlNlYXJjaFRleHQQAhgEIAA,Korean restaurants in Richmond BC,2.0,$$,2
ChIJZYeELNNxhlQRUH488Bgq9MA,Tequila Lounge Vancouver,"136 W Cordova St, Vancouver, BC V6B 2N3",49.2830296,-123.1081899,4.3,309.0,mexican_restaurant,"mexican_restaurant, restaurant, food, point_of_interest, establishment",https://www.tequilaloungevancouver.com/,https://maps.google.com/?cid=13903784236197641808&g_mp=Cidnb29nbGUubWFwcy5wbGFjZXMudjEuUGxhY2VzLlNlYXJjaFRleHQQAhgEIAA,Mexican restaurants in Downtown Vancouver BC,1.0,$,1
ChIJEdgLCNdzhlQRi5LkuYIevCo,Freshbowl,"1128 Pacific Blvd, Vancouver, BC V6Z 2X7",49.2742186,-123.1199149,4.3,304.0,restaurant,"restaurant, food, point_of_interest, establishment",http://www.freshbowl.ca/,https://maps.google.com/?cid=3079369792027923083&g_mp=Cidnb29nbGUubWFwcy5wbGFjZXMudjEuUGxhY2VzLlNlYXJjaFRleHQQAhgEIAA,Vegetarian restaurants in Yaletown BC,1.0,$,1
ChIJZ129AWR1hlQRAWn0axCYCIA,NamSan Korean Cuisine,"8580 Alexandra Rd Unit 1085, Richmond, BC V6X 1C3",49.1776986,-123.1276122,4.3,272.0,korean_restaurant,"korean_restaurant, restaurant, food, point_of_interest, establishment",https://namsanrmd.zomi.menu/,https://maps.google.com/?cid=9225791032966539521&g_mp=Cidnb29nbGUubWFwcy5wbGFjZXMudjEuUGxhY2VzLlNlYXJjaFRleHQQAhgEIAA,Korean restaurants in Richmond BC,2.0,$$,2
ChIJI59_0VVxhlQR29Ta3m7w9WY,Quesada Burritos & Tacos,"2770 Valley Centre Ave, North Vancouver, BC V7J 1S1",49.3336847,-123.0404729,4.3,249.0,mexican_restaurant,"mexican_restaurant, tex_mex_restaurant, burrito_restaurant, american_restaurant, restaurant, food, point_of_interest, establishment",http://www.quesada.ca/,https://maps.google.com/?cid=7419100320138712283&g_mp=Cidnb29nbGUubWFwcy5wbGFjZXMudjEuUGxhY2VzLlNlYXJjaFRleHQQAhgEIAA,Mexican restaurants in North Vancouver BC,1.0,$,1
ChIJMXcOBph3hlQRMwBboihrm84,Dahlak Restaurant,"7868 Edmonds St, Burnaby, BC V3N 1B8",49.225745,-122.9376361,4.3,211.0,ethiopian_restaurant,"ethiopian_restaurant, hookah_bar, restaurant, food, point_of_interest, establishment",https://dahlakrestaurant.zomi.menu/,https://maps.google.com/?cid=14887610815470043187&g_mp=Cidnb29nbGUubWFwcy5wbGFjZXMudjEuUGxhY2VzLlNlYXJjaFRleHQQAhgEIAA,Ethiopian restaurants in Yaletown BC,1.0,$,1
ChIJBYdHMfJzhlQR95BCI7YwfkI,The Pleasant,"2434 Main St, Vancouver, BC V5T 3E2",49.2633569,-123.1007219,4.3,206.0,restaurant,"restaurant, food, point_of_interest, establishment",https://thepleasant.ca/,https://maps.google.com/?cid=4791320612402532599&g_mp=Cidnb29nbGUubWFwcy5wbGFjZXMudjEuUGxhY2VzLlNlYXJjaFRleHQQAhgEIAA,Spanish restaurants in Mount Pleasant BC,2.0,$$,2
ChIJA1p-FjxxhlQRboZPz2NQR_g,Rollzzy,"2247 Commercial Dr, Vancouver, BC V5N 4B6",49.2644117,-123.0700172,4.3,186.0,indian_restaurant,"indian_restaurant, restaurant, food, point_of_interest, establishment",https://www.rollzzy.com/,https://maps.google.com/?cid=17890356434362664558&g_mp=Cidnb29nbGUubWFwcy5wbGFjZXMudjEuUGxhY2VzLlNlYXJjaFRleHQQAhgEIAA,Indian restaurants in Commercial Drive BC,2.0,$$,2
ChIJ9TXHoN11hlQRlTgq2eYrfac,The Shellfish Shack,"8580 Alexandra Rd #1100, Richmond, BC V6X 4K6",49.1774571,-123.1274194,4.3,181.0,seafood_restaurant,"seafood_restaurant, oyster_bar_restaurant, restaurant, food, point_of_interest, establishment",https://www.zomi.menu/shop/shellfishshack,https://maps.google.com/?cid=12068850846908692629&g_mp=Cidnb29nbGUubWFwcy5wbGFjZXMudjEuUGxhY2VzLlNlYXJjaFRleHQQAhgEIAA,Seafood restaurants in Richmond BC,2.0,$$,2
ChIJGa3YCRpuhlQREZ8kUl_nJmU,The Anchor Eatery,"1520 Marine Dr, West Vancouver, BC V7V 1H8",49.328262,-123.157282,4.3,179.0,juice_shop,"juice_shop, restaurant, food, point_of_interest, establishment",http://anchoreatery.com/,https://maps.google.com/?cid=7288767443531767569&g_mp=Cidnb29nbGUubWFwcy5wbGFjZXMudjEuUGxhY2VzLlNlYXJjaFRleHQQAhgEIAA,Vegetarian restaurants in West End BC,2.0,$$,2
ChIJBQ6rdxVzhlQRnj8LJPPX-6Q,Desi Dosa Madras Granville,"1039 Granville St, Vancouver, BC V6Z 1L4",49.2789185,-123.1238055,4.3,175.0,south_indian_restaurant,"south_indian_restaurant, north_indian_restaurant, indian_restaurant, meal_takeaway, restaurant, food, point_of_interest, establishment",https://www.desidosamadras.ca/,https://maps.google.com/?cid=11888333080656297886&g_mp=Cidnb29nbGUubWFwcy5wbGFjZXMudjEuUGxhY2VzLlNlYXJjaFRleHQQAhgEIAA,Indian restaurants in Downtown Vancouver BC,2.0,$$,2
ChIJHbtfCQBzhlQRc0AWxbnvpB0,Fred’s West 4th Kitsilano,"1873 W 4th Ave, Kitsilano, BC V6J 1M4",49.26827420000001,-123.1472529,4.3,159.0,italian_restaurant,"italian_restaurant, restaurant, food, point_of_interest, establishment",https://www.fredsrestaurant.com/,https://maps.google.com/?cid=2136095704435015795&g_mp=Cidnb29nbGUubWFwcy5wbGFjZXMudjEuUGxhY2VzLlNlYXJjaFRleHQQAhgEIAA,Italian restaurants in Kitsilano BC,2.0,$$,2
ChIJBZioOQxxhlQRtwINmJUu4mw,KIN'S FOOD & BISTRO,"792 Denman St, Vancouver, BC V6G 2L5",49.2915178,-123.1350331,4.3,149.0,chinese_restaurant,"chinese_restaurant, dim_sum_restaurant, fine_dining_restaurant, asian_restaurant, cantonese_restaurant, cafe, restaurant, food, point_of_interest, establishment",https://www.instagram.com/kinsfoodandbistro/,https://maps.google.com/?cid=7845884720868819639&g_mp=Cidnb29nbGUubWFwcy5wbGFjZXMudjEuUGxhY2VzLlNlYXJjaFRleHQQAhgEIAA,Chinese restaurants in West End BC,2.0,$$,2
ChIJ3eBabtdzhlQRGlvqoQg7tUQ,The Wine Bar at Provence Marinaside,"1167 Marinaside Crescent, Vancouver, BC V6Z 2Z1",49.2733585,-123.1196179,4.3,118.0,restaurant,"restaurant, lounge_bar, night_club, bar, food, point_of_interest, establishment",https://www.provencemarinaside.ca/,https://maps.google.com/?cid=4950928273625996058&g_mp=Cidnb29nbGUubWFwcy5wbGFjZXMudjEuUGxhY2VzLlNlYXJjaFRleHQQAhgEIAA,Seafood restaurants in Yaletown BC,2.0,$$,2
ChIJK4_fbgBxhlQRRWR9kkPj7lo,Doña Vicky,"428 Carrall St, Vancouver, BC V6B 2J7",49.2810337,-123.1041914,4.3,113.0,restaurant,"restaurant, mexican_restaurant, food, point_of_interest, establishment",https://donavickymexicanfoodbc.com/,https://maps.google.com/?cid=6552424387230655557&g_mp=Cidnb29nbGUubWFwcy5wbGFjZXMudjEuUGxhY2VzLlNlYXJjaFRleHQQAhgEIAA,Mexican restaurants in Downtown Vancouver BC,2.0,$$,2
ChIJ9wDRdmtxhlQRhKMn6EiHIVE,Kim House,"505 W Pender St, Vancouver, BC V6B 1V5",49.2835922,-123.1128606,4.3,100.0,asian_fusion_restaurant,"asian_fusion_restaurant, asian_restaurant, fusion_restaurant, restaurant, food, point_of_interest, establishment",,https://maps.google.com/?cid=5846102538505921412&g_mp=Cidnb29nbGUubWFwcy5wbGFjZXMudjEuUGxhY2VzLlNlYXJjaFRleHQQAhgEIAA,Chinese restaurants in Gastown BC,2.0,$$,2
ChIJZ-4TFgBzhlQRixeRnQhc7cQ,Emerald Dragon - Irish Style Chinese Food,"GO TO THE GREEN DOORS AT THE BACK OF, THE BUILDING, 1780 W 3rd Ave, Vancouver, BC V6J 1K4",49.2687123,-123.1451282,4.3,96.0,chinese_restaurant,"chinese_restaurant, restaurant, food, point_of_interest, establishment",https://www.ubereats.com/store/emerald-dragon/FG2QTZkMVku_13qJxqMfTQ?diningMode=DELIVERY&fbclid=PAY2xjawGWWXtleHRuA2FlbQIxMQABpmni-GnvOoGtwUd2hnHBamFY3Mx2RCSkdw6kpEfFaCyFnfFLvY98Rf69UQ_aem_FtcsTXaf-wM4nZBCoxfYiw,https://maps.google.com/?cid=14190099192987326347&g_mp=Cidnb29nbGUubWFwcy5wbGFjZXMudjEuUGxhY2VzLlNlYXJjaFRleHQQAhgEIAA,Chinese restaurants in Mount Pleasant BC,2.0,$$,2
ChIJl6YmnkjQhVQRgrdmSOlakHg,Patricia's Catering,"20381 62 Ave Unit 301, Langley, BC V3A 5E, Langley, BC V3A 5E6",49.115926300000005,-122.6582866,4.3,46.0,restaurant,"restaurant, caribbean_restaurant, food, point_of_interest, establishment",,https://maps.google.com/?cid=8687543639186257794&g_mp=Cidnb29nbGUubWFwcy5wbGFjZXMudjEuUGxhY2VzLlNlYXJjaFRleHQQAhgEIAA,Caribbean restaurants in Mount Pleasant BC,2.0,$$,2
ChIJyYZrV4BxhlQRZaraLovhRnY,Tokyo Wagyu Works,"123 Carrie Cates Ct #128, North Vancouver, BC V7M 3K7",49.3104188,-123.0817669,4.3,46.0,japanese_restaurant,"japanese_restaurant, restaurant, food, point_of_interest, establishment",http://tokyo-wagyu-works.square.site/,https://maps.google.com/?cid=8522747332748028517&g_mp=Cidnb29nbGUubWFwcy5wbGFjZXMudjEuUGxhY2VzLlNlYXJjaFRleHQQAhgEIAA,Japanese restaurants in North Vancouver BC,2.0,$$,2
ChIJ2TeJKthxhlQR8KneP6znfCE,Heritage Asian Eatery (Lonsdale Quay),"123 Carrie Cates Ct, North Vancouver, BC V7M 2E4",49.310127400000006,-123.0819261,4.3,42.0,asian_restaurant,"asian_restaurant, restaurant, food, point_of_interest, establishment",https://heritageasianeatery.com/,https://maps.google.com/?cid=2413058227355691504&g_mp=Cidnb29nbGUubWFwcy5wbGFjZXMudjEuUGxhY2VzLlNlYXJjaFRleHQQAhgEIAA,Chinese restaurants in North Vancouver BC,1.0,$,1
ChIJX-pwDRfghVQRV6b99lQc4yU,Taste of Zen,"9160 Steveston Hwy, Richmond, BC V7A 1M5",49.1333049,-123.1235427,4.3,30.0,vegetarian_restaurant,"vegetarian_restaurant, restaurant, food, point_of_interest, establishment",http://www.buddhisttemple.ca/services/taste-of-zen,https://maps.google.com/?cid=2730056950363301463&g_mp=Cidnb29nbGUubWFwcy5wbGFjZXMudjEuUGxhY2VzLlNlYXJjaFRleHQQAhgEIAA,Vegetarian restaurants in Richmond BC,2.0,$$,2
ChIJsxzBrFx2hlQRgcWfYg58Se4,La Forêt Jubilee,"6848 Jubilee Ave, Burnaby, BC V5J 4B3",49.221404,-122.9953749,4.2,6787.0,cafe,"cafe, dessert_restaurant, brunch_restaurant, bakery, food_store, store, restaurant, food, point_of_interest, establishment",http://www.cafelaforet.com/,https://maps.google.com/?cid=17170391455552750977&g_mp=Cidnb29nbGUubWFwcy5wbGFjZXMudjEuUGxhY2VzLlNlYXJjaFRleHQQAhgEIAA,French restaurants in Burnaby BC,2.0,$$,2
ChIJrS9gRStyhlQRH906N6at-tE,Cazba Restaurant,"1103 Davie St, Vancouver, BC V6E 1N2",49.280678,-123.1311,4.2,2673.0,persian_restaurant,"persian_restaurant, restaurant, food, point_of_interest, establishment",http://cazbarestaurant.com/,https://maps.google.com/?cid=15130596827507383583&g_mp=Cidnb29nbGUubWFwcy5wbGFjZXMudjEuUGxhY2VzLlNlYXJjaFRleHQQAhgEIAA,Turkish restaurants in Downtown Vancouver BC,2.0,$$,2
ChIJk-LbCm7YhVQRPk-sOcdBsng,El Santo,"680 Columbia St, New Westminster, BC V3M 0E3",49.2020966,-122.9095794,4.2,2581.0,mexican_restaurant,"mexican_restaurant, restaurant, food, point_of_interest, establishment",http://www.elsanto.ca/,https://maps.google.com/?cid=8697086154327740222&g_mp=Cidnb29nbGUubWFwcy5wbGFjZXMudjEuUGxhY2VzLlNlYXJjaFRleHQQAhgEIAA,Mexican restaurants in Burnaby BC,2.0,$$,2
ChIJ1QxQ7MJxhlQRj0-xY00Wgo0,Shishlik Grill House,"1629 Lonsdale Ave, North Vancouver, BC V7M 2J5",49.3236739,-123.072535,4.2,2354.0,persian_restaurant,"persian_restaurant, restaurant, food, point_of_interest, establishment",https://shishlikgrillhouse.square.site/home,https://maps.google.com/?cid=10196737027961081743&g_mp=Cidnb29nbGUubWFwcy5wbGFjZXMudjEuUGxhY2VzLlNlYXJjaFRleHQQAhgEIAA,Mediterranean restaurants in North Vancouver BC,2.0,$$,2
ChIJgQVLE9ZzhlQR1RvvVMTM9HM,The Parlour,"1011 Hamilton St, Vancouver, BC V6B 5T4",49.2767724,-123.12029199999998,4.2,2274.0,restaurant,"restaurant, pizza_delivery, brunch_restaurant, meal_delivery, food_delivery, vegetarian_restaurant, pizza_restaurant, italian_restaurant, lounge_bar, night_club, bar, meal_takeaway, food, point_of_interest, establishment",https://www.theparlourrestaurants.com/,https://maps.google.com/?cid=8355528352289725397&g_mp=Cidnb29nbGUubWFwcy5wbGFjZXMudjEuUGxhY2VzLlNlYXJjaFRleHQQAhgEIAA,Italian restaurants in Yaletown BC,2.0,$$,2
ChIJu4OUMLRzhlQRXVFH4Xotj2k,Sophie's Cosmic Cafe,"2095 W 4th Ave, Vancouver, BC V6J 1M7",49.2683037,-123.152581,4.2,2020.0,restaurant,"restaurant, breakfast_restaurant, coffee_shop, diner, cafe, food_store, store, food, point_of_interest, establishment",http://www.sophiescosmiccafe.com/,https://maps.google.com/?cid=7606348301440864605&g_mp=Cidnb29nbGUubWFwcy5wbGFjZXMudjEuUGxhY2VzLlNlYXJjaFRleHQQAhgEIAA,Brazilian restaurants in Kitsilano BC,2.0,$$,2
ChIJAQDwP9ZzhlQRSFSw-o6-Wck,Tacofino Yaletown,"1025 Mainland St, Vancouver, BC V6B 2R9",49.2764632,-123.1195495,4.2,1977.0,burrito_restaurant,"burrito_restaurant, taco_restaurant, restaurant, food, point_of_interest, establishment",http://tacofino.com/,https://maps.google.com/?cid=14508837195851256904&g_mp=Cidnb29nbGUubWFwcy5wbGFjZXMudjEuUGxhY2VzLlNlYXJjaFRleHQQAhgEIAA,Mexican restaurants in Yaletown BC,2.0,$$,2
ChIJ28IuM3hxhlQRJGgeE-4_z58,Water St. Café,"300 Water St, Vancouver, BC V6B 1B6",49.2841111,-123.1091139,4.2,1956.0,restaurant,"italian_restaurant, restaurant, food, point_of_interest, establishment",http://www.waterstreetcafe.ca/,https://maps.google.com/?cid=11515493063965173796&g_mp=Cidnb29nbGUubWFwcy5wbGFjZXMudjEuUGxhY2VzLlNlYXJjaFRleHQQAhgEIAA,Vegetarian restaurants in Downtown Vancouver BC,2.0,$$,2
ChIJw7XYdQB3hlQR5vbRjjbgb9c,Cantaritos Mexican Grill,"3823 Kingsway, Burnaby, BC V5H 1Y5",49.2329778,-123.0192942,4.2,1890.0,mexican_restaurant,"mexican_restaurant, restaurant, food, point_of_interest, establishment",https://www.cantaritosgrill.com/,https://maps.google.com/?cid=15523872965498369766&g_mp=Cidnb29nbGUubWFwcy5wbGFjZXMudjEuUGxhY2VzLlNlYXJjaFRleHQQAhgEIAA,Mexican restaurants in Burnaby BC,1.0,$,1
ChIJM8Hv_950hlQR3nNMpYlC_-I,Italian Tomato Restaurant,"8380 Bridgeport Rd, Richmond, BC V6X 3C7",49.1916698,-123.1310365,4.2,1839.0,italian_restaurant,"italian_restaurant, restaurant, food, point_of_interest, establishment",https://italiantomato.ca/,https://maps.google.com/?cid=16356865530584134622&g_mp=Cidnb29nbGUubWFwcy5wbGFjZXMudjEuUGxhY2VzLlNlYXJjaFRleHQQAhgEIAA,Italian restaurants in Richmond BC,2.0,$$,2
ChIJne5yIJF2hlQR--ivmQJAexw,Jambo Grill - East African & Indian Fusion,"3219 Kingsway, Vancouver, BC V5R 5K3",49.2349794,-123.03713329999998,4.2,1822.0,fusion_restaurant,"fusion_restaurant, family_restaurant, bar_and_grill, brunch_restaurant, catering_service, meal_delivery, food_delivery, indian_restaurant, bar, meal_takeaway, restaurant, food, point_of_interest, service, establishment",http://www.jambogrill.ca/,https://maps.google.com/?cid=2052304435109947643&g_mp=Cidnb29nbGUubWFwcy5wbGFjZXMudjEuUGxhY2VzLlNlYXJjaFRleHQQAhgEIAA,Caribbean restaurants in Mount Pleasant BC,2.0,$$,2
ChIJd99HyMN3hlQRBfE5NTX7KT0,Indian Bombay Bistro - Burnaby's Best Indian Food,"7558 6th St, Burnaby, BC V3N 3M3",49.2231648,-122.9326067,4.2,1716.0,indian_restaurant,"indian_restaurant, catering_service, food_delivery, vegan_restaurant, vegetarian_restaurant, bar, restaurant, food, point_of_interest, service, establishment",https://www.indianbombaybistro.com/,https://maps.google.com/?cid=4407329916303569157&g_mp=Cidnb29nbGUubWFwcy5wbGFjZXMudjEuUGxhY2VzLlNlYXJjaFRleHQQAhgEIAA,Indian restaurants in Burnaby BC,2.0,$$,2
ChIJk00Zh39xhlQRjRnoDJVznSQ,Bellaggio Cafe,"773 Hornby St, Vancouver, BC V6Z 1S4",49.282985,-123.1215366,4.2,1697.0,italian_restaurant,"italian_restaurant, breakfast_restaurant, pizza_restaurant, restaurant, food, point_of_interest, establishment",http://bellaggio.cafe/,https://maps.google.com/?cid=2638392040712837517&g_mp=Cidnb29nbGUubWFwcy5wbGFjZXMudjEuUGxhY2VzLlNlYXJjaFRleHQQAhgEIAA,Italian restaurants in Downtown Vancouver BC,2.0,$$,2
ChIJr_sx1X9xhlQRp4tzpU6COLo,Cavo Bar+Kitchen,"911 Granville St, Vancouver, BC V6Z 1A6",49.280241,-123.1218722,4.2,1561.0,bar_and_grill,"bar_and_grill, bar, restaurant, food, point_of_interest, establishment",http://cavobar.ca/,https://maps.google.com/?cid=13418618364045265831&g_mp=Cidnb29nbGUubWFwcy5wbGFjZXMudjEuUGxhY2VzLlNlYXJjaFRleHQQAhgEIAA,Caribbean restaurants in Downtown Vancouver BC,2.0,$$,2
ChIJBxvEovF3hlQRJjHY6VJAx9Y,The Viet Noodle Guy,"1902 Rosser Ave, Burnaby, BC V5C 0E3",49.2672119,-123.0057306,4.2,1548.0,vietnamese_restaurant,"vietnamese_restaurant, restaurant, food, point_of_interest, establishment",http://www.thevietnoodleguy.ca/,https://maps.google.com/?cid=15476409369336754470&g_mp=Cidnb29nbGUubWFwcy5wbGFjZXMudjEuUGxhY2VzLlNlYXJjaFRleHQQAhgEIAA,Vietnamese restaurants in Burnaby BC,2.0,$$,2
ChIJqYIGTy9yhlQRuS6kHx4pVKM,Hook Restaurant,"1210 Denman St, Vancouver, BC V6G 2N2",49.2868665,-123.14193749999998,4.2,1415.0,seafood_restaurant,"seafood_restaurant, oyster_bar_restaurant, cocktail_bar, bar, restaurant, food, point_of_interest, establishment",http://www.hookrestaurant.ca/,https://maps.google.com/?cid=11769076935582559929&g_mp=Cidnb29nbGUubWFwcy5wbGFjZXMudjEuUGxhY2VzLlNlYXJjaFRleHQQAhgEIAA,Seafood restaurants in Downtown Vancouver BC,3.0,$$$,3
ChIJNYron0hxhlQR4_hIEOCq-L8,Harambe Ethiopian Restaurant,"2149 Commercial Dr, Vancouver, BC V5N 4B3",49.2655556,-123.07,4.2,1369.0,ethiopian_restaurant,"ethiopian_restaurant, bar_and_grill, bar, cafe, restaurant, food, point_of_interest, establishment",https://haramberestaurant.zomi.menu/,https://maps.google.com/?cid=13832994134791092451&g_mp=Cidnb29nbGUubWFwcy5wbGFjZXMudjEuUGxhY2VzLlNlYXJjaFRleHQQAhgEIAA,Ethiopian restaurants in Downtown Vancouver BC,2.0,$$,2
ChIJA4UmUSFxhlQR7HaNyRWpQy0,Kosoo Korean Chicken & BBQ - Robson Location,"1128 Robson St, Vancouver, BC V6E 1B2",49.2850053,-123.12587209999998,4.2,1359.0,korean_restaurant,"korean_restaurant, korean_barbecue_restaurant, chicken_restaurant, restaurant, food, point_of_interest, establishment",http://kosoo.ca/,https://maps.google.com/?cid=3261636466187269868&g_mp=Cidnb29nbGUubWFwcy5wbGFjZXMudjEuUGxhY2VzLlNlYXJjaFRleHQQAhgEIAA,Korean restaurants in Downtown Vancouver BC,2.0,$$,2
ChIJQboZZXBxhlQRhpqHCR2PcF8,Jade Dynasty Restaurant,"137 E Pender St, Vancouver, BC V6A 1T6",49.280523,-123.100982,4.2,1349.0,dim_sum_restaurant,"dim_sum_restaurant, cantonese_restaurant, chinese_restaurant, restaurant, food, point_of_interest, establishment",https://jadedynasty.ca/,https://maps.google.com/?cid=6877153985871452806&g_mp=Cidnb29nbGUubWFwcy5wbGFjZXMudjEuUGxhY2VzLlNlYXJjaFRleHQQAhgEIAA,Chinese restaurants in Downtown Vancouver BC,2.0,$$,2
ChIJWYhA0lN3hlQRMpLJP73mOX4,Neptune Palace Seafood Restaurant (Brentwood Mall),"4525 Lougheed Hwy. #2307, Burnaby, BC V5C 0K6",49.26684480000001,-123.0015458,4.2,1338.0,chinese_restaurant,"chinese_restaurant, dim_sum_restaurant, cantonese_restaurant, seafood_restaurant, restaurant, food, point_of_interest, establishment",https://www.neptunepalacerestaurant.ca/,https://maps.google.com/?cid=9095554622944809522&g_mp=Cidnb29nbGUubWFwcy5wbGFjZXMudjEuUGxhY2VzLlNlYXJjaFRleHQQAhgEIAA,Seafood restaurants in Burnaby BC,2.0,$$,2
ChIJ6YbxflxzhlQRFMibzsZ_vsI,Alimentaria Mexicana,"1596 Johnston St, Vancouver, BC V6H 3R9",49.27171690000001,-123.13497699999998,4.2,1326.0,mexican_restaurant,"mexican_restaurant, coffee_shop, cafe, food_store, store, restaurant, food, point_of_interest, establishment",https://www.alimentariamexicana.com/,https://maps.google.com/?cid=14032793980779612180&g_mp=Cidnb29nbGUubWFwcy5wbGFjZXMudjEuUGxhY2VzLlNlYXJjaFRleHQQAhgEIAA,Mexican restaurants in Yaletown BC,1.0,$,1
ChIJD6OOP9ZzhlQRtZ51tB6locg,WestOak,"1035 Mainland St, Vancouver, BC V6B 5P9",49.2764678,-123.119667,4.2,1319.0,restaurant,"steak_house, bar_and_grill, wine_bar, brunch_restaurant, cocktail_bar, lounge_bar, night_club, bar, american_restaurant, restaurant, food, point_of_interest, establishment",https://westoakrestaurant.com/,https://maps.google.com/?cid=14457017830131211957&g_mp=Cidnb29nbGUubWFwcy5wbGFjZXMudjEuUGxhY2VzLlNlYXJjaFRleHQQAhgEIAA,Seafood restaurants in Yaletown BC,2.0,$$,2
ChIJXRHf49jhhVQRo6PKJ8mSWJ0,Catch Kitchen + Bar,"3866 Bayview St #200, Richmond, BC V7E 3B6",49.1239302,-123.1835126,4.2,1308.0,restaurant,"restaurant, seafood_restaurant, food, point_of_interest, establishment",http://www.catchkitchen.com/,https://maps.google.com/?cid=11337973454558897059&g_mp=Cidnb29nbGUubWFwcy5wbGFjZXMudjEuUGxhY2VzLlNlYXJjaFRleHQQAhgEIAA,Seafood restaurants in Richmond BC,2.0,$$,2
ChIJp91-Mid1hlQRcDjlgosCUc8,The Captain's Boil,"Union Square Shopping Centre 1226, 8338 Capstan Wy, Richmond, BC V6X 4B5",49.187253,-123.13151499999998,4.2,1211.0,seafood_restaurant,"seafood_restaurant, cajun_restaurant, asian_fusion_restaurant, asian_restaurant, fusion_restaurant, american_restaurant, restaurant, food, point_of_interest, establishment",http://www.thecaptainsboil.com/,https://maps.google.com/?cid=14938724237184415856&g_mp=Cidnb29nbGUubWFwcy5wbGFjZXMudjEuUGxhY2VzLlNlYXJjaFRleHQQAhgEIAA,Seafood restaurants in Richmond BC,2.0,$$,2
ChIJJ03fdFILhlQR1drUCfwIvOo,Jing Tan Grill House,"5960 Minoru Blvd #140, Richmond, BC V6X 3J3",49.1710429,-123.1398263,4.2,1210.0,restaurant,"restaurant, barbecue_restaurant, chinese_restaurant, food, point_of_interest, establishment",https://jingtangrillhouse.ca/,https://maps.google.com/?cid=16914404179086465749&g_mp=Cidnb29nbGUubWFwcy5wbGFjZXMudjEuUGxhY2VzLlNlYXJjaFRleHQQAhgEIAA,Korean restaurants in Richmond BC,2.0,$$,2
ChIJ60gnQT9xhlQR4sDTSLpiHwM,Memphis Blues Barbeque House,"1342 Commercial Dr, Vancouver, BC V5L 3X6",49.2724626,-123.0693828,4.2,1186.0,restaurant,"restaurant, catering_service, food_delivery, meal_takeaway, bar, food, point_of_interest, service, establishment",https://www.memphisbluesbbq.com/,https://maps.google.com/?cid=225007058617090274&g_mp=Cidnb29nbGUubWFwcy5wbGFjZXMudjEuUGxhY2VzLlNlYXJjaFRleHQQAhgEIAA,Seafood restaurants in Commercial Drive BC,2.0,$$,2
ChIJoVHE3YtxhlQR9VEBiZ6qXog,Jingle Bao & Yum Yum Wok,"774 Denman St, Vancouver, BC V6G 2L5",49.2916066,-123.13491549999998,4.2,1181.0,chinese_restaurant,"dumpling_restaurant, noodle_shop, dim_sum_restaurant, cantonese_restaurant, meal_takeaway, chinese_restaurant, restaurant, food, point_of_interest, establishment",https://www.zomi.menu/shop/jinglebaoyumyumwok,https://maps.google.com/?cid=9826479034849120757&g_mp=Cidnb29nbGUubWFwcy5wbGFjZXMudjEuUGxhY2VzLlNlYXJjaFRleHQQAhgEIAA,Chinese restaurants in Downtown Vancouver BC,2.0,$$,2
ChIJqRKTRFh1hlQRAiUi7yJxx0I,Yin Ji Chang Fen 銀記腸粉,"8500 Alexandra Rd #170, Richmond, BC V6X 3L4",49.1777336,-123.1293559,4.2,1144.0,chinese_restaurant,"chinese_restaurant, restaurant, food, point_of_interest, establishment",https://www.zomi.menu/shop/yinji,https://maps.google.com/?cid=4811939121723483394&g_mp=Cidnb29nbGUubWFwcy5wbGFjZXMudjEuUGxhY2VzLlNlYXJjaFRleHQQAhgEIAA,Chinese restaurants in Richmond BC,1.0,$,1
ChIJkz2yLnhxhlQRP2X5ZpybBe0,Black Frog Eatery,"108 Cambie St., Vancouver, BC V6B 2M8",49.2846538,-123.1084894,4.2,1114.0,restaurant,"restaurant, food, point_of_interest, establishment",http://theblackfrog.ca/,https://maps.google.com/?cid=17079228257917297983&g_mp=Cidnb29nbGUubWFwcy5wbGFjZXMudjEuUGxhY2VzLlNlYXJjaFRleHQQAhgEIAA,Caribbean restaurants in Gastown BC,2.0,$$,2
ChIJR1CnJoZxhlQRNymTWWusZmo,Social,"1812 Commercial Dr, Vancouver, BC V5N 4A5",49.2684973,-123.0694539,4.2,1114.0,restaurant,"restaurant, food, point_of_interest, establishment",https://www.socialyvr.com/,https://maps.google.com/?cid=7667004992709142839&g_mp=Cidnb29nbGUubWFwcy5wbGFjZXMudjEuUGxhY2VzLlNlYXJjaFRleHQQAhgEIAA,Seafood restaurants in Commercial Drive BC,2.0,$$,2
ChIJwXdWeqtzhlQRvhCBn2ZX5kM,Banana Leaf in Kitsilano,"3005 W Broadway, Vancouver, BC V6K 2G9",49.2643597,-123.1723017,4.2,1106.0,malaysian_restaurant,"malaysian_restaurant, restaurant, food, point_of_interest, establishment",https://www.bananaleaf-vancouver.com/kitsilano,https://maps.google.com/?cid=4892694143458939070&g_mp=Cidnb29nbGUubWFwcy5wbGFjZXMudjEuUGxhY2VzLlNlYXJjaFRleHQQAhgEIAA,Thai restaurants in Kitsilano BC,2.0,$$,2
ChIJP0wBP3hxhlQR5bMiXWGm6Zs,Guu with Otokomae,"375 Water St #105, Vancouver, BC V6B 5C6",49.2847191,-123.1103984,4.2,1091.0,japanese_izakaya_restaurant,"japanese_izakaya_restaurant, japanese_restaurant, restaurant, food, point_of_interest, establishment",https://guu-izakaya.com/Otokomae_QR,https://maps.google.com/?cid=11234693682557006821&g_mp=Cidnb29nbGUubWFwcy5wbGFjZXMudjEuUGxhY2VzLlNlYXJjaFRleHQQAhgEIAA,Japanese restaurants in Gastown BC,2.0,$$,2
ChIJqwLz37RzhlQRQPnZme2d7lk,Chewies Oyster Bar Kitsilano,"2201 W 1st Ave, Vancouver, BC V6K 1E9",49.2709882,-123.1552417,4.2,1091.0,oyster_bar_restaurant,"oyster_bar_restaurant, restaurant, food, point_of_interest, establishment",http://www.chewies.ca/,https://maps.google.com/?cid=6480290557646731584&g_mp=Cidnb29nbGUubWFwcy5wbGFjZXMudjEuUGxhY2VzLlNlYXJjaFRleHQQAhgEIAA,Seafood restaurants in Kitsilano BC,2.0,$$,2
ChIJv11SRNjhhVQRKg5FJy_f8lI,Steveston Seafood House,"3951 Moncton St, Richmond, BC V7E 3A7",49.1253228,-123.1816718,4.2,1059.0,seafood_restaurant,"seafood_restaurant, restaurant, food, point_of_interest, establishment",http://stevestonseafoodhouse.com/,https://maps.google.com/?cid=5977085049089363498&g_mp=Cidnb29nbGUubWFwcy5wbGFjZXMudjEuUGxhY2VzLlNlYXJjaFRleHQQAhgEIAA,Seafood restaurants in Richmond BC,2.0,$$,2
ChIJVxyU2XUKhlQRAotNKiWIO_I,Little Mexico Cantina,"3131 Chatham St #150, Richmond, BC V7E 2Y4",49.126679,-123.1905204,4.2,1047.0,mexican_restaurant,"mexican_restaurant, taco_restaurant, restaurant, food, point_of_interest, establishment",https://www.littlemexicocantina.ca/,https://maps.google.com/?cid=17454694474009381634&g_mp=Cidnb29nbGUubWFwcy5wbGFjZXMudjEuUGxhY2VzLlNlYXJjaFRleHQQAhgEIAA,Mexican restaurants in Richmond BC,2.0,$$,2
ChIJlYyr1tNxhlQR936aX9y69eI,Tequila Cantina,"1933 Lonsdale Ave, North Vancouver, BC V7M 2K2",49.3268673,-123.0724701,4.2,1035.0,mexican_restaurant,"mexican_restaurant, restaurant, food, point_of_interest, establishment",https://tequilacantinalonsdale.com/,https://maps.google.com/?cid=16354183077525356279&g_mp=Cidnb29nbGUubWFwcy5wbGFjZXMudjEuUGxhY2VzLlNlYXJjaFRleHQQAhgEIAA,Mexican restaurants in North Vancouver BC,2.0,$$,2
ChIJJQDfUCtyhlQR0K2uk6kbROM,Thai Basil Restaurant,"1215 Thurlow St, Vancouver, BC V6E 1X4",49.28029730000001,-123.1315906,4.2,935.0,thai_restaurant,"thai_restaurant, restaurant, food, point_of_interest, establishment",https://order.toasttab.com/online/locations/a39d704d-ed6f-49f6-b34f-b140a68a92c6/default,https://maps.google.com/?cid=16376244560167087568&g_mp=Cidnb29nbGUubWFwcy5wbGFjZXMudjEuUGxhY2VzLlNlYXJjaFRleHQQAhgEIAA,Thai restaurants in Downtown Vancouver BC,1.0,$,1
ChIJLcXJjDhwhlQRhbGuaoPhEL8,Jordan Sushi,"155 15th St E, North Vancouver, BC V7L 0G9",49.3218724,-123.06974299999996,4.2,907.0,sushi_restaurant,"sushi_restaurant, japanese_restaurant, restaurant, food, point_of_interest, establishment",https://jordansushi.ca/,https://maps.google.com/?cid=13767752015418405253&g_mp=Cidnb29nbGUubWFwcy5wbGFjZXMudjEuUGxhY2VzLlNlYXJjaFRleHQQAhgEIAA,Japanese restaurants in North Vancouver BC,2.0,$$,2
ChIJOfzBglJ3hlQRuLR8bZ-b-6o,Sushi Giwa,"5625 Hastings St, Burnaby, BC V5B 1R5",49.280675,-122.9817333,4.2,877.0,japanese_restaurant,"japanese_restaurant, sushi_restaurant, restaurant, food, point_of_interest, establishment",http://www.sushi-giwa.ca/,https://maps.google.com/?cid=12320612314641118392&g_mp=Cidnb29nbGUubWFwcy5wbGFjZXMudjEuUGxhY2VzLlNlYXJjaFRleHQQAhgEIAA,Japanese restaurants in Burnaby BC,2.0,$$,2
ChIJuzhNTjhwhlQRggndt6RohNw,Mumbai Masala Restaurant,"333 Brooksbank Ave #770, North Vancouver, BC V7J 3S8",49.310084,-123.0416854,4.2,815.0,indian_restaurant,"indian_restaurant, vegan_restaurant, vegetarian_restaurant, restaurant, food, point_of_interest, establishment",https://www.mumbaimasalarestaurant.com/,https://maps.google.com/?cid=15889940441938594178&g_mp=Cidnb29nbGUubWFwcy5wbGFjZXMudjEuUGxhY2VzLlNlYXJjaFRleHQQAhgEIAA,Indian restaurants in North Vancouver BC,2.0,$$,2
ChIJccM1i0xwhlQRX0WDYR8U92k,Buddha-Full,"106 W 1st St #101, North Vancouver, BC V7M 1A9",49.3122139,-123.079,4.2,731.0,vegan_restaurant,"vegan_restaurant, catering_service, food_delivery, fast_food_restaurant, vegetarian_restaurant, grocery_store, cafe, food_store, store, restaurant, food, point_of_interest, service, establishment",http://www.buddha-full.ca/,https://maps.google.com/?cid=7635593818242499935&g_mp=Cidnb29nbGUubWFwcy5wbGFjZXMudjEuUGxhY2VzLlNlYXJjaFRleHQQAhgEIAA,Vegetarian restaurants in North Vancouver BC,2.0,$$,2
ChIJf6h9UT9xhlQRU7Ai3Ajc3Dc,Tandoori Palace,"1439 Commercial Dr, Vancouver, BC V5L 3X8",49.271668,-123.06975,4.2,716.0,indian_restaurant,"indian_restaurant, restaurant, food, point_of_interest, establishment",https://www.tandooripalacevancouver.com/,https://maps.google.com/?cid=4025334097573490771&g_mp=Cidnb29nbGUubWFwcy5wbGFjZXMudjEuUGxhY2VzLlNlYXJjaFRleHQQAhgEIAA,Indian restaurants in Commercial Drive BC,1.0,$,1
ChIJdb4krnN3hlQRmHMAdON0s4Q,Marble House Eatery,"4500 Kingsway #2228, Burnaby, BC V5H 2A9",49.2297389,-123.0049373,4.2,715.0,restaurant,"restaurant, hot_pot_restaurant, dim_sum_restaurant, cantonese_restaurant, meal_takeaway, chinese_restaurant, food, point_of_interest, establishment",http://marblehouse.ca/contact/,https://maps.google.com/?cid=9562114954090279832&g_mp=Cidnb29nbGUubWFwcy5wbGFjZXMudjEuUGxhY2VzLlNlYXJjaFRleHQQAhgEIAA,Chinese restaurants in Burnaby BC,2.0,$$,2
ChIJyaFQ4hZxhlQRGovIuZPvCd4,Silk Lounge - Afghani Restaurant,"132 Powell St, Vancouver, BC V6A 1G1",49.2830788,-123.10105310000002,4.2,693.0,afghani_restaurant,"afghani_restaurant, middle_eastern_restaurant, persian_restaurant, bar_and_grill, indian_restaurant, bar, restaurant, food, point_of_interest, establishment",http://www.silk-lounge.ca/,https://maps.google.com/?cid=15999582568966556442&g_mp=Cidnb29nbGUubWFwcy5wbGFjZXMudjEuUGxhY2VzLlNlYXJjaFRleHQQAhgEIAA,Indian restaurants in Gastown BC,2.0,$$,2
ChIJU6qp1VRxhlQRswO4F6VROaI,Hai Phong Vietnamese Restaurant,"1242 Kingsway, Vancouver, BC V5V 1W6",49.2511628,-123.07904519999998,4.2,680.0,vietnamese_restaurant,"vietnamese_restaurant, restaurant, food, point_of_interest, establishment",http://haiphongrestaurant.com/,https://maps.google.com/?cid=11689464077326222259&g_mp=Cidnb29nbGUubWFwcy5wbGFjZXMudjEuUGxhY2VzLlNlYXJjaFRleHQQAhgEIAA,Vietnamese restaurants in Commercial Drive BC,1.0,$,1
ChIJecbdLCRzhlQR5zNwpp7WPVs,Papi's Seafood and Oyster Bar,"1193 Denman St, Vancouver, BC V6G 2N1",49.2878329,-123.1413334,4.2,679.0,restaurant,"restaurant, bar, food, point_of_interest, establishment",http://www.papisoysterbar.com/,https://maps.google.com/?cid=6574647007916340199&g_mp=Cidnb29nbGUubWFwcy5wbGFjZXMudjEuUGxhY2VzLlNlYXJjaFRleHQQAhgEIAA,Seafood restaurants in Mount Pleasant BC,2.0,$$,2
ChIJl7IkDmZ4hlQRNIMuzo6qAmc,Gobong88 (Hangang Korean restaurant),"9928 Lougheed Hwy., Burnaby, BC V3J 1N3",49.24584,-122.8938885,4.2,648.0,korean_restaurant,"korean_restaurant, restaurant, food, point_of_interest, establishment",,https://maps.google.com/?cid=7422682666181231412&g_mp=Cidnb29nbGUubWFwcy5wbGFjZXMudjEuUGxhY2VzLlNlYXJjaFRleHQQAhgEIAA,Korean restaurants in Burnaby BC,2.0,$$,2
ChIJgxRuFx1zhlQRxKF57z3vSBI,Little Bird Dim Sum + Craft Beer,"2958 W 4th Ave, Vancouver, BC V6K 1R4",49.2683086,-123.1715733,4.2,640.0,dim_sum_restaurant,"dim_sum_restaurant, cantonese_restaurant, chinese_restaurant, restaurant, food, point_of_interest, establishment",https://littlebirddimsum.com/,https://maps.google.com/?cid=1317565940295639492&g_mp=Cidnb29nbGUubWFwcy5wbGFjZXMudjEuUGxhY2VzLlNlYXJjaFRleHQQAhgEIAA,Chinese restaurants in Kitsilano BC,2.0,$$,2
ChIJXfIwhUdwhlQRiTbDxNl7Z6E,Echo Cafe & Brunch,"116 E 14th St, North Vancouver, BC V7M 2H8",49.3212052,-123.0716537,4.2,621.0,coffee_shop,"coffee_shop, pub, brunch_restaurant, breakfast_restaurant, cafe, bakery, food_store, bar, store, restaurant, food, point_of_interest, establishment",,https://maps.google.com/?cid=11630400737946842761&g_mp=Cidnb29nbGUubWFwcy5wbGFjZXMudjEuUGxhY2VzLlNlYXJjaFRleHQQAhgEIAA,Vegetarian restaurants in North Vancouver BC,1.0,$,1
ChIJozcsADtzhlQRyZU-sYUvk6w,Parker Rooftop,"1379 Howe St 9th floor, Vancouver, BC V6Z 1R7",49.276164,-123.1301857,4.2,612.0,restaurant,"restaurant, wine_bar, sports_bar, cocktail_bar, bar, food, point_of_interest, establishment",https://parkerrooftop.com/,https://maps.google.com/?cid=12435335247350896073&g_mp=Cidnb29nbGUubWFwcy5wbGFjZXMudjEuUGxhY2VzLlNlYXJjaFRleHQQAhgEIAA,Caribbean restaurants in Kitsilano BC,2.0,$$,2
ChIJf_YEWNtzhlQREeK0XQKGq6o,Szechuan Chili,"804 W 6th Ave, Vancouver, BC V5Z 1C2",49.265604,-123.1219755,4.2,597.0,chinese_restaurant,"chinese_restaurant, restaurant, food, point_of_interest, establishment",https://szechuanchili.com/?utm_source=google&utm_medium=maps&utm_campaign=website,https://maps.google.com/?cid=12298070552185463313&g_mp=Cidnb29nbGUubWFwcy5wbGFjZXMudjEuUGxhY2VzLlNlYXJjaFRleHQQAhgEIAA,Chinese restaurants in Mount Pleasant BC,2.0,$$,2
ChIJM3OO5mdzhlQRwLhy5GSk-DU,Yaletown Chinese Restaurant,"1233 Hamilton St, Vancouver, BC V6B 6K3",49.2746929,-123.123435,4.2,589.0,chinese_restaurant,"chinese_restaurant, restaurant, food, point_of_interest, establishment",https://app.heyeats.shop/store/yaletown-chinese-restaurant,https://maps.google.com/?cid=3889039031470831808&g_mp=Cidnb29nbGUubWFwcy5wbGFjZXMudjEuUGxhY2VzLlNlYXJjaFRleHQQAhgEIAA,Chinese restaurants in Downtown Vancouver BC,2.0,$$,2
ChIJEXuDOG1xhlQRW5nLfmvymJM,Commercial Sushi,"2575 Commercial Dr, Vancouver, BC V5N 4C1",49.2616225,-123.0700671,4.2,584.0,japanese_restaurant,"japanese_restaurant, sushi_restaurant, restaurant, food, point_of_interest, establishment",https://www.commercialsushi.ca/,https://maps.google.com/?cid=10635517063538121051&g_mp=Cidnb29nbGUubWFwcy5wbGFjZXMudjEuUGxhY2VzLlNlYXJjaFRleHQQAhgEIAA,Japanese restaurants in Commercial Drive BC,1.0,$,1
ChIJ11Fv2qpzhlQRmImvfi_fK0A,Thai Basil Restaurant,"3271 W Broadway, Vancouver, BC V6K 2H5",49.264354700000005,-123.1772658,4.2,583.0,thai_restaurant,"thai_restaurant, restaurant, food, point_of_interest, establishment",https://order.toasttab.com/online/locations/a39d704d-ed6f-49f6-b34f-b140a68a92c6/default,https://maps.google.com/?cid=4624034837507836312&g_mp=Cidnb29nbGUubWFwcy5wbGFjZXMudjEuUGxhY2VzLlNlYXJjaFRleHQQAhgEIAA,Thai restaurants in Kitsilano BC,1.0,$,1
ChIJq0XJF4FxhlQRPjqQWB0lHWM,Mott 32 Vancouver,"1161 W Georgia St, Vancouver, BC V6E 0C6",49.2868595,-123.1245356,4.2,582.0,chinese_restaurant,"chinese_restaurant, fine_dining_restaurant, dim_sum_restaurant, cantonese_restaurant, cocktail_bar, bar, restaurant, food, point_of_interest, establishment",https://www.mott32.com/vancouver/,https://maps.google.com/?cid=7141905392049601086&g_mp=Cidnb29nbGUubWFwcy5wbGFjZXMudjEuUGxhY2VzLlNlYXJjaFRleHQQAhgEIAA,Chinese restaurants in Downtown Vancouver BC,4.0,$$$$,4
ChIJS8M2rT9xhlQR8CnI5SU3p40,Sweet Cherubim,"1105 Commercial Dr, Vancouver, BC V5L 3X3",49.2747222,-123.0697167,4.2,572.0,vegan_restaurant,"vegan_restaurant, chocolate_shop, health_food_store, vegetarian_restaurant, candy_store, dessert_shop, confectionery, food_store, store, health, restaurant, food, point_of_interest, establishment",http://www.sweetcherubim.com/,https://maps.google.com/?cid=10207187716366936560&g_mp=Cidnb29nbGUubWFwcy5wbGFjZXMudjEuUGxhY2VzLlNlYXJjaFRleHQQAhgEIAA,Vegetarian restaurants in Commercial Drive BC,2.0,$$,2
ChIJ9baEuYtvhlQRzXr6_Z-vYw0,Bufala Edgemont,"3280 Edgemont Blvd, North Vancouver, BC V7R 0A5",49.3391382,-123.1038338,4.2,561.0,italian_restaurant,"italian_restaurant, restaurant, food, point_of_interest, establishment",http://www.bufala.ca/edgemont,https://maps.google.com/?cid=964807846883130061&g_mp=Cidnb29nbGUubWFwcy5wbGFjZXMudjEuUGxhY2VzLlNlYXJjaFRleHQQAhgEIAA,Italian restaurants in North Vancouver BC,2.0,$$,2
ChIJzcluPeThhVQRw8E7ZKf9WAk,Lavash Seaside Grill,"3800 Bayview St #108, Richmond, BC V7E 6K7",49.1238809,-123.18448669999998,4.2,558.0,restaurant,"restaurant, food, point_of_interest, establishment",https://www.lavashseasidegrill.com/,https://maps.google.com/?cid=673567039674892739&g_mp=Cidnb29nbGUubWFwcy5wbGFjZXMudjEuUGxhY2VzLlNlYXJjaFRleHQQAhgEIAA,Mediterranean restaurants in Richmond BC,2.0,$$,2
ChIJPfdnlDp1hlQRuCgTje8rdes,Tsukiji Japanese Restaurant | Richmond,"4751 Garden City Rd, Richmond, BC V6X 3M7",49.1778573,-123.1255102,4.2,555.0,japanese_restaurant,"japanese_restaurant, sushi_restaurant, restaurant, food, point_of_interest, establishment",https://tsukiji.ca/,https://maps.google.com/?cid=16966515479052232888&g_mp=Cidnb29nbGUubWFwcy5wbGFjZXMudjEuUGxhY2VzLlNlYXJjaFRleHQQAhgEIAA,Japanese restaurants in Richmond BC,3.0,$$$,3
ChIJ247aH5BwhlQR3skVSslakjg,Buddha-Full • Northwoods,"2120 Dollarton Hwy #102, North Vancouver, BC V7H 0B5",49.3056861,-123.0178194,4.2,529.0,vegan_restaurant,"vegan_restaurant, vegetarian_restaurant, cafe, restaurant, food, point_of_interest, establishment",https://www.buddha-full.ca/,https://maps.google.com/?cid=4076420433301588446&g_mp=Cidnb29nbGUubWFwcy5wbGFjZXMudjEuUGxhY2VzLlNlYXJjaFRleHQQAhgEIAA,Vegetarian restaurants in North Vancouver BC,2.0,$$,2
ChIJN8MuEohxhlQRnPb0SnLjn4U,Flower & Horse in Spring,"1741 Robson St, Vancouver, BC V6G 1E1",49.2910538,-123.1344659,4.2,494.0,chinese_restaurant,"chinese_restaurant, restaurant, food, point_of_interest, establishment",https://flowerhorseinspring.zomi.menu/,https://maps.google.com/?cid=9628664608364754588&g_mp=Cidnb29nbGUubWFwcy5wbGFjZXMudjEuUGxhY2VzLlNlYXJjaFRleHQQAhgEIAA,Chinese restaurants in Downtown Vancouver BC,2.0,$$,2
ChIJjRQMuMh1hlQRNsqMD5hJN5k,Baoguette Vietnamese Bistro,"4800 Number 3 Rd #105, Richmond, BC V6X 3C2",49.1791367,-123.13616959999996,4.2,490.0,vietnamese_restaurant,"vietnamese_restaurant, restaurant, food, point_of_interest, establishment",https://baoguettebistro.com/,https://maps.google.com/?cid=11040373928966801974&g_mp=Cidnb29nbGUubWFwcy5wbGFjZXMudjEuUGxhY2VzLlNlYXJjaFRleHQQAhgEIAA,Vietnamese restaurants in Richmond BC,1.0,$,1
ChIJZcRLveFxhlQR1SFI-Om2P8g,Sal y Limon,"1752 Commercial Dr, Vancouver, BC V5N 4A3",49.2688558,-123.0694371,4.2,480.0,mexican_restaurant,"mexican_restaurant, restaurant, food, point_of_interest, establishment",https://www.salylimon.ca/,https://maps.google.com/?cid=14429452847127470549&g_mp=Cidnb29nbGUubWFwcy5wbGFjZXMudjEuUGxhY2VzLlNlYXJjaFRleHQQAhgEIAA,Mexican restaurants in Commercial Drive BC,1.0,$,1
ChIJzYr8ygFzhlQR0Wbq6F49Rt8,Handi Grill,"3618 W Broadway, Vancouver, BC V6R 2B7",49.2641888,-123.1841436,4.2,469.0,indian_restaurant,"indian_restaurant, restaurant, food, point_of_interest, establishment",https://handigrill.com/,https://maps.google.com/?cid=16088614196671571665&g_mp=Cidnb29nbGUubWFwcy5wbGFjZXMudjEuUGxhY2VzLlNlYXJjaFRleHQQAhgEIAA,Indian restaurants in Kitsilano BC,2.0,$$,2
ChIJ54BQN9JxhlQR6YQMnoQhnQc,Jade Garden Kitchen,"1195 Marine Dr, North Vancouver, BC V7P 1T1",49.323709,-123.1073251,4.2,449.0,chinese_restaurant,"chinese_restaurant, restaurant, food, point_of_interest, establishment",https://www.jadegardenkitchen.com/,https://maps.google.com/?cid=548631583080088809&g_mp=Cidnb29nbGUubWFwcy5wbGFjZXMudjEuUGxhY2VzLlNlYXJjaFRleHQQAhgEIAA,Chinese restaurants in North Vancouver BC,1.0,$,1
ChIJk2VDYzd4hlQR_g25SZ9liRg,Thai Chef Eatery,"3355 North Rd, Burnaby, BC V3J 1H9",49.254108,-122.893887,4.2,439.0,thai_restaurant,"thai_restaurant, asian_restaurant, meal_delivery, food_delivery, meal_takeaway, restaurant, food, point_of_interest, establishment",https://thaichefeatery.com/,https://maps.google.com/?cid=1768056063530700286&g_mp=Cidnb29nbGUubWFwcy5wbGFjZXMudjEuUGxhY2VzLlNlYXJjaFRleHQQAhgEIAA,Thai restaurants in Burnaby BC,1.0,$,1
ChIJcei3k05xhlQR4p79ES3nnj8,Kyle's Cafe,"2627 Commercial Dr, Vancouver, BC V5N 4C3",49.2610075,-123.0700124,4.2,436.0,restaurant,"restaurant, chinese_restaurant, food, point_of_interest, establishment",,https://maps.google.com/?cid=4584355651471122146&g_mp=Cidnb29nbGUubWFwcy5wbGFjZXMudjEuUGxhY2VzLlNlYXJjaFRleHQQAhgEIAA,Chinese restaurants in Commercial Drive BC,1.0,$,1
ChIJQ63x2IXXhVQRKDMhaWkhsco,Di Reggae Cafe,"13593 King George Blvd, Surrey, BC V3T 2V1",49.1992822,-122.8455999,4.2,411.0,restaurant,"restaurant, food, point_of_interest, establishment",http://direggaecafe.ca/,https://maps.google.com/?cid=14605491803158295336&g_mp=Cidnb29nbGUubWFwcy5wbGFjZXMudjEuUGxhY2VzLlNlYXJjaFRleHQQAhgEIAA,Caribbean restaurants in Downtown Vancouver BC,1.0,$,1
ChIJ7bnCYy51hlQRHHtH2VoivF0,Kitcho Izakaya,"8788 McKim Way #1180, Richmond, BC V6X 0V9",49.183447,-123.1249212,4.2,406.0,japanese_restaurant,"japanese_restaurant, sushi_restaurant, restaurant, food, point_of_interest, establishment",https://www.facebook.com/kitchoizakaya/,https://maps.google.com/?cid=6754311314736642844&g_mp=Cidnb29nbGUubWFwcy5wbGFjZXMudjEuUGxhY2VzLlNlYXJjaFRleHQQAhgEIAA,Japanese restaurants in Richmond BC,3.0,$$$,3
ChIJfbCLM0x3hlQR7sgCXBcG9sM,Gaya Korean Restaurant,"5240 Rumble St, Burnaby, BC V5J 2B6",49.2147244,-122.9875594,4.2,402.0,korean_restaurant,"korean_restaurant, restaurant, food, point_of_interest, establishment",http://gayakoreanrestaurant.ca/,https://maps.google.com/?cid=14120480379064469742&g_mp=Cidnb29nbGUubWFwcy5wbGFjZXMudjEuUGxhY2VzLlNlYXJjaFRleHQQAhgEIAA,Korean restaurants in Burnaby BC,2.0,$$,2
ChIJC4DYJnBxhlQRsMN3SgG3KIo,Maxim's Bakery & Restaurant Chinatown,"257 Keefer St, Vancouver, BC V6A 1X6",49.2795972,-123.09785199999996,4.2,390.0,bakery,"bakery, breakfast_restaurant, cantonese_restaurant, food_store, chinese_restaurant, store, restaurant, food, point_of_interest, establishment",https://www.facebook.com/MaximsBakeryandRestaurantChinatown/?ref=page_internal,https://maps.google.com/?cid=9955408192474694576&g_mp=Cidnb29nbGUubWFwcy5wbGFjZXMudjEuUGxhY2VzLlNlYXJjaFRleHQQAhgEIAA,Chinese restaurants in Gastown BC,1.0,$,1
ChIJzR-TNwBxhlQRBQ6TQ4STl9Q,Jay Nok Modern Thai,"127 W 2nd Ave, Vancouver, BC V5Y 1B8",49.269466,-123.1077108,4.2,389.0,thai_restaurant,"thai_restaurant, restaurant, food, point_of_interest, establishment",,https://maps.google.com/?cid=15318874853802708485&g_mp=Cidnb29nbGUubWFwcy5wbGFjZXMudjEuUGxhY2VzLlNlYXJjaFRleHQQAhgEIAA,Thai restaurants in Downtown Vancouver BC,2.0,$$,2
ChIJF7i7f9FxhlQRyDo3nIbB9z4,One More Szechuan Chinese Cuisine一聚小館,"1262 Marine Dr, North Vancouver, BC V7P 1T2",49.3249333,-123.109875,4.2,385.0,chinese_restaurant,"chinese_restaurant, meal_delivery, food_delivery, meal_takeaway, restaurant, food, point_of_interest, establishment",http://www.onemoreszechuan.ca/,https://maps.google.com/?cid=4537307933489707720&g_mp=Cidnb29nbGUubWFwcy5wbGFjZXMudjEuUGxhY2VzLlNlYXJjaFRleHQQAhgEIAA,Chinese restaurants in North Vancouver BC,2.0,$$,2
ChIJveULP7RzhlQRoSHGVHtFpfs,Connie's Cook House,"2135 W 4th Ave, Vancouver, BC V6K 1N7",49.2682704,-123.1536883,4.2,375.0,chinese_restaurant,"chinese_restaurant, malaysian_restaurant, cantonese_restaurant, restaurant, food, point_of_interest, establishment",http://www.conniescookhouse.ca/,https://maps.google.com/?cid=18132975870682735009&g_mp=Cidnb29nbGUubWFwcy5wbGFjZXMudjEuUGxhY2VzLlNlYXJjaFRleHQQAhgEIAA,Chinese restaurants in Kitsilano BC,1.0,$,1
ChIJNyWIbUp1hlQRwNOspZHebtw,Hibiki Ramen Yakitori Bar,"4771 McClelland Rd, Richmond, BC V6X 0M5",49.1781437,-123.1230038,4.2,373.0,japanese_restaurant,"japanese_restaurant, restaurant, food, point_of_interest, establishment",,https://maps.google.com/?cid=15883877652913509312&g_mp=Cidnb29nbGUubWFwcy5wbGFjZXMudjEuUGxhY2VzLlNlYXJjaFRleHQQAhgEIAA,Japanese restaurants in Richmond BC,2.0,$$,2
ChIJUUNlQdVzhlQRehIWk6iytc0,One Saigon,"979 Hornby St, Vancouver, BC V6Z 2S1",49.2808894,-123.1248594,4.2,348.0,vietnamese_restaurant,"vietnamese_restaurant, asian_restaurant, meal_takeaway, restaurant, food, point_of_interest, service, establishment",http://onesaigonvancouver.com/,https://maps.google.com/?cid=14822950185651802746&g_mp=Cidnb29nbGUubWFwcy5wbGFjZXMudjEuUGxhY2VzLlNlYXJjaFRleHQQAhgEIAA,Vietnamese restaurants in Downtown Vancouver BC,1.0,$,1
ChIJp0IPuyp3hlQRF5VFtd3dvnc,GAON Korean Cuisine,"5599 Kingsway, Burnaby, BC V5H 2G3",49.2232855,-122.9827053,4.2,342.0,restaurant,"restaurant, food, point_of_interest, establishment",http://gaonkorea.ca/,https://maps.google.com/?cid=8628577880387196183&g_mp=Cidnb29nbGUubWFwcy5wbGFjZXMudjEuUGxhY2VzLlNlYXJjaFRleHQQAhgEIAA,Korean restaurants in Burnaby BC,2.0,$$,2
ChIJgUljLvd3hlQRxDzo85QxwNY,Quesada Burritos & Tacos,"8605 Glenlyon Pkwy, Burnaby, BC V5J 0B9",49.2059418,-123.011391,4.2,323.0,mexican_restaurant,"mexican_restaurant, burrito_restaurant, tex_mex_restaurant, american_restaurant, restaurant, food, point_of_interest, establishment",https://quesada.ca/,https://maps.google.com/?cid=15474422835462028484&g_mp=Cidnb29nbGUubWFwcy5wbGFjZXMudjEuUGxhY2VzLlNlYXJjaFRleHQQAhgEIAA,Mexican restaurants in Burnaby BC,1.0,$,1
ChIJM16pn8BxhlQRX9h_lCJ7FMM,BASHA Waterfront Centre,"200 Burrard St, Vancouver, BC V6C 3L6",49.287602,-123.1150857,4.2,312.0,lebanese_restaurant,"lebanese_restaurant, restaurant, food, point_of_interest, establishment",https://basharestaurants.com/,https://maps.google.com/?cid=14056995725380671583&g_mp=Cidnb29nbGUubWFwcy5wbGFjZXMudjEuUGxhY2VzLlNlYXJjaFRleHQQAhgEIAA,Lebanese restaurants in Downtown Vancouver BC,1.0,$,1
ChIJE86UDzBxhlQRt_diqd4_g1s,Just Fold,"123 Carrie Cates Ct #116, North Vancouver, BC V7M 3K7",49.3102085,-123.0820797,4.2,312.0,brunch_restaurant,"brunch_restaurant, belgian_restaurant, breakfast_restaurant, brazilian_restaurant, dessert_shop, confectionery, food_store, store, restaurant, food, point_of_interest, establishment",http://www.justfold.ca/,https://maps.google.com/?cid=6594184504957663159&g_mp=Cidnb29nbGUubWFwcy5wbGFjZXMudjEuUGxhY2VzLlNlYXJjaFRleHQQAhgEIAA,Brazilian restaurants in North Vancouver BC,2.0,$$,2
ChIJhVtcdTp3hlQRdDVFQXzOpj0,La Forêt Royal Oak,"6958 Palm Ave, Burnaby, BC V5J 4M3",49.2202814,-122.9864165,4.2,304.0,food,"dessert_shop, confectionery, bakery, cafe, food_store, store, food, point_of_interest, establishment",http://www.cafelaforet.com/,https://maps.google.com/?cid=4442465115513894260&g_mp=Cidnb29nbGUubWFwcy5wbGFjZXMudjEuUGxhY2VzLlNlYXJjaFRleHQQAhgEIAA,French restaurants in Burnaby BC,2.0,$$,2
ChIJE_qokOhzhlQRg2WJvscN8QQ,Hot Delivery,"3002 Cambie St., Vancouver, BC V5Z 2V9",49.2586035,-123.1148724,4.2,298.0,meal_delivery,"meal_delivery, food_delivery, meal_takeaway, restaurant, food, point_of_interest, establishment",https://www.hotdelivery.ca/,https://maps.google.com/?cid=356080997085308291&g_mp=Cidnb29nbGUubWFwcy5wbGFjZXMudjEuUGxhY2VzLlNlYXJjaFRleHQQAhgEIAA,Chinese restaurants in Mount Pleasant BC,2.0,$$,2
ChIJOY00hhxzhlQRI8IfeD9Fu_c,Lucia,"3124 Main St, Vancouver, BC V5T 3G7",49.2571085,-123.1009123,4.2,290.0,restaurant,"restaurant, food, point_of_interest, establishment",https://www.luciaonmain.com/,https://maps.google.com/?cid=17850937686913696291&g_mp=Cidnb29nbGUubWFwcy5wbGFjZXMudjEuUGxhY2VzLlNlYXJjaFRleHQQAhgEIAA,Italian restaurants in Mount Pleasant BC,2.0,$$,2
ChIJ6w3vEN4LhlQRR6FKv4qFUfg,Xiang Chuan Mansion,"6091 Number 3 Rd, Richmond, BC V6Y 2B1",49.169301100000006,-123.1368969,4.2,274.0,chinese_restaurant,"chinese_restaurant, asian_restaurant, restaurant, food, point_of_interest, establishment",https://xiangchuanmansion.zomi.menu/,https://maps.google.com/?cid=17893229625481011527&g_mp=Cidnb29nbGUubWFwcy5wbGFjZXMudjEuUGxhY2VzLlNlYXJjaFRleHQQAhgEIAA,Chinese restaurants in Richmond BC,2.0,$$,2
ChIJC9xinnPXhVQRdY-ArZ833Rs,Papa's Box,"9855 Austin Rd #231, Burnaby, BC V3J 1N4",49.2513759,-122.8953322,4.2,224.0,korean_restaurant,"korean_restaurant, restaurant, food, point_of_interest, establishment",http://www.papasbox.ca/,https://maps.google.com/?cid=2007822167827320693&g_mp=Cidnb29nbGUubWFwcy5wbGFjZXMudjEuUGxhY2VzLlNlYXJjaFRleHQQAhgEIAA,Korean restaurants in Burnaby BC,2.0,$$,2
ChIJ609hSodxhlQRGmSaFycTPlQ,Ban Bu Xian Szechuan Cuisine Downtown 半步仙小酒馆（温哥华市中心店）,"1282 Robson St, Vancouver, BC V6E 1C1",49.2866816,-123.1283304,4.2,206.0,restaurant,"restaurant, food, point_of_interest, establishment",https://banbuxianszechuancuisinedt.zomi.menu/,https://maps.google.com/?cid=6070310406362653722&g_mp=Cidnb29nbGUubWFwcy5wbGFjZXMudjEuUGxhY2VzLlNlYXJjaFRleHQQAhgEIAA,Chinese restaurants in Downtown Vancouver BC,2.0,$$,2
ChIJZVdojcBzhlQRssREP2Pm8-0,Odd Burger,"2821 Main St, Vancouver, BC V5T 3G1",49.2599833,-123.1013588,4.2,202.0,vegan_restaurant,"vegan_restaurant, vegetarian_restaurant, restaurant, food, point_of_interest, establishment",https://oddburger.com/,https://maps.google.com/?cid=17146301520267232434&g_mp=Cidnb29nbGUubWFwcy5wbGFjZXMudjEuUGxhY2VzLlNlYXJjaFRleHQQAhgEIAA,Vegan restaurants in Mount Pleasant BC,2.0,$$,2
ChIJ6-34kDJzhlQRA2qW3zSb9Uk,26 Viet Cafe (Kerrisdale),"2044 W 41st Ave, Vancouver, BC V6M 1Y8",49.2343995,-123.1533231,4.2,177.0,vietnamese_restaurant,"vietnamese_restaurant, restaurant, food, point_of_interest, establishment",https://26vietcafe.zomi.menu/,https://maps.google.com/?cid=5329336385454631427&g_mp=Cidnb29nbGUubWFwcy5wbGFjZXMudjEuUGxhY2VzLlNlYXJjaFRleHQQAhgEIAA,Vietnamese restaurants in West End BC,1.0,$,1
ChIJUwm5htZzhlQRdaN797kQ3sQ,TacoLoco,"1965 Cornwall Ave, Vancouver, BC V6J 3R2",49.2726172,-123.1492939,4.2,165.0,restaurant,"restaurant, food, point_of_interest, establishment",https://www.tacolocokits.com/,https://maps.google.com/?cid=14185794267170710389&g_mp=Cidnb29nbGUubWFwcy5wbGFjZXMudjEuUGxhY2VzLlNlYXJjaFRleHQQAhgEIAA,Mexican restaurants in Kitsilano BC,2.0,$$,2
ChIJY1AHG-FzhlQRv_x6HWOn7DU,Davie's The Best Turkish Cuisine,"1157 Davie St, Vancouver, BC V6E 1N2",49.2813797,-123.13251,4.2,128.0,bar_and_grill,"bar_and_grill, bar, restaurant, food, point_of_interest, establishment",http://daviesthebest.ca/,https://maps.google.com/?cid=3885664622652095679&g_mp=Cidnb29nbGUubWFwcy5wbGFjZXMudjEuUGxhY2VzLlNlYXJjaFRleHQQAhgEIAA,Mediterranean restaurants in Downtown Vancouver BC,2.0,$$,2
ChIJZVyePD5xhlQR-MXsofTGjoY,Vancouver Donair,"933 Commercial Dr, Vancouver, BC V5L 3W8",49.2761591,-123.0697242,4.2,94.0,restaurant,"restaurant, food, point_of_interest, establishment",,https://maps.google.com/?cid=9695905801766225400&g_mp=Cidnb29nbGUubWFwcy5wbGFjZXMudjEuUGxhY2VzLlNlYXJjaFRleHQQAhgEIAA,Mediterranean restaurants in Commercial Drive BC,1.0,$,1
ChIJxWSd3BZxhlQRplf9Fq5kqQk,Olivo Cafe Mexican Kitchen and Bar,"15 Lonsdale Ave, North Vancouver, BC V7M 2E4",49.3109228,-123.0800213,4.2,45.0,restaurant,"restaurant, food, point_of_interest, establishment",https://www.olivocafe.com/,https://maps.google.com/?cid=696198316278241190&g_mp=Cidnb29nbGUubWFwcy5wbGFjZXMudjEuUGxhY2VzLlNlYXJjaFRleHQQAhgEIAA,Mexican restaurants in North Vancouver BC,2.0,$$,2
ChIJ6SNusXtxhlQROvNttOswoPI,Giant Panda Szechuan Cuisine,"88 W Pender St, Vancouver, BC V6B 6N9",49.2803127,-123.1062551,4.2,38.0,restaurant,"restaurant, chinese_restaurant, food, point_of_interest, establishment",,https://maps.google.com/?cid=17483027542354817850&g_mp=Cidnb29nbGUubWFwcy5wbGFjZXMudjEuUGxhY2VzLlNlYXJjaFRleHQQAhgEIAA,Chinese restaurants in Gastown BC,2.0,$$,2
ChIJpYoZTwB1hlQRiLr05bKp_IY,Chengdu Noodle 成都面馆,"8100 Ackroyd Rd #195, Richmond, BC V6X 3K2",49.1712389,-123.1340809,4.2,37.0,chinese_restaurant,"chinese_restaurant, restaurant, food, point_of_interest, establishment",https://swypepos.com/olo/ChengduNoodle/,https://maps.google.com/?cid=9726835881040722568&g_mp=Cidnb29nbGUubWFwcy5wbGFjZXMudjEuUGxhY2VzLlNlYXJjaFRleHQQAhgEIAA,Chinese restaurants in Richmond BC,2.0,$$,2
ChIJp7R2erZzhlQRT9uOtRCRz6I,Las Margaritas,"1999 W 4th Ave, Vancouver, BC V6J 1M5",49.2683195,-123.1500818,4.1,3183.0,mexican_restaurant,"mexican_restaurant, meal_delivery, food_delivery, restaurant, food, point_of_interest, establishment",http://www.lasmargaritas.com/,https://maps.google.com/?cid=11731755055274974031&g_mp=Cidnb29nbGUubWFwcy5wbGFjZXMudjEuUGxhY2VzLlNlYXJjaFRleHQQAhgEIAA,Mexican restaurants in Kitsilano BC,2.0,$$,2
ChIJW9rpTRFxhlQR14gOqc6fI2Y,Yaas Grill House,"2057 Lonsdale Ave, North Vancouver, BC V7M 2K6",49.3281231,-123.0724362,4.1,2837.0,persian_restaurant,"persian_restaurant, catering_service, food_delivery, restaurant, food, point_of_interest, service, establishment",https://www.yaas.ca/,https://maps.google.com/?cid=7359901926001903831&g_mp=Cidnb29nbGUubWFwcy5wbGFjZXMudjEuUGxhY2VzLlNlYXJjaFRleHQQAhgEIAA,Mediterranean restaurants in North Vancouver BC,1.0,$,1
ChIJYaEtWMTfhVQRZj5Ed2lbYLg,The Old Spaghetti Factory (Richmond),"Riverport Entertainment Complex, 14200 Entertainment Blvd #110, Richmond, BC V6W 1K3",49.1343603,-123.0650623,4.1,2672.0,italian_restaurant,"italian_restaurant, restaurant, food, point_of_interest, establishment",http://www.oldspaghettifactory.ca/locations/richmond,https://maps.google.com/?cid=13285719409273618022&g_mp=Cidnb29nbGUubWFwcy5wbGFjZXMudjEuUGxhY2VzLlNlYXJjaFRleHQQAhgEIAA,Italian restaurants in Richmond BC,2.0,$$,2
ChIJTQrs1Q11hlQRFQUa0zv472g,Continental Seafood Restaurant,"11700 Cambie Rd., Richmond, BC V6X 3Z5",49.1839108,-123.0942576,4.1,2624.0,dim_sum_restaurant,"dim_sum_restaurant, cantonese_restaurant, chinese_restaurant, restaurant, food, point_of_interest, establishment",http://www.continentalrestaurant.ca/,https://maps.google.com/?cid=7561535235206808853&g_mp=Cidnb29nbGUubWFwcy5wbGFjZXMudjEuUGxhY2VzLlNlYXJjaFRleHQQAhgEIAA,Chinese restaurants in Richmond BC,2.0,$$,2
ChIJnSAa5Tx4hlQRS3uHoBD1R_0,Yan's Garden,"9938 Lougheed Hwy., Burnaby, BC V3J 1N3",49.2457271,-122.8936447,4.1,2620.0,chinese_restaurant,"chinese_restaurant, asian_restaurant, dim_sum_restaurant, cantonese_restaurant, meal_takeaway, restaurant, food, point_of_interest, establishment",http://www.yansgarden.ca/?utm_source=google&utm_medium=wix_google_business_profile&utm_campaign=3481622873726260202,https://maps.google.com/?cid=18250825466703739723&g_mp=Cidnb29nbGUubWFwcy5wbGFjZXMudjEuUGxhY2VzLlNlYXJjaFRleHQQAhgEIAA,Chinese restaurants in Burnaby BC,2.0,$$,2
ChIJz9lHDIhxhlQR1QbrG2lIwBc,Dinesty Dumpling House,"1719 Robson St, Vancouver, BC V6G 1E1",49.2907833,-123.13406390000002,4.1,2269.0,chinese_restaurant,"chinese_restaurant, restaurant, food, point_of_interest, establishment",http://dinesty.ca/,https://maps.google.com/?cid=1711447474677941973&g_mp=Cidnb29nbGUubWFwcy5wbGFjZXMudjEuUGxhY2VzLlNlYXJjaFRleHQQAhgEIAA,Chinese restaurants in West End BC,2.0,$$,2
ChIJgZ4v2JBxhlQRQC14bGlESQA,Khaghan Persian Restaurant and Bar North Vancouver,"935 Marine Dr Unit 66, North Vancouver, BC V7P 1S3",49.3221445,-123.0985433,4.1,2242.0,persian_restaurant,"persian_restaurant, catering_service, food_delivery, event_venue, restaurant, food, point_of_interest, service, establishment",https://khaghanrestaurant.ca/,https://maps.google.com/?cid=20622892881947968&g_mp=Cidnb29nbGUubWFwcy5wbGFjZXMudjEuUGxhY2VzLlNlYXJjaFRleHQQAhgEIAA,Mediterranean restaurants in North Vancouver BC,2.0,$$,2
ChIJb49B1PV2hlQRY5cDfuFXwi8,Saffron Indian Cuisine,"4300 Kingsway #5, Burnaby, BC V5H 1Z8",49.2311761,-123.008414,4.1,2034.0,indian_restaurant,"indian_restaurant, catering_service, food_delivery, restaurant, food, point_of_interest, service, establishment",http://saffroncuisine.ca/,https://maps.google.com/?cid=3441409691257902947&g_mp=Cidnb29nbGUubWFwcy5wbGFjZXMudjEuUGxhY2VzLlNlYXJjaFRleHQQAhgEIAA,Indian restaurants in Burnaby BC,2.0,$$,2
ChIJbRJdsMwKhlQRDl8u68p9GhQ,Shanghai River Restaurant,"7831 Westminster Hwy, Richmond, BC V6X 4J4",49.1704318,-123.1387396,4.1,1988.0,chinese_restaurant,"asian_restaurant, chinese_restaurant, restaurant, food, point_of_interest, establishment",https://www.shanghairivervancouver.com/,https://maps.google.com/?cid=1448608540635586318&g_mp=Cidnb29nbGUubWFwcy5wbGFjZXMudjEuUGxhY2VzLlNlYXJjaFRleHQQAhgEIAA,Chinese restaurants in Richmond BC,3.0,$$$,3
ChIJx8mL4djhhVQRkgsZcMfogfM,Blue Canoe Waterfront Restaurant,"3866 Bayview St #140, Richmond, BC V7E 4R7",49.123609,-123.1836396,4.1,1837.0,restaurant,"restaurant, meal_delivery, food_delivery, meal_takeaway, food, point_of_interest, establishment",http://www.bluecanoerestaurant.com/,https://maps.google.com/?cid=17546561566488988562&g_mp=Cidnb29nbGUubWFwcy5wbGFjZXMudjEuUGxhY2VzLlNlYXJjaFRleHQQAhgEIAA,Seafood restaurants in Richmond BC,2.0,$$,2
ChIJGenKECZ1hlQRKYRsxhWaq30,SURA Korean BBQ,"4151 Hazelbridge Wy, Richmond, BC V6X 4J7",49.183338,-123.13370219999996,4.1,1729.0,korean_barbecue_restaurant,"korean_barbecue_restaurant, korean_restaurant, restaurant, food, point_of_interest, establishment",https://www.sura-koreanbbq.com/,https://maps.google.com/?cid=9055500894072505385&g_mp=Cidnb29nbGUubWFwcy5wbGFjZXMudjEuUGxhY2VzLlNlYXJjaFRleHQQAhgEIAA,Korean restaurants in Richmond BC,2.0,$$,2
ChIJrzxkwtt2hlQR3uI2gLC2j2s,Agra Tandoori Restaurant,"3790 Canada Wy, Burnaby, BC V5G 1G4",49.2544506,-123.0204606,4.1,1620.0,indian_restaurant,"indian_restaurant, restaurant, food, point_of_interest, establishment",http://www.agratandoori.ca/,https://maps.google.com/?cid=7750614352909492958&g_mp=Cidnb29nbGUubWFwcy5wbGFjZXMudjEuUGxhY2VzLlNlYXJjaFRleHQQAhgEIAA,Indian restaurants in Burnaby BC,2.0,$$,2
ChIJnZyMwQ11hlQRKh7MpQnk7ZI,Lotus Restaurant,"4131 No 5 Rd, Richmond, BC V6X 2T9",49.1834934,-123.0922504,4.1,1397.0,vietnamese_restaurant,"vietnamese_restaurant, restaurant, food, point_of_interest, establishment",http://www.lotuspho.ca/,https://maps.google.com/?cid=10587369029105360426&g_mp=Cidnb29nbGUubWFwcy5wbGFjZXMudjEuUGxhY2VzLlNlYXJjaFRleHQQAhgEIAA,Vietnamese restaurants in Richmond BC,1.0,$,1
ChIJtd9-hHB3hlQRN5OdRdpbDIQ,Saray Turkish Cuisine,"6633 Hastings St, Burnaby, BC V5B 1S1",49.2805144,-122.9656883,4.1,1312.0,restaurant,"restaurant, food, point_of_interest, establishment",https://sarayturkish.com/,https://maps.google.com/?cid=9515081105755968311&g_mp=Cidnb29nbGUubWFwcy5wbGFjZXMudjEuUGxhY2VzLlNlYXJjaFRleHQQAhgEIAA,Turkish restaurants in Gastown BC,2.0,$$,2
ChIJ0z_tUz9xhlQRX7t01nVfqL4,The Charlatan,"1447 Commercial Dr, Vancouver, BC V5L 3X8",49.2715533,-123.0698961,4.1,1282.0,gastropub,"gastropub, bar, restaurant, food, point_of_interest, establishment",http://thecharlatanrestaurant.com/,https://maps.google.com/?cid=13738335623007484767&g_mp=Cidnb29nbGUubWFwcy5wbGFjZXMudjEuUGxhY2VzLlNlYXJjaFRleHQQAhgEIAA,Seafood restaurants in Commercial Drive BC,2.0,$$,2
ChIJo1wbGMt3hlQR-AgebAq0Z3k,Anatolia's Gate Restaurant,"7084 Kingsway, Burnaby, BC V5E 4J5",49.2181759,-122.9580232,4.1,1245.0,halal_restaurant,"halal_restaurant, middle_eastern_restaurant, turkish_restaurant, restaurant, food, point_of_interest, establishment",https://anatoliasgaterestaurant.zomi.menu/,https://maps.google.com/?cid=8748158758047058168&g_mp=Cidnb29nbGUubWFwcy5wbGFjZXMudjEuUGxhY2VzLlNlYXJjaFRleHQQAhgEIAA,Turkish restaurants in Richmond BC,2.0,$$,2
ChIJN77n001whlQRUPTmiYnZsAU,V-Nam Restaurant,"175 E 3rd St #8, North Vancouver, BC V7L 1E5",49.3120683,-123.0743746,4.1,1240.0,vietnamese_restaurant,"vietnamese_restaurant, restaurant, food, point_of_interest, establishment",https://v-namrestaurant.com/,https://maps.google.com/?cid=410066750838076496&g_mp=Cidnb29nbGUubWFwcy5wbGFjZXMudjEuUGxhY2VzLlNlYXJjaFRleHQQAhgEIAA,Vietnamese restaurants in North Vancouver BC,1.0,$,1
ChIJU-60L_R2hlQRgMT-qSnDJtQ,Ramie's Greek Restaurant,"4287 Kingsway, Burnaby, BC V5H 1Z5",49.2317142,-123.0086929,4.1,1178.0,greek_restaurant,"greek_restaurant, mediterranean_restaurant, seafood_restaurant, meal_delivery, food_delivery, italian_restaurant, european_restaurant, food_store, meal_takeaway, store, restaurant, food, point_of_interest, establishment",http://www.ramiesgreekrestaurant.com/,https://maps.google.com/?cid=15287120568868848768&g_mp=Cidnb29nbGUubWFwcy5wbGFjZXMudjEuUGxhY2VzLlNlYXJjaFRleHQQAhgEIAA,Mediterranean restaurants in Burnaby BC,2.0,$$,2
ChIJnV8LkodxhlQRTNTwh1mtxyo,Kosoo Korean Restaurant - Cardero Location,"832 Cardero St, Vancouver, BC V6G 2G5",49.28909,-123.1325878,4.1,1162.0,korean_restaurant,"korean_restaurant, asian_fusion_restaurant, asian_restaurant, fusion_restaurant, restaurant, food, point_of_interest, establishment",http://www.kosoo.ca/,https://maps.google.com/?cid=3082623070002795596&g_mp=Cidnb29nbGUubWFwcy5wbGFjZXMudjEuUGxhY2VzLlNlYXJjaFRleHQQAhgEIAA,Korean restaurants in Downtown Vancouver BC,2.0,$$,2
ChIJT0vpL0ZxhlQRdxZa1FQ4ciw,Sushi Ville,"2068 Commercial Dr, Vancouver, BC V5N 4B2",49.2663588,-123.0695003,4.1,1159.0,sushi_restaurant,"sushi_restaurant, japanese_restaurant, restaurant, food, point_of_interest, establishment",https://www.facebook.com/sushivillevancouver,https://maps.google.com/?cid=3202684222004926071&g_mp=Cidnb29nbGUubWFwcy5wbGFjZXMudjEuUGxhY2VzLlNlYXJjaFRleHQQAhgEIAA,Japanese restaurants in Commercial Drive BC,1.0,$,1
ChIJ5aV6eityhlQRc9F3UQMXDI0,Pho Goodness,"1150 Davie St, Vancouver, BC V6E 1N1",49.280923,-123.132268,4.1,1105.0,vietnamese_restaurant,"vietnamese_restaurant, restaurant, food, point_of_interest, establishment",http://www.phogoodness.com/,https://maps.google.com/?cid=10163523762087514483&g_mp=Cidnb29nbGUubWFwcy5wbGFjZXMudjEuUGxhY2VzLlNlYXJjaFRleHQQAhgEIAA,Vietnamese restaurants in West End BC,1.0,$,1
ChIJM297MXhxhlQRzeNbCU0As9E,Al Porto Ristorante,"321 Water St, Vancouver, BC V6B 1B6",49.2846851,-123.1093157,4.1,1088.0,italian_restaurant,"italian_restaurant, restaurant, food, point_of_interest, establishment",https://alporto.ca/,https://maps.google.com/?cid=15110421505627644877&g_mp=Cidnb29nbGUubWFwcy5wbGFjZXMudjEuUGxhY2VzLlNlYXJjaFRleHQQAhgEIAA,Italian restaurants in Gastown BC,2.0,$$,2
ChIJt8DHkhx1hlQRhy6OkbWYEe0,Ginger Indian Cuisine,"9100 Blundell Rd #490, Richmond, BC V6Y 3X9",49.15414,-123.1245278,4.1,1044.0,indian_restaurant,"indian_restaurant, fine_dining_restaurant, restaurant, food, point_of_interest, establishment",https://www.gingerindiancuisine.com/,https://maps.google.com/?cid=17082602767191518855&g_mp=Cidnb29nbGUubWFwcy5wbGFjZXMudjEuUGxhY2VzLlNlYXJjaFRleHQQAhgEIAA,Indian restaurants in Richmond BC,2.0,$$,2
ChIJn8hGhzoLhlQRKub0UBt3y88,Sushi Mura Richmond,"6928 Pearson Wy #115, Richmond, BC V7C 0C9",49.1741649,-123.1476808,4.1,1030.0,japanese_restaurant,"japanese_restaurant, sushi_restaurant, restaurant, food, point_of_interest, establishment",https://sushi-mura.com/,https://maps.google.com/?cid=14973192345329395242&g_mp=Cidnb29nbGUubWFwcy5wbGFjZXMudjEuUGxhY2VzLlNlYXJjaFRleHQQAhgEIAA,Japanese restaurants in Richmond BC,2.0,$$,2
ChIJLX5RgE5xhlQRdaZexuM3W-w,Naruto Sushi,"2763 Commercial Dr, Vancouver, BC V5N 4C5",49.2599647,-123.0700025,4.1,1015.0,japanese_restaurant,"japanese_restaurant, sushi_restaurant, asian_restaurant, fast_food_restaurant, meal_takeaway, restaurant, food, point_of_interest, establishment",https://naruto-sushi.ca/,https://maps.google.com/?cid=17031267867256858229&g_mp=Cidnb29nbGUubWFwcy5wbGFjZXMudjEuUGxhY2VzLlNlYXJjaFRleHQQAhgEIAA,Japanese restaurants in Commercial Drive BC,1.0,$,1
ChIJ1-V8VYFxhlQRNmBzHpjMkXE,Joyeaux Café & Restaurant,"551 Howe St, Vancouver, BC V6C 2C2",49.2848185,-123.11695050000002,4.1,983.0,vietnamese_restaurant,"vietnamese_restaurant, restaurant, food, point_of_interest, establishment",http://www.joyeaux-cafe-restaurant.com/,https://maps.google.com/?cid=8183546951626874934&g_mp=Cidnb29nbGUubWFwcy5wbGFjZXMudjEuUGxhY2VzLlNlYXJjaFRleHQQAhgEIAA,Vietnamese restaurants in Downtown Vancouver BC,1.0,$,1
ChIJbxuvj8dzhlQRfzF4AF_TYvI,Lin Chinese Cuisine and Tea House,"1537 W Broadway, Vancouver, BC V6J 5M6",49.263775,-123.1396861,4.1,925.0,chinese_restaurant,"chinese_restaurant, restaurant, food, point_of_interest, establishment",https://www.linchinese.ca/,https://maps.google.com/?cid=17465754709879435647&g_mp=Cidnb29nbGUubWFwcy5wbGFjZXMudjEuUGxhY2VzLlNlYXJjaFRleHQQAhgEIAA,Chinese restaurants in Kitsilano BC,2.0,$$,2
ChIJ36BQHIlxhlQRtMmDXreD5GA,Donair Dude,"2450 Commercial Dr, Vancouver, BC V5N 1W2",49.2627433,-123.06950589999998,4.1,875.0,mediterranean_restaurant,"mediterranean_restaurant, fast_food_restaurant, restaurant, food, point_of_interest, establishment",https://donairdude.orderingclub.com/donairdudecommercialdr1,https://maps.google.com/?cid=6981850145919060404&g_mp=Cidnb29nbGUubWFwcy5wbGFjZXMudjEuUGxhY2VzLlNlYXJjaFRleHQQAhgEIAA,Mediterranean restaurants in Commercial Drive BC,1.0,$,1
ChIJFSGXLV92hlQRTj6NoCT8uUI,Tendon Kohaku - Metrotown,"6063 Silver Dr, Burnaby, BC V5H 0J5",49.2278099,-123.0035827,4.1,822.0,japanese_restaurant,"japanese_restaurant, restaurant, food, point_of_interest, establishment",http://kohakutendon.com/,https://maps.google.com/?cid=4808151311437348430&g_mp=Cidnb29nbGUubWFwcy5wbGFjZXMudjEuUGxhY2VzLlNlYXJjaFRleHQQAhgEIAA,Japanese restaurants in Burnaby BC,2.0,$$,2
ChIJJ_VAYPZ3hlQR9O1wJgehL1k,Annapurna Ruchulu Inc.,"5880 Marine Dr, Burnaby, BC V5J 0A2",49.2053375,-122.97851860000002,4.1,815.0,south_indian_restaurant,"south_indian_restaurant, indian_restaurant, meal_takeaway, restaurant, food, point_of_interest, establishment",https://annapurna.live/,https://maps.google.com/?cid=6426532245362765300&g_mp=Cidnb29nbGUubWFwcy5wbGFjZXMudjEuUGxhY2VzLlNlYXJjaFRleHQQAhgEIAA,Indian restaurants in Burnaby BC,2.0,$$,2
ChIJmecSO2IRsYkRmnLWj2hKvlk,Irie Ting Jamaican Grill,"100 E Cary St, Richmond, VA 23219, USA",37.5417312,-77.4440814,4.1,789.0,restaurant,"restaurant, food, point_of_interest, establishment",http://irieting.com/,https://maps.google.com/?cid=6466687927900861082&g_mp=Cidnb29nbGUubWFwcy5wbGFjZXMudjEuUGxhY2VzLlNlYXJjaFRleHQQAhgEIAA,Caribbean restaurants in Richmond BC,1.0,$,1
ChIJleIsMUZxhlQRmjvOaNLm7SY,Best Falafel Commercial Drive,"2013 Commercial Dr, Vancouver, BC V5N 1J8",49.2666161,-123.069868,4.1,756.0,middle_eastern_restaurant,"middle_eastern_restaurant, fast_food_restaurant, mediterranean_restaurant, restaurant, food, point_of_interest, establishment",http://www.bestfalafel.ca/,https://maps.google.com/?cid=2805151934297553818&g_mp=Cidnb29nbGUubWFwcy5wbGFjZXMudjEuUGxhY2VzLlNlYXJjaFRleHQQAhgEIAA,Mediterranean restaurants in Commercial Drive BC,1.0,$,1
ChIJH2bzVGtzhlQRs1Ok98zdwLQ,El Guapo - Mexican Restaurant Vancouver,"1009 Hamilton St, Vancouver, BC V6B 2R9",49.2767766,-123.1201854,4.1,749.0,restaurant,"restaurant, taco_restaurant, tex_mex_restaurant, mexican_restaurant, hamburger_restaurant, american_restaurant, food, point_of_interest, establishment",https://elguapo.ca/,https://maps.google.com/?cid=13024653994753282995&g_mp=Cidnb29nbGUubWFwcy5wbGFjZXMudjEuUGxhY2VzLlNlYXJjaFRleHQQAhgEIAA,Mexican restaurants in Yaletown BC,2.0,$$,2
ChIJh9iYHRh3hlQR8GaY_dj1RHM,Claudio's Ristorante,"4402 Skyline Dr #103, Burnaby, BC V5C 0M7",49.2654942,-123.0049082,4.1,733.0,italian_restaurant,"italian_restaurant, restaurant, food, point_of_interest, establishment",http://www.claudiosristorante.ca/,https://maps.google.com/?cid=8306033925094401776&g_mp=Cidnb29nbGUubWFwcy5wbGFjZXMudjEuUGxhY2VzLlNlYXJjaFRleHQQAhgEIAA,Italian restaurants in Burnaby BC,2.0,$$,2
ChIJJYhYRhx1hlQRTkhWtG7cuEY,Dai Jang Kum,"3088 St Edwards Dr #109, Richmond, BC V6X 1N4",49.1917511,-123.1097346,4.1,681.0,korean_barbecue_restaurant,"korean_barbecue_restaurant, korean_restaurant, restaurant, food, point_of_interest, establishment",https://www.daijangkum.com/,https://maps.google.com/?cid=5096065346399782990&g_mp=Cidnb29nbGUubWFwcy5wbGFjZXMudjEuUGxhY2VzLlNlYXJjaFRleHQQAhgEIAA,Korean restaurants in Richmond BC,2.0,$$,2
ChIJzbQmNodxhlQRQFhglplDaYg,Coco Rico Cafe,"1290 Robson St, Vancouver, BC V6E 2B1",49.2867904,-123.1285769,4.1,673.0,restaurant,"restaurant, food, point_of_interest, establishment",https://www.cocoricocafe.ca/,https://maps.google.com/?cid=9829461988644771904&g_mp=Cidnb29nbGUubWFwcy5wbGFjZXMudjEuUGxhY2VzLlNlYXJjaFRleHQQAhgEIAA,Caribbean restaurants in Downtown Vancouver BC,1.0,$,1
ChIJyax7tUpyhlQR4GkUHQ4UraM,Thai Basil Restaurant,"2184 Cornwall Ave, Vancouver, BC V6K 1B4",49.2724829,-123.1545317,4.1,651.0,thai_restaurant,"thai_restaurant, restaurant, food, point_of_interest, establishment",https://order.toasttab.com/online/locations/a39d704d-ed6f-49f6-b34f-b140a68a92c6/default,https://maps.google.com/?cid=11794105050003171808&g_mp=Cidnb29nbGUubWFwcy5wbGFjZXMudjEuUGxhY2VzLlNlYXJjaFRleHQQAhgEIAA,Thai restaurants in Kitsilano BC,1.0,$,1
ChIJge8E4tVzhlQRG1dFvCXyJWU,Tacofino Kitsilano,"1909 W 4th Ave, Vancouver, BC V6J 3L9",49.2682664,-123.148459,4.1,635.0,burrito_restaurant,"burrito_restaurant, taco_restaurant, restaurant, food, point_of_interest, establishment",https://www.tacofino.com/locations,https://maps.google.com/?cid=7288497815855388443&g_mp=Cidnb29nbGUubWFwcy5wbGFjZXMudjEuUGxhY2VzLlNlYXJjaFRleHQQAhgEIAA,Mexican restaurants in Kitsilano BC,2.0,$$,2
ChIJmyfRbkdxhlQRo2wITppWL_I,Red Burrito,"1700 Commercial Dr, Vancouver, BC V5N 4A3",49.26946590000001,-123.0693194,4.1,608.0,mexican_restaurant,"mexican_restaurant, burrito_restaurant, restaurant, food, point_of_interest, establishment",http://www.redburrito.ca/,https://maps.google.com/?cid=17451262301818088611&g_mp=Cidnb29nbGUubWFwcy5wbGFjZXMudjEuUGxhY2VzLlNlYXJjaFRleHQQAhgEIAA,Mexican restaurants in Commercial Drive BC,1.0,$,1
ChIJLz0668wKhlQRBfuEmfBpw1E,75 West Coast Grill,"7571 Westminster Hwy, Richmond, BC V6X 1A1",49.1704712,-123.14060440000002,4.1,606.0,bar_and_grill,"bar_and_grill, bar, restaurant, food, point_of_interest, establishment",http://75west.ca/,https://maps.google.com/?cid=5891669219619437317&g_mp=Cidnb29nbGUubWFwcy5wbGFjZXMudjEuUGxhY2VzLlNlYXJjaFRleHQQAhgEIAA,Seafood restaurants in Richmond BC,2.0,$$,2
ChIJoWPKIj5xhlQR2vCsGMqW3FM,Zawa Restaurant,"920 Commercial Dr, Vancouver, BC V5L 3W7",49.276367,-123.0693362,4.1,571.0,restaurant,"restaurant, food, point_of_interest, establishment",http://zawarestaurant.com/,https://maps.google.com/?cid=6042870594765910234&g_mp=Cidnb29nbGUubWFwcy5wbGFjZXMudjEuUGxhY2VzLlNlYXJjaFRleHQQAhgEIAA,Mediterranean restaurants in Commercial Drive BC,2.0,$$,2
ChIJ_2zRRz5xhlQRUy7j_htymzY,Britannia Sushi,"1016 Commercial Dr, Vancouver, BC V5L 3W9",49.2754394,-123.0692655,4.1,560.0,sushi_restaurant,"sushi_restaurant, japanese_restaurant, meal_takeaway, restaurant, food, point_of_interest, establishment",https://britanniasushi.zomi.menu/,https://maps.google.com/?cid=3934864164004245075&g_mp=Cidnb29nbGUubWFwcy5wbGFjZXMudjEuUGxhY2VzLlNlYXJjaFRleHQQAhgEIAA,Japanese restaurants in Commercial Drive BC,1.0,$,1
ChIJG8GckpUKhlQRyvwt7OJIfck,Otaru Japanese Kitchen,"8180 No 2 Rd #168, Richmond, BC V7C 5J8",49.153756,-123.157066,4.1,557.0,japanese_restaurant,"japanese_restaurant, restaurant, food, point_of_interest, establishment",http://www.otarurichmond.com/,https://maps.google.com/?cid=14518840913174592714&g_mp=Cidnb29nbGUubWFwcy5wbGFjZXMudjEuUGxhY2VzLlNlYXJjaFRleHQQAhgEIAA,Japanese restaurants in Richmond BC,2.0,$$,2
ChIJTYMJhrNzhlQRMI7Di-Fta5k,Hi-Nippon Japanese Restaurant,"2274 W 4th Ave, Vancouver, BC V6K 1S4",49.2679944,-123.1569278,4.1,547.0,japanese_restaurant,"japanese_restaurant, sushi_restaurant, restaurant, food, point_of_interest, establishment",https://hi-nippon.ca/,https://maps.google.com/?cid=11055050525790932528&g_mp=Cidnb29nbGUubWFwcy5wbGFjZXMudjEuUGxhY2VzLlNlYXJjaFRleHQQAhgEIAA,Japanese restaurants in Kitsilano BC,2.0,$$,2
ChIJCR4U1swKhlQRuUS8KGDaJJo,CAVU Kitchen Bar,"5911 Minoru Blvd Unit -121, Richmond, BC V6X 4C7",49.1717259,-123.140586,4.1,539.0,restaurant,"restaurant, bar, food, point_of_interest, establishment",http://cavukitchenbar.com/,https://maps.google.com/?cid=11107242687537628345&g_mp=Cidnb29nbGUubWFwcy5wbGFjZXMudjEuUGxhY2VzLlNlYXJjaFRleHQQAhgEIAA,Vegetarian restaurants in Richmond BC,2.0,$$,2
ChIJ02jEpUdxhlQRBdBg2ie8OH4,Kojima Sushi,"1836 Commercial Dr, Vancouver, BC V5N 4A5",49.2681034,-123.0694691,4.1,519.0,sushi_restaurant,"sushi_restaurant, asian_restaurant, japanese_restaurant, restaurant, food, point_of_interest, establishment",https://kojimasushi.zomi.menu/,https://maps.google.com/?cid=9095226326828240901&g_mp=Cidnb29nbGUubWFwcy5wbGFjZXMudjEuUGxhY2VzLlNlYXJjaFRleHQQAhgEIAA,Japanese restaurants in Commercial Drive BC,1.0,$,1
ChIJW-Y4ICDghVQRMidUlItK4Tw,Pho Khang,"1W6, 10111 Number 3 Rd Unit 206, Richmond, BC V7A 1G3",49.1399699,-123.1374714,4.1,511.0,vietnamese_restaurant,"vietnamese_restaurant, restaurant, food, point_of_interest, establishment",https://phokhang.zomi.menu/,https://maps.google.com/?cid=4386869475385026354&g_mp=Cidnb29nbGUubWFwcy5wbGFjZXMudjEuUGxhY2VzLlNlYXJjaFRleHQQAhgEIAA,Vietnamese restaurants in Richmond BC,1.0,$,1
ChIJAQBAvH9xhlQRr9iI1i0f_UI,Aladdin Café,"615 Robson St, Vancouver, BC V6B 5J3",49.2809908,-123.11898469999998,4.1,507.0,mediterranean_restaurant,"mediterranean_restaurant, cafe, restaurant, food, point_of_interest, establishment",https://www.facebook.com/AladdinsVancouver/,https://maps.google.com/?cid=4827048657344321711&g_mp=Cidnb29nbGUubWFwcy5wbGFjZXMudjEuUGxhY2VzLlNlYXJjaFRleHQQAhgEIAA,Mediterranean restaurants in Downtown Vancouver BC,1.0,$,1
ChIJB84ONMJ5hlQRIB447SG8dY4,Secret Garden Korean Buffet,"9628 Cameron St, Burnaby, BC V3J 1M2",49.2526829,-122.8981599,4.1,491.0,restaurant,"restaurant, korean_restaurant, food, point_of_interest, establishment",https://www.secretgardenbuffet.com/,https://maps.google.com/?cid=10265317779560734240&g_mp=Cidnb29nbGUubWFwcy5wbGFjZXMudjEuUGxhY2VzLlNlYXJjaFRleHQQAhgEIAA,Korean restaurants in Burnaby BC,2.0,$$,2
ChIJz2tof3hxhlQR3BLct2HTyyU,Rice and Noodle,"1661 Lonsdale Ave, North Vancouver, BC V7M 2J5",49.3239215,-123.0725977,4.1,478.0,restaurant,"restaurant, asian_restaurant, food, point_of_interest, establishment",http://www.riceandnoodle.com/,https://maps.google.com/?cid=2723502816325538524&g_mp=Cidnb29nbGUubWFwcy5wbGFjZXMudjEuUGxhY2VzLlNlYXJjaFRleHQQAhgEIAA,Thai restaurants in North Vancouver BC,2.0,$$,2
ChIJi6s62qpzhlQRvICqE4kUZs4,Pure Delight Café,"3236 W Broadway, Vancouver, BC V6K 2L3",49.2640679,-123.176691,4.1,391.0,vietnamese_restaurant,"vietnamese_restaurant, restaurant, food, point_of_interest, establishment",https://www.puredelightcafe.com/,https://maps.google.com/?cid=14872597398410657980&g_mp=Cidnb29nbGUubWFwcy5wbGFjZXMudjEuUGxhY2VzLlNlYXJjaFRleHQQAhgEIAA,Vietnamese restaurants in Kitsilano BC,1.0,$,1
ChIJJaBwcM5zhlQRklpR_RexGAw,Sen Pad Thai,"1689 Johnston St, Vancouver, BC V6H 3X4",49.2728156,-123.13499499999998,4.1,355.0,thai_restaurant,"thai_restaurant, restaurant, food, point_of_interest, establishment",http://www.senpadthai.com/,https://maps.google.com/?cid=871641244488522386&g_mp=Cidnb29nbGUubWFwcy5wbGFjZXMudjEuUGxhY2VzLlNlYXJjaFRleHQQAhgEIAA,Thai restaurants in Downtown Vancouver BC,1.0,$,1
ChIJRZlc3FJyhlQReYHPjm2To9A,Jolly's Indian Bistro,"2928 W 4th Ave, Vancouver, BC V6K 4A8",49.268272,-123.170728,4.1,344.0,indian_restaurant,"indian_restaurant, asian_restaurant, restaurant, food, point_of_interest, establishment",https://jollysindianbistro.ca/,https://maps.google.com/?cid=15034022079849529721&g_mp=Cidnb29nbGUubWFwcy5wbGFjZXMudjEuUGxhY2VzLlNlYXJjaFRleHQQAhgEIAA,Indian restaurants in Kitsilano BC,2.0,$$,2
ChIJvbLgFAB1hlQRGcsOGUZcLLM,Pho 68 Richmond,"4651 Number 3 Rd #150, Richmond, BC V6X 2C3",49.1797303,-123.1375092,4.1,331.0,vietnamese_restaurant,"vietnamese_restaurant, restaurant, food, point_of_interest, establishment",https://www.pho68richmond.ca/,https://maps.google.com/?cid=12910795687902235417&g_mp=Cidnb29nbGUubWFwcy5wbGFjZXMudjEuUGxhY2VzLlNlYXJjaFRleHQQAhgEIAA,Vietnamese restaurants in Richmond BC,1.0,$,1
ChIJR-wsMfh0hlQRvBDJu-XTzHw,Ming's Garden,"North, 965 Marine Dr, North Vancouver, BC V7P 1S4",49.3231943,-123.1010271,4.1,328.0,chinese_restaurant,"chinese_restaurant, restaurant, food, point_of_interest, establishment",http://mingsgarden.ca/,https://maps.google.com/?cid=8992795539603525820&g_mp=Cidnb29nbGUubWFwcy5wbGFjZXMudjEuUGxhY2VzLlNlYXJjaFRleHQQAhgEIAA,Chinese restaurants in North Vancouver BC,1.0,$,1
ChIJ1Vv4smTKhVQRWBUGegNAudI,Wonderful Szechuan Restaurant,"1238 Ross Rd, North Vancouver, BC V7K 1C7",49.3366671,-123.0398629,4.1,316.0,chinese_restaurant,"chinese_restaurant, restaurant, food, point_of_interest, establishment",,https://maps.google.com/?cid=15184238002332636504&g_mp=Cidnb29nbGUubWFwcy5wbGFjZXMudjEuUGxhY2VzLlNlYXJjaFRleHQQAhgEIAA,Chinese restaurants in North Vancouver BC,2.0,$$,2
ChIJbf2IyG53hlQRMozA_mUECYA,Rice and Noodle (Highgate),"7155 Kingsway #204, Burnaby, BC V5E 2V1",49.2191662,-122.9569168,4.1,301.0,restaurant,"restaurant, asian_restaurant, food, point_of_interest, establishment",http://www.riceandnoodle.com/,https://maps.google.com/?cid=9225910147757411378&g_mp=Cidnb29nbGUubWFwcy5wbGFjZXMudjEuUGxhY2VzLlNlYXJjaFRleHQQAhgEIAA,Thai restaurants in Burnaby BC,1.0,$,1
ChIJi_-UK990hlQR34VR-RbEdw8,the apron,"3099 Corvette Way, Richmond, BC V6X 4K3",49.1907358,-123.1333793,4.1,287.0,restaurant,"restaurant, food, point_of_interest, establishment",https://www.theapronrichmond.com/,https://maps.google.com/?cid=1114575035748681183&g_mp=Cidnb29nbGUubWFwcy5wbGFjZXMudjEuUGxhY2VzLlNlYXJjaFRleHQQAhgEIAA,Vegetarian restaurants in Richmond BC,2.0,$$,2
ChIJ4dRNTj9xhlQRowICuACfzys,Sake Maki,"1108 Commercial Dr, Vancouver, BC V5L 3X2",49.2746232,-123.0693248,4.1,283.0,japanese_restaurant,"japanese_restaurant, family_restaurant, sushi_restaurant, restaurant, food, point_of_interest, service, establishment",https://sake-maki.ca/,https://maps.google.com/?cid=3156916689245962915&g_mp=Cidnb29nbGUubWFwcy5wbGFjZXMudjEuUGxhY2VzLlNlYXJjaFRleHQQAhgEIAA,Japanese restaurants in Commercial Drive BC,2.0,$$,2
ChIJaXzZ96Z3hlQRcJ7pptA72s8,Deer Lake Wonton Restaurant,"5107 Canada Wy, Burnaby, BC V5E 3N1",49.2392236,-122.9632149,4.1,277.0,chinese_restaurant,"chinese_restaurant, restaurant, food, point_of_interest, establishment",https://deerlakewontonrestaurant.zomi.menu/,https://maps.google.com/?cid=14977349278113570416&g_mp=Cidnb29nbGUubWFwcy5wbGFjZXMudjEuUGxhY2VzLlNlYXJjaFRleHQQAhgEIAA,Chinese restaurants in Burnaby BC,1.0,$,1
ChIJmfdlgrdzhlQRngOJ7AtGexQ,Papaya Hut Restaurant,"2435 Burrard St, Vancouver, BC V6J 3J3",49.2641363,-123.1460137,4.1,272.0,thai_restaurant,"thai_restaurant, restaurant, food, point_of_interest, establishment",https://papayahutburrard.com/?utm_source=google&utm_medium=maps&utm_campaign=website,https://maps.google.com/?cid=1475850319920956318&g_mp=Cidnb29nbGUubWFwcy5wbGFjZXMudjEuUGxhY2VzLlNlYXJjaFRleHQQAhgEIAA,Thai restaurants in Kitsilano BC,1.0,$,1
ChIJQ3kK141zhlQRT8ydAxzK_LU,Sandeul Korean Restaurant,"6019 West Blvd, Vancouver, BC V6M 3X2",49.2316181,-123.1558566,4.1,266.0,korean_restaurant,"korean_restaurant, restaurant, food, point_of_interest, establishment",http://sandeulkorean.ca/,https://maps.google.com/?cid=13113578436664609871&g_mp=Cidnb29nbGUubWFwcy5wbGFjZXMudjEuUGxhY2VzLlNlYXJjaFRleHQQAhgEIAA,Korean restaurants in Kitsilano BC,2.0,$$,2
ChIJWedQM3JxhlQRIx2WTWbGdYc,Sing Sing Commercial,"1191 Commercial Dr, Vancouver, BC V5L 3X3",49.2741085,-123.0698051,4.1,265.0,restaurant,"restaurant, bar, food, point_of_interest, establishment",https://www.freehouse.co/locations/sing-sing-commercial,https://maps.google.com/?cid=9760925910086065443&g_mp=Cidnb29nbGUubWFwcy5wbGFjZXMudjEuUGxhY2VzLlNlYXJjaFRleHQQAhgEIAA,Vietnamese restaurants in Commercial Drive BC,2.0,$$,2
ChIJM0nzK8FxhlQR5RVrE41II0o,Quesada Burritos & Tacos,"139 Lonsdale Ave, North Vancouver, BC V7M 2E7",49.3125585,-123.0783664,4.1,255.0,mexican_restaurant,"mexican_restaurant, tex_mex_restaurant, burrito_restaurant, american_restaurant, restaurant, food, point_of_interest, establishment",https://quesada.ca/,https://maps.google.com/?cid=5342193353744913893&g_mp=Cidnb29nbGUubWFwcy5wbGFjZXMudjEuUGxhY2VzLlNlYXJjaFRleHQQAhgEIAA,Mexican restaurants in North Vancouver BC,1.0,$,1
ChIJpeM1TIJ3hlQRALeXmpKjmC4,Time & Place Kitchen | Bar,"Located inside Hilton Vancouver Metrotown, 6083 McKay Ave, Burnaby, BC V5H 2W7",49.2286216,-123.0044532,4.1,160.0,restaurant,"restaurant, bar, food, point_of_interest, establishment",https://www.timeandplaceburnaby.com/,https://maps.google.com/?cid=3357613372258891520&g_mp=Cidnb29nbGUubWFwcy5wbGFjZXMudjEuUGxhY2VzLlNlYXJjaFRleHQQAhgEIAA,Italian restaurants in Burnaby BC,2.0,$$,2
ChIJ3Sa7ZJJxhlQRJXihTW6QtuU,Tatos Kitchen盒饭,"232 Keefer St, Vancouver, BC V6A 1X5",49.2793684,-123.0988074,4.1,135.0,chinese_restaurant,"chinese_restaurant, asian_restaurant, meal_takeaway, restaurant, food, point_of_interest, establishment",http://tatoskitchen.zomi.menu/,https://maps.google.com/?cid=16552576283870066725&g_mp=Cidnb29nbGUubWFwcy5wbGFjZXMudjEuUGxhY2VzLlNlYXJjaFRleHQQAhgEIAA,Chinese restaurants in Gastown BC,2.0,$$,2
ChIJJ2ni0qRzhlQRMvkbHB2v5k0,Ridge Garden Restaurant,"4009 Macdonald St, Vancouver, BC V6L 2N9",49.2507853,-123.1681026,4.1,135.0,chinese_restaurant,"chinese_restaurant, restaurant, food, point_of_interest, establishment",http://www.ridgegardenrestaurant.ca/,https://maps.google.com/?cid=5613366525124409650&g_mp=Cidnb29nbGUubWFwcy5wbGFjZXMudjEuUGxhY2VzLlNlYXJjaFRleHQQAhgEIAA,Chinese restaurants in Kitsilano BC,2.0,$$,2
ChIJhwEiAl13hlQRtBk9crxwj5M,Xiangyu Hunan Cuisine 湘遇 湖南菜,"5595 B Kingsway, Burnaby, BC V5H 2G3",49.2234327,-122.9828215,4.1,130.0,restaurant,"restaurant, food, point_of_interest, establishment",https://h5.posking.ca/#/shop?id=632,https://maps.google.com/?cid=10632841199917799860&g_mp=Cidnb29nbGUubWFwcy5wbGFjZXMudjEuUGxhY2VzLlNlYXJjaFRleHQQAhgEIAA,Chinese restaurants in Burnaby BC,2.0,$$,2
ChIJuZkGG_FxhlQRvMkXNftG2eQ,V-Nam Restaurant Lonsdale,"1643 Lonsdale Ave, North Vancouver, BC V7M 2J5",49.3238659,-123.0725823,4.1,114.0,vietnamese_restaurant,"vietnamese_restaurant, restaurant, food, point_of_interest, establishment",,https://maps.google.com/?cid=16490289555335268796&g_mp=Cidnb29nbGUubWFwcy5wbGFjZXMudjEuUGxhY2VzLlNlYXJjaFRleHQQAhgEIAA,Vietnamese restaurants in North Vancouver BC,1.0,$,1
ChIJIejScbVzhlQRriQHAu1WxtQ,Rice and Noodle (Granville St),"968 Granville St, Vancouver, BC V6Z 1L2",49.2795163,-123.1223758,4.1,78.0,restaurant,"restaurant, asian_restaurant, food, point_of_interest, establishment",http://www.riceandnoodle.com/,https://maps.google.com/?cid=15332037557370692782&g_mp=Cidnb29nbGUubWFwcy5wbGFjZXMudjEuUGxhY2VzLlNlYXJjaFRleHQQAhgEIAA,Thai restaurants in Downtown Vancouver BC,2.0,$$,2
ChIJwUaKHvZ2hlQR6O83uq2i2HA,Trattoria Burnaby (Old Listing),"4501 Kingsway #102, Burnaby, BC V5H 2A9",49.2301941,-123.0039355,4.0,2960.0,restaurant,"restaurant, wine_bar, brunch_restaurant, italian_restaurant, cocktail_bar, meal_takeaway, bar, food_store, food, store, point_of_interest, establishment",https://glowbalgroup.com/trattoria/trattoria-burnaby.html?utm_source=GoogleBusinessProfile&utm_medium=Website&utm_campaign=MapLabs,https://maps.google.com/?cid=8131427994254700520&g_mp=Cidnb29nbGUubWFwcy5wbGFjZXMudjEuUGxhY2VzLlNlYXJjaFRleHQQAhgEIAA,Italian restaurants in Burnaby BC,2.0,$$,2
ChIJA2jYL01whlQRRbgzs6V6Jh4,PIER 7 Restaurant + Bar,"25 Wallace Mews, North Vancouver, BC V7L 0B9",49.3095521,-123.08026350000002,4.0,2560.0,seafood_restaurant,"seafood_restaurant, brunch_restaurant, lounge_bar, night_club, pub, meal_takeaway, cocktail_bar, bar, restaurant, food, point_of_interest, establishment",http://www.pierseven.ca/,https://maps.google.com/?cid=2172558722347546693&g_mp=Cidnb29nbGUubWFwcy5wbGFjZXMudjEuUGxhY2VzLlNlYXJjaFRleHQQAhgEIAA,Seafood restaurants in North Vancouver BC,3.0,$$$,3
ChIJm9FoVjN1hlQRe7ATPx9deoY,Empire Seafood Restaurant,"5951 Number 3 Rd Unit 200, Richmond, BC V6X 2E3",49.1708599,-123.1370615,4.0,2344.0,seafood_restaurant,"seafood_restaurant, dim_sum_restaurant, cantonese_restaurant, chinese_restaurant, restaurant, food, point_of_interest, establishment",http://www.empirerestaurant.ca/,https://maps.google.com/?cid=9690159937024667771&g_mp=Cidnb29nbGUubWFwcy5wbGFjZXMudjEuUGxhY2VzLlNlYXJjaFRleHQQAhgEIAA,Seafood restaurants in Richmond BC,2.0,$$,2
ChIJyaXVQ854hlQRvNVDn-giLD8,Rio Brazilian Steakhouse Coquitlam,"2729 Barnet Hwy, Coquitlam, BC V3E 1K9",49.2782955,-122.81196909999998,4.0,2227.0,restaurant,"restaurant, steak_house, food, point_of_interest, establishment",https://riobraziliansteakhouse.ca/,https://maps.google.com/?cid=4552051705864508860&g_mp=Cidnb29nbGUubWFwcy5wbGFjZXMudjEuUGxhY2VzLlNlYXJjaFRleHQQAhgEIAA,Brazilian restaurants in Yaletown BC,2.0,$$,2
ChIJSRhgNEl2hlQRZxQhv6nTOuc,The One Restaurant,"5908 Kingsway, Burnaby, BC V5J 1H2",49.2205798,-122.9772057,4.0,1991.0,taiwanese_restaurant,"taiwanese_restaurant, restaurant, food, point_of_interest, establishment",http://theonerestaurant.ca/,https://maps.google.com/?cid=16661862497420121191&g_mp=Cidnb29nbGUubWFwcy5wbGFjZXMudjEuUGxhY2VzLlNlYXJjaFRleHQQAhgEIAA,Chinese restaurants in Burnaby BC,2.0,$$,2
ChIJTZIwFSZ1hlQRB-7WRCF4Y3g,Fisherman's Terrace Seafood Restaurant,"4151 Hazelbridge Wy Unit 3580, Richmond, BC V6X 0A4",49.183362,-123.1342207,4.0,1855.0,chinese_restaurant,"chinese_restaurant, dim_sum_restaurant, seafood_restaurant, brunch_restaurant, cantonese_restaurant, family_restaurant, restaurant, food, point_of_interest, establishment",https://www.fishermansterrace.com/,https://maps.google.com/?cid=8674909391529897479&g_mp=Cidnb29nbGUubWFwcy5wbGFjZXMudjEuUGxhY2VzLlNlYXJjaFRleHQQAhgEIAA,Chinese restaurants in Richmond BC,2.0,$$,2
ChIJP6I2o89zhlQRSd2949wlALs,Dockside Restaurant,"1253 Johnston St, Vancouver, BC V6H 3R9",49.2695074,-123.13127709999998,4.0,1721.0,restaurant,"restaurant, food, point_of_interest, establishment",http://www.docksidevancouver.com/,https://maps.google.com/?cid=13474811715736427849&g_mp=Cidnb29nbGUubWFwcy5wbGFjZXMudjEuUGxhY2VzLlNlYXJjaFRleHQQAhgEIAA,Seafood restaurants in Downtown Vancouver BC,3.0,$$$,3
ChIJxXnNT2x1hlQRBtpAv6dZUQs,The Fish Man,"8391 Alexandra Rd #1170, Richmond, BC V6X 3W5",49.17848430000001,-123.1303085,4.0,1629.0,seafood_restaurant,"seafood_restaurant, restaurant, food, point_of_interest, establishment",https://www.fishmanrestaurant.com/,https://maps.google.com/?cid=815531584533879302&g_mp=Cidnb29nbGUubWFwcy5wbGFjZXMudjEuUGxhY2VzLlNlYXJjaFRleHQQAhgEIAA,Seafood restaurants in Richmond BC,2.0,$$,2
ChIJFf5wWjhwhlQRC17dCyAhtdw,Cazba Restaurant,"132 16th St W, North Vancouver, BC V7M 1T4",49.32329,-123.07402159999998,4.0,1604.0,persian_restaurant,"persian_restaurant, restaurant, food, point_of_interest, establishment",http://cazbarestaurant.com/,https://maps.google.com/?cid=15903654080650501643&g_mp=Cidnb29nbGUubWFwcy5wbGFjZXMudjEuUGxhY2VzLlNlYXJjaFRleHQQAhgEIAA,Turkish restaurants in North Vancouver BC,1.0,$,1
ChIJi4d-PEp2hlQRJo9GC1uRPTE,Lee Garden Seafood Restaurant,"6401 Kingsway, Burnaby, BC V5E 1C9",49.2198308,-122.9702515,4.0,1574.0,cantonese_restaurant,"cantonese_restaurant, chinese_restaurant, restaurant, food, point_of_interest, establishment",https://leegarden-seafood.com/?utm_source=google&utm_medium=maps&utm_campaign=website,https://maps.google.com/?cid=3548151901655043878&g_mp=Cidnb29nbGUubWFwcy5wbGFjZXMudjEuUGxhY2VzLlNlYXJjaFRleHQQAhgEIAA,Chinese restaurants in Burnaby BC,2.0,$$,2
ChIJy41KmbR5hlQRdPxzpwvYi-I,Ayam Zaman,"1090 Lougheed Hwy. #116, Coquitlam, BC V3K 6G9",49.2340472,-122.86247979999996,4.0,1526.0,middle_eastern_restaurant,"middle_eastern_restaurant, restaurant, food, point_of_interest, establishment",https://ayamzamanrestuarant.ca/,https://maps.google.com/?cid=16324378818900130932&g_mp=Cidnb29nbGUubWFwcy5wbGFjZXMudjEuUGxhY2VzLlNlYXJjaFRleHQQAhgEIAA,Lebanese restaurants in Burnaby BC,2.0,$$,2
ChIJPRDwrkdxhlQRR-cFPLswIfg,Belgian Fries,"1885 Commercial Dr, Vancouver, BC V5N 4A6",49.2679218,-123.0698582,4.0,1461.0,fast_food_restaurant,"fast_food_restaurant, hamburger_restaurant, american_restaurant, restaurant, food, point_of_interest, establishment",http://www.belgianfries.ca/,https://maps.google.com/?cid=17879625576361617223&g_mp=Cidnb29nbGUubWFwcy5wbGFjZXMudjEuUGxhY2VzLlNlYXJjaFRleHQQAhgEIAA,French restaurants in Commercial Drive BC,1.0,$,1
ChIJB-Mk001xhlQR_3nsh7OL8x4,ChongQing On Commercial,"2808 Commercial Dr, Vancouver, BC V5N 4C6",49.2594137,-123.0696509,4.0,1449.0,chinese_restaurant,"chinese_restaurant, restaurant, food, point_of_interest, establishment",http://www.cqrestaurant.com/,https://maps.google.com/?cid=2230279843674356223&g_mp=Cidnb29nbGUubWFwcy5wbGFjZXMudjEuUGxhY2VzLlNlYXJjaFRleHQQAhgEIAA,Chinese restaurants in Commercial Drive BC,2.0,$$,2
ChIJBaETatp2hlQRDATRPDj8Hvo,Burnaby Palace Restaurant,"3110 Boundary Rd, Burnaby, BC V5M 4A2",49.2562766,-123.0231189,4.0,1336.0,chinese_restaurant,"chinese_restaurant, restaurant, food, point_of_interest, establishment",https://burnabypalace.ca/?utm_source=google&utm_medium=maps&utm_campaign=website,https://maps.google.com/?cid=18023120077252002828&g_mp=Cidnb29nbGUubWFwcy5wbGFjZXMudjEuUGxhY2VzLlNlYXJjaFRleHQQAhgEIAA,Chinese restaurants in Burnaby BC,2.0,$$,2
ChIJy9N3R9ZzhlQRhcyU8dkLAmU,Banter Room,"1039 Mainland St, Vancouver, BC V6B 2R9",49.2763585,-123.1197716,4.0,1316.0,restaurant,"restaurant, lounge_bar, night_club, bar, food, point_of_interest, establishment",http://banterroom.com/,https://maps.google.com/?cid=7278392978473012357&g_mp=Cidnb29nbGUubWFwcy5wbGFjZXMudjEuUGxhY2VzLlNlYXJjaFRleHQQAhgEIAA,Spanish restaurants in Yaletown BC,2.0,$$,2
ChIJ2SOgT85xhlQR11hU5eVvDvc,Gilaneh GrillHouse Restaurant - North Vancouver,"222 Pemberton Ave, North Vancouver, BC V7P 2R5",49.3196474,-123.1075995,4.0,1270.0,persian_restaurant,"persian_restaurant, kebab_shop, food_court, fast_food_restaurant, bar_and_grill, bar, restaurant, food, point_of_interest, establishment",https://gilane.ca/,https://maps.google.com/?cid=17802289410227853527&g_mp=Cidnb29nbGUubWFwcy5wbGFjZXMudjEuUGxhY2VzLlNlYXJjaFRleHQQAhgEIAA,Mediterranean restaurants in North Vancouver BC,2.0,$$,2
ChIJpS9LjjR1hlQRRqP_mmTAqVA,Samsoonie Noodle And Rice,"8211 Westminster Hwy unit 140, BC, Richmond, BC V6X 3K5",49.1707641,-123.13342099999998,4.0,1247.0,korean_restaurant,"korean_restaurant, restaurant, food, point_of_interest, establishment",,https://maps.google.com/?cid=5812388332428043078&g_mp=Cidnb29nbGUubWFwcy5wbGFjZXMudjEuUGxhY2VzLlNlYXJjaFRleHQQAhgEIAA,Korean restaurants in Richmond BC,2.0,$$,2
ChIJ_3adt9x0hlQRKOFpsUS8g30,BiBo Pizzeria,"1067c Templeton Station Rd, Richmond, BC V7B 0B7",49.1967649,-123.1401784,4.0,1214.0,italian_restaurant,"italian_restaurant, pizza_restaurant, restaurant, food, point_of_interest, establishment",http://www.thebibo.com/,https://maps.google.com/?cid=9044279479910392104&g_mp=Cidnb29nbGUubWFwcy5wbGFjZXMudjEuUGxhY2VzLlNlYXJjaFRleHQQAhgEIAA,Italian restaurants in Richmond BC,2.0,$$,2
ChIJudWMIU92hlQR5aSDKZPFgp4,Hanwoori Korean Restaurant,"5740 Imperial St, Burnaby, BC V5J 1G2",49.2217157,-122.9807393,4.0,1154.0,korean_restaurant,"korean_restaurant, restaurant, food, point_of_interest, establishment",http://www.hanwoori.ca/,https://maps.google.com/?cid=11421908840812356837&g_mp=Cidnb29nbGUubWFwcy5wbGFjZXMudjEuUGxhY2VzLlNlYXJjaFRleHQQAhgEIAA,Korean restaurants in Burnaby BC,2.0,$$,2
ChIJsWzZ8st3hlQRu-fW9hvvQ2w,Joyful Seafood Restaurant,"5665 Kingsway #150, Burnaby, BC V5H 2G6",49.2228954,-122.9815721,4.0,1152.0,cantonese_restaurant,"cantonese_restaurant, seafood_restaurant, chinese_restaurant, restaurant, food, point_of_interest, establishment",https://joyfulseafood.store/,https://maps.google.com/?cid=7801341882920265659&g_mp=Cidnb29nbGUubWFwcy5wbGFjZXMudjEuUGxhY2VzLlNlYXJjaFRleHQQAhgEIAA,Chinese restaurants in Burnaby BC,2.0,$$,2
ChIJJbTUdcBzhlQR_WYX658KojM,La Ruota Pizzeria Kitsilano,"2002 W 4th Ave, Vancouver, BC V6J 1M9",49.2679474,-123.15056769999998,4.0,1053.0,pizza_restaurant,"pizza_restaurant, food_store, italian_restaurant, store, restaurant, food, point_of_interest, establishment",https://www.laruota.ca/store/west4th,https://maps.google.com/?cid=3720547924121708285&g_mp=Cidnb29nbGUubWFwcy5wbGFjZXMudjEuUGxhY2VzLlNlYXJjaFRleHQQAhgEIAA,Italian restaurants in Kitsilano BC,2.0,$$,2
ChIJ6drFtDBxhlQRwdv1BtHM9g0,Cindys Palace,"1796 Nanaimo St, Vancouver, BC V5N 5B9",49.2687091,-123.0562413,4.0,1009.0,chinese_restaurant,"chinese_restaurant, restaurant, food, point_of_interest, establishment",http://cindyspalace.zomi.menu/,https://maps.google.com/?cid=1006216764900891585&g_mp=Cidnb29nbGUubWFwcy5wbGFjZXMudjEuUGxhY2VzLlNlYXJjaFRleHQQAhgEIAA,Chinese restaurants in Mount Pleasant BC,2.0,$$,2
ChIJEZCM8stxhlQRDfPNORNOs6Y,Shilla Korean Restaurant,"1031 Kingsway, Vancouver, BC V5V 3C7",49.2537745,-123.0829748,4.0,946.0,restaurant,"restaurant, korean_restaurant, food, point_of_interest, establishment",https://www.shillakoreanonline.com/,https://maps.google.com/?cid=12012030475608388365&g_mp=Cidnb29nbGUubWFwcy5wbGFjZXMudjEuUGxhY2VzLlNlYXJjaFRleHQQAhgEIAA,Korean restaurants in Commercial Drive BC,1.0,$,1
ChIJw08HKoBxhlQRc_IB-YyPgMk,Faubourg,"769 Hornby St, Vancouver, BC V6Z 1S2",49.2831054,-123.1214493,4.0,937.0,bakery,"bakery, breakfast_restaurant, pastry_shop, coffee_shop, dessert_shop, confectionery, cafe, wholesaler, manufacturer, food_store, store, restaurant, food, point_of_interest, establishment",http://www.faubourg.com/,https://maps.google.com/?cid=14519763034278326899&g_mp=Cidnb29nbGUubWFwcy5wbGFjZXMudjEuUGxhY2VzLlNlYXJjaFRleHQQAhgEIAA,French restaurants in Downtown Vancouver BC,2.0,$$,2
ChIJN4qi39ZzhlQRlzqSDb047TY,Sushi Maro Japanese Restaurant,"1168 Mainland St #101, Vancouver, BC V6B 2S2",49.2749058,-123.1218909,4.0,919.0,sushi_restaurant,"sushi_restaurant, asian_restaurant, seafood_restaurant, japanese_restaurant, restaurant, food, point_of_interest, establishment",,https://maps.google.com/?cid=3957882032156195479&g_mp=Cidnb29nbGUubWFwcy5wbGFjZXMudjEuUGxhY2VzLlNlYXJjaFRleHQQAhgEIAA,Japanese restaurants in Yaletown BC,2.0,$$,2
ChIJhVwmO8N3hlQR_fJxmkOTcpA,New Lakeview Seafood & Wonton,"7765 6th St, Burnaby, BC V3N 3M9",49.2204194,-122.930033,4.0,918.0,chinese_restaurant,"chinese_restaurant, seafood_restaurant, restaurant, food, point_of_interest, establishment",http://newlakeviewseafoodwonton.zomi.menu/,https://maps.google.com/?cid=10408543607369888509&g_mp=Cidnb29nbGUubWFwcy5wbGFjZXMudjEuUGxhY2VzLlNlYXJjaFRleHQQAhgEIAA,Chinese restaurants in Burnaby BC,1.0,$,1
ChIJARfKW7txhlQRgm1BxguLamU,Loula's,"1608 Commercial Dr, Vancouver, BC V5L 3Y4",49.2703083,-123.0693648,4.0,791.0,restaurant,"restaurant, greek_restaurant, food, point_of_interest, establishment",http://loulastaverna.com/,https://maps.google.com/?cid=7307806228049128834&g_mp=Cidnb29nbGUubWFwcy5wbGFjZXMudjEuUGxhY2VzLlNlYXJjaFRleHQQAhgEIAA,Mediterranean restaurants in Commercial Drive BC,2.0,$$,2
ChIJQdlWiThwhlQRJ2Zyw5Ribxc,Yuko Maki,"1540 Lonsdale Ave, North Vancouver, BC V7M 3L7",49.3227136,-123.0720924,4.0,752.0,japanese_restaurant,"japanese_restaurant, sushi_restaurant, restaurant, food, point_of_interest, establishment",http://yukomaki.zomi.menu/,https://maps.google.com/?cid=1688676776360961575&g_mp=Cidnb29nbGUubWFwcy5wbGFjZXMudjEuUGxhY2VzLlNlYXJjaFRleHQQAhgEIAA,Japanese restaurants in North Vancouver BC,1.0,$,1
ChIJb0ZE3djhhVQRG16VimKAb1g,Shady Island Seafood Bar & Grill,"3800 Bayview St, Richmond, BC V7E 6K7",49.12385390000001,-123.1839069,4.0,751.0,seafood_restaurant,"seafood_restaurant, bar_and_grill, thai_restaurant, bar, restaurant, food, point_of_interest, establishment",http://shadyislandseafood.com/,https://maps.google.com/?cid=6372453158472736283&g_mp=Cidnb29nbGUubWFwcy5wbGFjZXMudjEuUGxhY2VzLlNlYXJjaFRleHQQAhgEIAA,Seafood restaurants in Richmond BC,2.0,$$,2
ChIJjaI1jDtxhlQRxYa9oI2Lrxk,Le Belisse Café,"1126 Robson St, Vancouver, BC V6E 1B2",49.2849682,-123.1257972,4.0,674.0,pastry_shop,"coffee_shop, sandwich_shop, ice_cream_shop, pastry_shop, dessert_shop, confectionery, cafe, bakery, food_store, store, restaurant, food, point_of_interest, establishment",http://lebelissecafe.com/,https://maps.google.com/?cid=1850851412275988165&g_mp=Cidnb29nbGUubWFwcy5wbGFjZXMudjEuUGxhY2VzLlNlYXJjaFRleHQQAhgEIAA,French restaurants in West End BC,2.0,$$,2
ChIJFfBH1TF3hlQRgL4NGLE5lcg,Grand Chinese Restaurant,"4461 Lougheed Hwy. #1, Burnaby, BC V5C 3Z2",49.2667875,-123.0039664,4.0,656.0,restaurant,"restaurant, chinese_restaurant, food, point_of_interest, establishment",https://grandrestaurant.zomi.menu/,https://maps.google.com/?cid=14453522011891023488&g_mp=Cidnb29nbGUubWFwcy5wbGFjZXMudjEuUGxhY2VzLlNlYXJjaFRleHQQAhgEIAA,Chinese restaurants in Burnaby BC,2.0,$$,2
ChIJswqvhA4LhlQRfxgLuPR7Edo,DAAN Korean Cuisine Restaurant,"9040 Blundell Rd #125, Richmond, BC V6Y 2N6",49.1551782,-123.1246269,4.0,607.0,korean_restaurant,"korean_restaurant, restaurant, food, point_of_interest, establishment",https://www.daankoreancuisine.com/,https://maps.google.com/?cid=15713476865862342783&g_mp=Cidnb29nbGUubWFwcy5wbGFjZXMudjEuUGxhY2VzLlNlYXJjaFRleHQQAhgEIAA,Korean restaurants in Richmond BC,2.0,$$,2
ChIJr7Oa4cB3hlQREattEEvSNVg,Amorosa Pasta House,"7870 Edmonds St, Burnaby, BC V3N 1B8",49.2258351,-122.9374725,4.0,524.0,italian_restaurant,"italian_restaurant, restaurant, food, point_of_interest, establishment",https://www.facebook.com/amorosasantali/,https://maps.google.com/?cid=6356217668943325969&g_mp=Cidnb29nbGUubWFwcy5wbGFjZXMudjEuUGxhY2VzLlNlYXJjaFRleHQQAhgEIAA,Italian restaurants in Burnaby BC,2.0,$$,2
ChIJeem8drRzhlQRgoDiv9P_G8o,Simpatico Ristorante,"2222 W 4th Ave, Vancouver, BC V6K 1N8",49.2680556,-123.1558333,4.0,520.0,greek_restaurant,"greek_restaurant, mediterranean_restaurant, italian_restaurant, restaurant, food, point_of_interest, establishment",http://simpaticorestaurant.ca/,https://maps.google.com/?cid=14563515104955105410&g_mp=Cidnb29nbGUubWFwcy5wbGFjZXMudjEuUGxhY2VzLlNlYXJjaFRleHQQAhgEIAA,Italian restaurants in Kitsilano BC,2.0,$$,2
ChIJ7ZJLXaxzhlQRxxQbb2cMfTg,Pho Japolo,"2807 W Broadway, Vancouver, BC V6K 2G7",49.2642062,-123.1686926,4.0,466.0,vietnamese_restaurant,"vietnamese_restaurant, restaurant, food, point_of_interest, establishment",http://www.phojapolo.com/,https://maps.google.com/?cid=4070423276598006983&g_mp=Cidnb29nbGUubWFwcy5wbGFjZXMudjEuUGxhY2VzLlNlYXJjaFRleHQQAhgEIAA,Vietnamese restaurants in Kitsilano BC,1.0,$,1
ChIJrwX78mtzhlQRXbaENk8YHzg,Quesada Burritos & Tacos,"2817 W Broadway, Vancouver, BC V6K 2G6",49.2643159,-123.1689344,4.0,421.0,mexican_restaurant,"mexican_restaurant, burrito_restaurant, tex_mex_restaurant, american_restaurant, restaurant, food, point_of_interest, establishment",https://quesada.ca/,https://maps.google.com/?cid=4043977718898144861&g_mp=Cidnb29nbGUubWFwcy5wbGFjZXMudjEuUGxhY2VzLlNlYXJjaFRleHQQAhgEIAA,Mexican restaurants in Kitsilano BC,1.0,$,1
ChIJ92teINFxhlQRG7WY3U4BbkI,Pho Garden,"1469 Marine Dr, North Vancouver, BC V7P 1T7",49.3235477,-123.1143678,4.0,372.0,restaurant,"restaurant, food, point_of_interest, establishment",,https://maps.google.com/?cid=4786764892178265371&g_mp=Cidnb29nbGUubWFwcy5wbGFjZXMudjEuUGxhY2VzLlNlYXJjaFRleHQQAhgEIAA,Vietnamese restaurants in North Vancouver BC,1.0,$,1
ChIJ2cAQnEdwhlQRhohtnbFjfIw,Pho North Vancouver,"128 E 14th St, North Vancouver, BC V7L 4R9",49.32113100000001,-123.0711109,4.0,365.0,vietnamese_restaurant,"vietnamese_restaurant, restaurant, food, point_of_interest, establishment",http://phonorthvancouver.com/,https://maps.google.com/?cid=10123075676923594886&g_mp=Cidnb29nbGUubWFwcy5wbGFjZXMudjEuUGxhY2VzLlNlYXJjaFRleHQQAhgEIAA,Vietnamese restaurants in North Vancouver BC,1.0,$,1
ChIJvZUxkOZ3hlQRIAKINP4yMd4,Quesada Burritos & Tacos,"7155 Kingsway #245, Burnaby, BC V5E 2V1",49.2189098,-122.95676789999996,4.0,300.0,mexican_restaurant,"mexican_restaurant, burrito_restaurant, tex_mex_restaurant, american_restaurant, restaurant, food, point_of_interest, establishment",https://quesada.ca/,https://maps.google.com/?cid=16010634217663234592&g_mp=Cidnb29nbGUubWFwcy5wbGFjZXMudjEuUGxhY2VzLlNlYXJjaFRleHQQAhgEIAA,Mexican restaurants in Burnaby BC,1.0,$,1
ChIJ9W-Uw9jhhVQRCrSV3-F0CA4,The Crab King Fish Port Seafood Bistro,"3540 Bayview St, Richmond, BC V7E 4R7",49.1238672,-123.1858715,4.0,275.0,seafood_restaurant,"seafood_restaurant, bar, restaurant, food, point_of_interest, establishment",https://thecrabkingfishportseafoodbistro.zomi.menu/,https://maps.google.com/?cid=1011186629812270090&g_mp=Cidnb29nbGUubWFwcy5wbGFjZXMudjEuUGxhY2VzLlNlYXJjaFRleHQQAhgEIAA,Seafood restaurants in Richmond BC,2.0,$$,2
ChIJ-1HOFqxxhlQRdqXtRPDly8s,Dex Burger Bar & Vinam Vietnamese Cuisine,"143 Chadwick Ct, North Vancouver, BC V7M 3K2",49.3099663,-123.0828018,4.0,268.0,fast_food_restaurant,"fast_food_restaurant, vietnamese_restaurant, hamburger_restaurant, american_restaurant, restaurant, food, point_of_interest, establishment",,https://maps.google.com/?cid=14685083830082970998&g_mp=Cidnb29nbGUubWFwcy5wbGFjZXMudjEuUGxhY2VzLlNlYXJjaFRleHQQAhgEIAA,Vietnamese restaurants in North Vancouver BC,1.0,$,1
ChIJlwxtI-51hlQRqJXUQLF6vzk,江南小灶 JiangNan Wok,"8338 Capstan Wy #1211, Richmond, BC V6X 4B5",49.1872307,-123.1318283,4.0,219.0,restaurant,"restaurant, food, point_of_interest, establishment",,https://maps.google.com/?cid=4161179482429101480&g_mp=Cidnb29nbGUubWFwcy5wbGFjZXMudjEuUGxhY2VzLlNlYXJjaFRleHQQAhgEIAA,Chinese restaurants in Richmond BC,2.0,$$,2
ChIJM0lobgB3hlQRGYmGm0kiURI,Bun Cha Ca Hoang Yen Burnaby,"4883 Kingsway, Burnaby, BC V5H 4T6",49.2271577,-122.9946159,4.0,216.0,restaurant,"vietnamese_restaurant, restaurant, food, point_of_interest, establishment",https://www.bunchacahoangyen.com/,https://maps.google.com/?cid=1319873865333508377&g_mp=Cidnb29nbGUubWFwcy5wbGFjZXMudjEuUGxhY2VzLlNlYXJjaFRleHQQAhgEIAA,Vietnamese restaurants in Burnaby BC,2.0,$$,2
ChIJJ1vUwc5zhlQRuRxR5lmtJuw,Chipotle Mexican Grill,"2380 W 4th Ave, Vancouver, BC V6K 1P1",49.2680482,-123.1592847,4.0,113.0,mexican_restaurant,"mexican_restaurant, catering_service, fast_food_restaurant, food_delivery, restaurant, food, point_of_interest, service, establishment",https://locations.chipotle.ca/bc/vancouver/2380-4th-ave-w?utm_source=google&utm_medium=yext&utm_campaign=yext_listings?restaurant=5428,https://maps.google.com/?cid=17016478843693767865&g_mp=Cidnb29nbGUubWFwcy5wbGFjZXMudjEuUGxhY2VzLlNlYXJjaFRleHQQAhgEIAA,Mexican restaurants in Kitsilano BC,1.0,$,1
ChIJwxNGJ3xxhlQRB7Yt2wpr8Ws,The Between Cafe,"4370 Still Creek Dr, Burnaby, BC V5C 6G9",49.259015,-123.00769699999998,4.0,105.0,cafe,"cafe, coffee_shop, catering_service, food_delivery, sandwich_shop, bakery, food_store, store, restaurant, food, point_of_interest, service, establishment",,https://maps.google.com/?cid=7778115725816608263&g_mp=Cidnb29nbGUubWFwcy5wbGFjZXMudjEuUGxhY2VzLlNlYXJjaFRleHQQAhgEIAA,Vegan restaurants in Burnaby BC,2.0,$$,2
ChIJObX7RQB1hlQR-4Uv5gyA3aY,Ten’ichi Izakaya AYCE,"8391 Alexandra Rd Unit 2170, Richmond, BC V6X 1C3",49.178588,-123.1298,4.0,61.0,japanese_izakaya_restaurant,"japanese_izakaya_restaurant, japanese_restaurant, restaurant, food, point_of_interest, establishment",,https://maps.google.com/?cid=12023907373038929403&g_mp=Cidnb29nbGUubWFwcy5wbGFjZXMudjEuUGxhY2VzLlNlYXJjaFRleHQQAhgEIAA,Japanese restaurants in Richmond BC,2.0,$$,2
ChIJXzOqESV_hlQRG6W2KSqfLt0,Food Zone,"30 Capilano Way #6, New Westminster, BC V3L 5M3",49.2257469,-122.8860003,4.0,57.0,meal_takeaway,"meal_takeaway, catering_service, food_delivery, restaurant, food, point_of_interest, service, establishment",,https://maps.google.com/?cid=15937851134748042523&g_mp=Cidnb29nbGUubWFwcy5wbGFjZXMudjEuUGxhY2VzLlNlYXJjaFRleHQQAhgEIAA,Caribbean restaurants in Burnaby BC,2.0,$$,2
ChIJN67OWohxhlQR099NKHp2SVE,Rio Brazilian Steakhouse,"1122 Denman St, Vancouver, BC V6G 2M8",49.2879558,-123.140518,3.9,2347.0,restaurant,"restaurant, steak_house, food, point_of_interest, establishment",http://riobraziliansteakhouse.ca/,https://maps.google.com/?cid=5857343057406320595&g_mp=Cidnb29nbGUubWFwcy5wbGFjZXMudjEuUGxhY2VzLlNlYXJjaFRleHQQAhgEIAA,Brazilian restaurants in Downtown Vancouver BC,3.0,$$$,3
ChIJe1vjt-FzhlQRmKPniSKJP8s,Congee Noodle House,"141 E Broadway, Vancouver, BC V5T 1W1",49.263084,-123.1020899,3.9,2064.0,cantonese_restaurant,"cantonese_restaurant, chinese_restaurant, restaurant, food, point_of_interest, establishment",http://www.congeenoodlehouse.ca/,https://maps.google.com/?cid=14645575294667695000&g_mp=Cidnb29nbGUubWFwcy5wbGFjZXMudjEuUGxhY2VzLlNlYXJjaFRleHQQAhgEIAA,Chinese restaurants in Mount Pleasant BC,1.0,$,1
ChIJR3oZB5F2hlQRm-0AS6Q0r_U,The Captain's Boil,"3309 Kingsway, Vancouver, BC V5R 5K6",49.2341566,-123.0352986,3.9,1720.0,seafood_restaurant,"seafood_restaurant, asian_fusion_restaurant, cajun_restaurant, fusion_restaurant, asian_restaurant, american_restaurant, restaurant, food, point_of_interest, establishment",http://www.thecaptainsboil.com/,https://maps.google.com/?cid=17703426540454342043&g_mp=Cidnb29nbGUubWFwcy5wbGFjZXMudjEuUGxhY2VzLlNlYXJjaFRleHQQAhgEIAA,Seafood restaurants in Burnaby BC,2.0,$$,2
ChIJm1RxQ0xwhlQRhMiUhZvuXGw,Sushi Bella North Vancouver,"152 Lonsdale Ave, North Vancouver, BC V7M 2E8",49.3124776,-123.0777808,3.9,1357.0,japanese_restaurant,"japanese_restaurant, sushi_restaurant, asian_restaurant, restaurant, food, point_of_interest, establishment",http://www.sushibella.com/,https://maps.google.com/?cid=7808378205682059396&g_mp=Cidnb29nbGUubWFwcy5wbGFjZXMudjEuUGxhY2VzLlNlYXJjaFRleHQQAhgEIAA,Japanese restaurants in North Vancouver BC,2.0,$$,2
ChIJHU26FDV2hlQR_BkDgqoFxN0,Mr. Ho Wonton House,"6731 Kingsway, Burnaby, BC V5E 1E4",49.2186597,-122.96396749999998,3.9,1313.0,chinese_restaurant,"chinese_restaurant, restaurant, food, point_of_interest, establishment",https://mrho.netlify.app/,https://maps.google.com/?cid=15979903607701182972&g_mp=Cidnb29nbGUubWFwcy5wbGFjZXMudjEuUGxhY2VzLlNlYXJjaFRleHQQAhgEIAA,Chinese restaurants in Burnaby BC,2.0,$$,2
ChIJrT1a_i91hlQR7YXo756vLTw,Jade Seafood Restaurant,"2811 Number 3 Rd #280, Richmond, BC V6X 2B2",49.1931712,-123.1297562,3.9,1298.0,chinese_restaurant,"chinese_restaurant, dim_sum_restaurant, seafood_restaurant, cantonese_restaurant, restaurant, food, point_of_interest, establishment",http://www.jaderestaurant.ca/,https://maps.google.com/?cid=4336315113392342509&g_mp=Cidnb29nbGUubWFwcy5wbGFjZXMudjEuUGxhY2VzLlNlYXJjaFRleHQQAhgEIAA,Chinese restaurants in Richmond BC,2.0,$$,2
ChIJpxQlpjt1hlQRpI41ImJuNmc,Bánh Mì Très Bon Richmond,"4720 McClelland Rd #1840, Richmond, BC V6X 0M6",49.1775846,-123.12112,3.9,1203.0,vietnamese_restaurant,"vietnamese_restaurant, restaurant, food, point_of_interest, establishment",http://www.banhmitresbon.ca/,https://maps.google.com/?cid=7437253202408738468&g_mp=Cidnb29nbGUubWFwcy5wbGFjZXMudjEuUGxhY2VzLlNlYXJjaFRleHQQAhgEIAA,Vietnamese restaurants in Richmond BC,2.0,$$,2
ChIJcbTTS19xhlQR-_YsQo3J2BU,Sushiyama,"371 E Broadway, Vancouver, BC V5T 3M7",49.2630137,-123.0972297,3.9,1084.0,sushi_restaurant,"sushi_restaurant, japanese_restaurant, restaurant, food, point_of_interest, establishment",https://sushi-yama.ca/,https://maps.google.com/?cid=1574229678303803131&g_mp=Cidnb29nbGUubWFwcy5wbGFjZXMudjEuUGxhY2VzLlNlYXJjaFRleHQQAhgEIAA,Japanese restaurants in Mount Pleasant BC,1.0,$,1
ChIJARmkzX1xhlQRY1fXmpIF4Do,Delicious Phở,"255 Robson St, Vancouver, BC V6B 0E7",49.278672400000005,-123.115269,3.9,1045.0,vietnamese_restaurant,"vietnamese_restaurant, restaurant, food, point_of_interest, establishment",https://deliciousphobc.com/,https://maps.google.com/?cid=4242396976204175203&g_mp=Cidnb29nbGUubWFwcy5wbGFjZXMudjEuUGxhY2VzLlNlYXJjaFRleHQQAhgEIAA,Vietnamese restaurants in Downtown Vancouver BC,1.0,$,1
ChIJTV7Wbd1zhlQRNNf29oteTuM,Peaceful Restaurant,"532 W Broadway #110, Vancouver, BC V5Z 1E9",49.2630874,-123.1160779,3.9,1011.0,chinese_restaurant,"chinese_restaurant, restaurant, food, point_of_interest, establishment",http://www.peacefulrestaurant.com/,https://maps.google.com/?cid=16379132850029909812&g_mp=Cidnb29nbGUubWFwcy5wbGFjZXMudjEuUGxhY2VzLlNlYXJjaFRleHQQAhgEIAA,Chinese restaurants in Mount Pleasant BC,2.0,$$,2
ChIJw39Jy2FxhlQRkpolDQCQkzY,Monarca Restaurant & Supper Club,"181 Carrall St, Vancouver, BC V6B 0R5",49.2837862,-123.10446449999998,3.9,961.0,restaurant,"restaurant, food, point_of_interest, establishment",https://monarcavancouver.ca/,https://maps.google.com/?cid=3932645229519542930&g_mp=Cidnb29nbGUubWFwcy5wbGFjZXMudjEuUGxhY2VzLlNlYXJjaFRleHQQAhgEIAA,Mexican restaurants in Gastown BC,2.0,$$,2
ChIJOYd6tKhxhlQRmC3tcMAl3jc,Royal Palace Seafood Restaurant,"2163 E Hastings St, Vancouver, BC V5L 1V2",49.2813897,-123.0602035,3.9,814.0,chinese_restaurant,"chinese_restaurant, restaurant, food, point_of_interest, establishment",https://royalpalaceseafoodrestaurant.zomi.menu/,https://maps.google.com/?cid=4025696625374342552&g_mp=Cidnb29nbGUubWFwcy5wbGFjZXMudjEuUGxhY2VzLlNlYXJjaFRleHQQAhgEIAA,Seafood restaurants in Commercial Drive BC,2.0,$$,2
ChIJ1VVh_NFzhlQRNWREHccGzsU,Chang 'An,"1661 Granville St, Vancouver, BC V6Z 1N3",49.2733935,-123.1327615,3.9,777.0,chinese_restaurant,"chinese_restaurant, restaurant, food, point_of_interest, establishment",http://tastechangan.com/,https://maps.google.com/?cid=14253337322933478453&g_mp=Cidnb29nbGUubWFwcy5wbGFjZXMudjEuUGxhY2VzLlNlYXJjaFRleHQQAhgEIAA,Chinese restaurants in Mount Pleasant BC,2.0,$$,2
ChIJTUcnRnpxhlQRvjN4THDSD7I,Congee Noodle Delight,"88 W Pender St #1021, Vancouver, BC V6B 6N9",49.2805958,-123.1062093,3.9,701.0,chinese_noodle_restaurant,"chinese_noodle_restaurant, chinese_restaurant, restaurant, food, point_of_interest, establishment",https://www.congeenoodledelight.com/,https://maps.google.com/?cid=12830705243162948542&g_mp=Cidnb29nbGUubWFwcy5wbGFjZXMudjEuUGxhY2VzLlNlYXJjaFRleHQQAhgEIAA,Chinese restaurants in Gastown BC,1.0,$,1
ChIJM0aAxCB3hlQRJ_6LlyfOJoI,Personas Patio Restaurant And Lounge,"4331 Dominion St, Burnaby, BC V5G 1C7",49.2566882,-123.0072957,3.9,672.0,restaurant,"restaurant, food, point_of_interest, establishment",https://mypersonas.ca/,https://maps.google.com/?cid=9378409943487217191&g_mp=Cidnb29nbGUubWFwcy5wbGFjZXMudjEuUGxhY2VzLlNlYXJjaFRleHQQAhgEIAA,Spanish restaurants in Burnaby BC,2.0,$$,2
ChIJMxdNNYdxhlQR4u3BiMkq4n4,ChongQing on Robson,"1260 Robson St, Vancouver, BC V6E 1C2",49.2865297,-123.1280984,3.9,548.0,chinese_restaurant,"chinese_restaurant, restaurant, food, point_of_interest, establishment",http://www.cqrestaurant.com/,https://maps.google.com/?cid=9142917238586732002&g_mp=Cidnb29nbGUubWFwcy5wbGFjZXMudjEuUGxhY2VzLlNlYXJjaFRleHQQAhgEIAA,Chinese restaurants in Downtown Vancouver BC,2.0,$$,2
ChIJmSJcZBBxhlQRk7ZH58ST_T8,Golden Seafood Restaurant,"2425 Nanaimo St, Vancouver, BC V5N 5E5",49.2628144,-123.0570706,3.9,546.0,chinese_restaurant,"chinese_restaurant, restaurant, food, point_of_interest, establishment",https://www.goldenseafoodvancouver.com/,https://maps.google.com/?cid=4611004067400365715&g_mp=Cidnb29nbGUubWFwcy5wbGFjZXMudjEuUGxhY2VzLlNlYXJjaFRleHQQAhgEIAA,Seafood restaurants in Commercial Drive BC,2.0,$$,2
ChIJtWPKQMt1hlQRkEkaTtEz55M,Cherry's Food House,"8580 Alexandra Rd Unit 1015, Richmond, BC V6X 1C3",49.1782116,-123.1275586,3.9,532.0,korean_restaurant,"korean_restaurant, dessert_restaurant, brunch_restaurant, meal_takeaway, chinese_restaurant, restaurant, food, point_of_interest, establishment",,https://maps.google.com/?cid=10657544017247095184&g_mp=Cidnb29nbGUubWFwcy5wbGFjZXMudjEuUGxhY2VzLlNlYXJjaFRleHQQAhgEIAA,Korean restaurants in Richmond BC,2.0,$$,2
ChIJNZpmgKtzhlQR4NwZhrkOZ9M,Hu Tong Kao Ya,"2942 W Broadway, Vancouver, BC V6K 2G8",49.2639973,-123.17114189999998,3.9,385.0,chinese_restaurant,"chinese_restaurant, restaurant, food, point_of_interest, establishment",http://hutong.ca/,https://maps.google.com/?cid=15233160454585572576&g_mp=Cidnb29nbGUubWFwcy5wbGFjZXMudjEuUGxhY2VzLlNlYXJjaFRleHQQAhgEIAA,Chinese restaurants in Kitsilano BC,2.0,$$,2
ChIJ1-V8VYFxhlQRrV7eXCmKzDg,Prestons Restaurant + Lounge Vancouver,"1177 W Pender St, Vancouver, BC V6E 2P4",49.288219,-123.122225,3.9,353.0,restaurant,"restaurant, food, point_of_interest, establishment",https://www.prestonsvancouver.ca/,https://maps.google.com/?cid=4092798071629307565&g_mp=Cidnb29nbGUubWFwcy5wbGFjZXMudjEuUGxhY2VzLlNlYXJjaFRleHQQAhgEIAA,Caribbean restaurants in Downtown Vancouver BC,2.0,$$,2
ChIJwzAIFUxwhlQRAYEnDhxcdE0,Coral Court Chinese Restaurant,"137 E 2nd St, North Vancouver, BC V7L 1C2",49.3118886,-123.076576,3.9,293.0,chinese_restaurant,"chinese_restaurant, restaurant, food, point_of_interest, establishment",https://coral-court.ca/,https://maps.google.com/?cid=5581187113785196801&g_mp=Cidnb29nbGUubWFwcy5wbGFjZXMudjEuUGxhY2VzLlNlYXJjaFRleHQQAhgEIAA,Chinese restaurants in North Vancouver BC,2.0,$$,2
ChIJVQHei9ZzhlQR7LUiZK3ewuw,Yopo Sweet Mandarin,"1122 Homer St, Vancouver, BC V6B 2X6",49.2760317,-123.1218906,3.9,260.0,chinese_restaurant,"chinese_restaurant, restaurant, food, point_of_interest, establishment",http://www.sweetmandarin.ca/,https://maps.google.com/?cid=17060443174723565036&g_mp=Cidnb29nbGUubWFwcy5wbGFjZXMudjEuUGxhY2VzLlNlYXJjaFRleHQQAhgEIAA,Chinese restaurants in Downtown Vancouver BC,1.0,$,1
ChIJkQD9vmxzhlQR3uGF1CX5N8s,Z&W Shanghai Kitchen,"2126 W Broadway, Vancouver, BC V6K 2C8",49.263687,-123.1535823,3.9,246.0,chinese_restaurant,"seafood_restaurant, chinese_restaurant, restaurant, food, point_of_interest, establishment",https://zwshanghai.zomi.menu/,https://maps.google.com/?cid=14643446654293107166&g_mp=Cidnb29nbGUubWFwcy5wbGFjZXMudjEuUGxhY2VzLlNlYXJjaFRleHQQAhgEIAA,Chinese restaurants in Kitsilano BC,2.0,$$,2
ChIJE2JSK0ZwhlQR1F3LHeU70Xc,Phở 98 Vietnamese Noodle House,"1855 Lonsdale Ave, North Vancouver, BC V7M 2J8",49.326034,-123.0725318,3.9,199.0,restaurant,"vietnamese_restaurant, noodle_shop, restaurant, food, point_of_interest, establishment",,https://maps.google.com/?cid=8633747815879368148&g_mp=Cidnb29nbGUubWFwcy5wbGFjZXMudjEuUGxhY2VzLlNlYXJjaFRleHQQAhgEIAA,Vietnamese restaurants in North Vancouver BC,1.0,$,1
ChIJ6SYELN5vhlQRbdSMHeJC_r4,New Woon Lee Inn Restaurant,"3751 Delbrook Ave, North Vancouver, BC V7N 3Z4",49.3433135,-123.0858343,3.9,177.0,chinese_restaurant,"chinese_restaurant, restaurant, food, point_of_interest, establishment",http://woonleeinn.com/,https://maps.google.com/?cid=13762511050216625261&g_mp=Cidnb29nbGUubWFwcy5wbGFjZXMudjEuUGxhY2VzLlNlYXJjaFRleHQQAhgEIAA,Chinese restaurants in North Vancouver BC,2.0,$$,2
ChIJpblWPsZ3hlQRnWCIRXUyLQE,Abyssinia Restaurant,"7546 Edmonds St, Burnaby, BC V3N 1B4",49.2223767,-122.9438091,3.9,160.0,ethiopian_restaurant,"ethiopian_restaurant, restaurant, food, point_of_interest, establishment",https://abyssiniarestaurant.zomi.menu/,https://maps.google.com/?cid=84779447249035421&g_mp=Cidnb29nbGUubWFwcy5wbGFjZXMudjEuUGxhY2VzLlNlYXJjaFRleHQQAhgEIAA,Ethiopian restaurants in Kitsilano BC,1.0,$,1
ChIJBZxMUFJ3hlQR583g1w8aiSY,Peking Restaurant (BEST PRICE ORDER TAKEOUT/DELIVERY/DINE IN on official website:https://pekingrestaurant.onlineordering.io/),"5939 Hastings St, Burnaby, BC V5B 3X7",49.2804858,-122.97744129999998,3.9,153.0,chinese_restaurant,"chinese_restaurant, restaurant, food, point_of_interest, establishment",https://pekingrestaurant.onlineordering.io/en,https://maps.google.com/?cid=2776779300599287271&g_mp=Cidnb29nbGUubWFwcy5wbGFjZXMudjEuUGxhY2VzLlNlYXJjaFRleHQQAhgEIAA,Chinese restaurants in Burnaby BC,2.0,$$,2
ChIJmXnWhuhzhlQRF9dpd6S1dT4,New Sun Restaurant,"2925 Cambie St., Vancouver, BC V5Z 3Y8",49.2592534,-123.1152898,3.9,82.0,chinese_restaurant,"chinese_restaurant, restaurant, food, point_of_interest, establishment",https://www.newsunrestaurant.ca/,https://maps.google.com/?cid=4500703120609367831&g_mp=Cidnb29nbGUubWFwcy5wbGFjZXMudjEuUGxhY2VzLlNlYXJjaFRleHQQAhgEIAA,Chinese restaurants in Mount Pleasant BC,1.0,$,1
ChIJycryZSsRsYkRWEAXGXwnoO0,Bono's Caribbean,"1622 Williamsburg Rd, Richmond, VA 23231, USA",37.5146781,-77.3954704,3.9,67.0,restaurant,"restaurant, food, point_of_interest, establishment",,https://maps.google.com/?cid=17122729197213007960&g_mp=Cidnb29nbGUubWFwcy5wbGFjZXMudjEuUGxhY2VzLlNlYXJjaFRleHQQAhgEIAA,Caribbean restaurants in Richmond BC,2.0,$$,2
ChIJD5gFGV9zhlQRtpAklHyz_Ts,食宴兰州牛肉拉面 Shi Yan Lanzhou Beef Noodles,"3217 W Broadway, Vancouver, BC V6K 2H5",49.2643642,-123.1765756,3.9,36.0,chinese_restaurant,"chinese_restaurant, restaurant, food, point_of_interest, establishment",,https://maps.google.com/?cid=4322808564988285110&g_mp=Cidnb29nbGUubWFwcy5wbGFjZXMudjEuUGxhY2VzLlNlYXJjaFRleHQQAhgEIAA,Chinese restaurants in Kitsilano BC,2.0,$$,2
ChIJGREqVod3hlQRtryfGmDoFP4,The Hungry Tiger Grill Kitchen,"1901 Rosser Ave unit 106b, Burnaby, BC V5C 6R6",49.2670536,-123.0074379,3.9,9.0,barbecue_restaurant,"barbecue_restaurant, restaurant, food, point_of_interest, establishment",,https://maps.google.com/?cid=18308513884629089462&g_mp=Cidnb29nbGUubWFwcy5wbGFjZXMudjEuUGxhY2VzLlNlYXJjaFRleHQQAhgEIAA,Seafood restaurants in Burnaby BC,2.0,$$,2
ChIJ3R1bEclwhlQRArcWhZ_lFqQ,Tentatsu Japanese Restaurant Burnaby,"4266 Hastings St, Burnaby, BC V5C 2J6",49.2807876,-123.0097125,3.8,1158.0,sushi_restaurant,"sushi_restaurant, meal_delivery, food_delivery, japanese_restaurant, restaurant, food, point_of_interest, establishment",http://www.tentatsusushi.com/,https://maps.google.com/?cid=11823890345003235074&g_mp=Cidnb29nbGUubWFwcy5wbGFjZXMudjEuUGxhY2VzLlNlYXJjaFRleHQQAhgEIAA,Japanese restaurants in Burnaby BC,1.0,$,1
ChIJ41LY5k92hlQRn6j16rHcqHM,Jin Jiang Shanghai Restaurant,"5411 Kingsway, Burnaby, BC V5H 2G1",49.2242369,-122.9854166,3.8,1056.0,chinese_restaurant,"chinese_restaurant, restaurant, food, point_of_interest, establishment",https://jinjiang.ca/,https://maps.google.com/?cid=8334153767158392991&g_mp=Cidnb29nbGUubWFwcy5wbGFjZXMudjEuUGxhY2VzLlNlYXJjaFRleHQQAhgEIAA,Chinese restaurants in Burnaby BC,2.0,$$,2
ChIJhWZ1wMwKhlQRxp2IRu99nio,Mui Garden Restaurant | Richmond,"5960 Minoru Blvd, Richmond, BC V6X 4J4",49.1709825,-123.1394104,3.8,1037.0,chinese_restaurant,"chinese_restaurant, restaurant, food, point_of_interest, establishment",http://www.muigarden.com/,https://maps.google.com/?cid=3071030462547271110&g_mp=Cidnb29nbGUubWFwcy5wbGFjZXMudjEuUGxhY2VzLlNlYXJjaFRleHQQAhgEIAA,Chinese restaurants in Richmond BC,1.0,$,1
ChIJnwlqYONzhlQR337tII9EMaU,Kwong Chow Congee & Noodle House,"3163 Main St, Vancouver, BC V5T 3G7",49.2570026,-123.1014794,3.8,1013.0,cantonese_restaurant,"cantonese_restaurant, chinese_noodle_restaurant, chinese_restaurant, restaurant, food, point_of_interest, establishment",https://kwongchow.zomi.menu/,https://maps.google.com/?cid=11903370671640379103&g_mp=Cidnb29nbGUubWFwcy5wbGFjZXMudjEuUGxhY2VzLlNlYXJjaFRleHQQAhgEIAA,Chinese restaurants in Mount Pleasant BC,1.0,$,1
ChIJCV-f1OZ0hlQRw53_mACMCC8,Sea Harbour Restaurant,"8888 River Rd Unit 150, Richmond, BC V6X 0E1",49.1963203,-123.1261789,3.8,951.0,seafood_restaurant,"seafood_restaurant, chinese_restaurant, restaurant, food, point_of_interest, establishment",https://www.seaharbour.com/,https://maps.google.com/?cid=3389112653791075779&g_mp=Cidnb29nbGUubWFwcy5wbGFjZXMudjEuUGxhY2VzLlNlYXJjaFRleHQQAhgEIAA,Seafood restaurants in Richmond BC,3.0,$$$,3
ChIJQ-iNn4dxhlQRzJqrMWKWCqU,The Captain's Boil,"1487 Robson St, Vancouver, BC V6G 1C1",49.2886595,-123.1307837,3.8,809.0,seafood_restaurant,"seafood_restaurant, asian_fusion_restaurant, asian_restaurant, fusion_restaurant, cajun_restaurant, american_restaurant, restaurant, food, point_of_interest, establishment",http://www.thecaptainsboil.com/,https://maps.google.com/?cid=11892483114509507276&g_mp=Cidnb29nbGUubWFwcy5wbGFjZXMudjEuUGxhY2VzLlNlYXJjaFRleHQQAhgEIAA,Seafood restaurants in West End BC,2.0,$$,2
ChIJIdP7usZzhlQR_sznvH1QV7o,Royal Seoul House Restaurant,"1215 W Broadway, Vancouver, BC V6H 1G7",49.2636673,-123.1317409,3.8,756.0,korean_restaurant,"korean_restaurant, restaurant, food, point_of_interest, establishment",http://www.royalseoulhouse.com/,https://maps.google.com/?cid=13427289314998865150&g_mp=Cidnb29nbGUubWFwcy5wbGFjZXMudjEuUGxhY2VzLlNlYXJjaFRleHQQAhgEIAA,Korean restaurants in Kitsilano BC,2.0,$$,2
ChIJre0sMnhxhlQRTiV31CriPZs,Silvestre Deli & Bistro,"317 Water St, Vancouver, BC V6B 4R3",49.2844795,-123.1091227,3.8,662.0,peruvian_restaurant,"peruvian_restaurant, pastry_shop, coffee_shop, ice_cream_shop, dessert_shop, sandwich_shop, confectionery, bakery, cafe, wholesaler, manufacturer, food_store, supplier, store, restaurant, food, point_of_interest, establishment",http://www.silvestregustolatino.com/,https://maps.google.com/?cid=11186345723039262030&g_mp=Cidnb29nbGUubWFwcy5wbGFjZXMudjEuUGxhY2VzLlNlYXJjaFRleHQQAhgEIAA,Peruvian restaurants in Downtown Vancouver BC,2.0,$$,2
ChIJgepNCbNzhlQRjveodReDx_g,Peaceful Restaurant,"2394 W 4th Ave, Vancouver, BC V6K 1P1",49.268124,-123.1596039,3.8,628.0,chinese_restaurant,"chinese_restaurant, restaurant, food, point_of_interest, establishment",http://www.peacefulrestaurant.com/,https://maps.google.com/?cid=17926440978553042830&g_mp=Cidnb29nbGUubWFwcy5wbGFjZXMudjEuUGxhY2VzLlNlYXJjaFRleHQQAhgEIAA,Chinese restaurants in Kitsilano BC,2.0,$$,2
ChIJKUurNSl1hlQR7Xs27XXfrmY,Kam Tou Seafood Restaurant,"3779 Sexsmith Rd Unit 1298, Richmond, BC V6X 1J8",49.185489,-123.1303779,3.8,513.0,chinese_restaurant,"chinese_restaurant, dim_sum_restaurant, seafood_restaurant, cantonese_restaurant, restaurant, food, point_of_interest, establishment",https://kamtourestaurant.ca/,https://maps.google.com/?cid=7399096935400242157&g_mp=Cidnb29nbGUubWFwcy5wbGFjZXMudjEuUGxhY2VzLlNlYXJjaFRleHQQAhgEIAA,Chinese restaurants in Richmond BC,2.0,$$,2
ChIJtzMzeAB1hlQRF6LsBFrAa2A,Lanxuan Restaurant,"3631 Number 3 Rd #170, Richmond, BC V6X 2B9",49.1877216,-123.1346254,3.8,240.0,chinese_restaurant,"chinese_restaurant, restaurant, food, point_of_interest, establishment",https://lanxuanrestaurant.zomi.menu/,https://maps.google.com/?cid=6947858343011328535&g_mp=Cidnb29nbGUubWFwcy5wbGFjZXMudjEuUGxhY2VzLlNlYXJjaFRleHQQAhgEIAA,Chinese restaurants in Richmond BC,2.0,$$,2
ChIJL4unQMd1hlQR8_sS_qS5Cno,Royal Garden Seafood Restaurant,"4540 Number 3 Rd #2200, Richmond, BC V6X 4E4",49.1807498,-123.1340267,3.8,226.0,restaurant,"restaurant, food, point_of_interest, establishment",http://www.royalgardenseafood.ca/,https://maps.google.com/?cid=8794045340682746867&g_mp=Cidnb29nbGUubWFwcy5wbGFjZXMudjEuUGxhY2VzLlNlYXJjaFRleHQQAhgEIAA,Seafood restaurants in Richmond BC,2.0,$$,2
ChIJNVP9rT5whlQRDLC6PmJ9x-g,Chilli Lee Szechuan Cuisine,"1927 Lonsdale Ave, North Vancouver, BC V7M 2K3",49.3267333,-123.0724582,3.8,203.0,chinese_restaurant,"chinese_restaurant, restaurant, food, point_of_interest, establishment",https://chillilee.com/,https://maps.google.com/?cid=16773513198077390860&g_mp=Cidnb29nbGUubWFwcy5wbGFjZXMudjEuUGxhY2VzLlNlYXJjaFRleHQQAhgEIAA,Chinese restaurants in North Vancouver BC,1.0,$,1
ChIJd0cKfB9zhlQRObsyEWKoR5I,Faubourg,"302 Davie St, Vancouver, BC V6B 5T6",49.2745455,-123.122478,3.8,174.0,bakery,"bakery, breakfast_restaurant, pastry_shop, dessert_shop, confectionery, cafe, wholesaler, manufacturer, food_store, store, restaurant, food, point_of_interest, establishment",https://www.faubourg.com/,https://maps.google.com/?cid=10540578592032734009&g_mp=Cidnb29nbGUubWFwcy5wbGFjZXMudjEuUGxhY2VzLlNlYXJjaFRleHQQAhgEIAA,French restaurants in Yaletown BC,2.0,$$,2
ChIJIVQItDF1hlQRb_Upv_kiOXI,No.9 Restaurant,"5300 Number 3 Rd #812, Richmond, BC V6X 2X9",49.1753301,-123.1343318,3.7,3894.0,cantonese_restaurant,"cantonese_restaurant, chinese_noodle_restaurant, asian_fusion_restaurant, asian_restaurant, fusion_restaurant, noodle_shop, family_restaurant, cafe, chinese_restaurant, restaurant, food, point_of_interest, establishment",http://richmond9.com/,https://maps.google.com/?cid=8230648250045691247&g_mp=Cidnb29nbGUubWFwcy5wbGFjZXMudjEuUGxhY2VzLlNlYXJjaFRleHQQAhgEIAA,Chinese restaurants in Richmond BC,2.0,$$,2
ChIJk-l-TzhwhlQRg7MnkbXSNK0,Andreas Restaurant,"153 16th St W, North Vancouver, BC V7M 1T3",49.3228688,-123.074626,3.7,1159.0,greek_restaurant,"greek_restaurant, pizza_delivery, pizza_restaurant, bar_and_grill, meal_delivery, food_delivery, mediterranean_restaurant, meal_takeaway, bar, restaurant, food, point_of_interest, establishment",https://order.toasttab.com/online/andreas-153-16th-st-w,https://maps.google.com/?cid=12480832144616698755&g_mp=Cidnb29nbGUubWFwcy5wbGFjZXMudjEuUGxhY2VzLlNlYXJjaFRleHQQAhgEIAA,Mediterranean restaurants in North Vancouver BC,2.0,$$,2
ChIJox8XudBxhlQRvDPYL8CDjA0,Jade Palace Chinese Restaurant,"4524 Hastings St, Burnaby, BC V5C 2K4",49.28084020000001,-123.0021997,3.7,773.0,chinese_restaurant,"chinese_restaurant, tea_house, restaurant, food, point_of_interest, establishment",https://jadepalaceburnaby.com/,https://maps.google.com/?cid=976300080692212668&g_mp=Cidnb29nbGUubWFwcy5wbGFjZXMudjEuUGxhY2VzLlNlYXJjaFRleHQQAhgEIAA,Chinese restaurants in Burnaby BC,2.0,$$,2
ChIJp_ANBmp3hlQR1YS_daenqp4,Parsley Berlin Style Doner-Kebab,"4567 Lougheed Hwy., Burnaby, BC V5C 3Z6",49.26764730000001,-123.0010753,3.7,484.0,turkish_restaurant,"turkish_restaurant, restaurant, food, point_of_interest, establishment",https://www.parsleydoner.ca/,https://maps.google.com/?cid=11433134941710288085&g_mp=Cidnb29nbGUubWFwcy5wbGFjZXMudjEuUGxhY2VzLlNlYXJjaFRleHQQAhgEIAA,Turkish restaurants in Burnaby BC,1.0,$,1
ChIJwdOCjJF3hlQR7lRbM53Skic,Neptune Seafood Restaurant (Burnaby),"Central Blvd, Burnaby, BC V5H 4M3",49.2265065,-123.0038795,3.7,454.0,chinese_restaurant,"chinese_restaurant, seafood_restaurant, market, restaurant, food, point_of_interest, establishment",https://www.neptunegroup.ca/burnaby,https://maps.google.com/?cid=2851573086692267246&g_mp=Cidnb29nbGUubWFwcy5wbGFjZXMudjEuUGxhY2VzLlNlYXJjaFRleHQQAhgEIAA,Seafood restaurants in Burnaby BC,2.0,$$,2
ChIJH7vyra93hlQRZmd7Ln7k8-Y,Grand Neptune Seafood Restaurant,"4331 Dominion St, Burnaby, BC V5G 1C7",49.2565808,-123.0063423,3.7,261.0,seafood_restaurant,"seafood_restaurant, restaurant, food, point_of_interest, establishment",https://www.grandneptune.ca/,https://maps.google.com/?cid=16641896278660966246&g_mp=Cidnb29nbGUubWFwcy5wbGFjZXMudjEuUGxhY2VzLlNlYXJjaFRleHQQAhgEIAA,Seafood restaurants in Burnaby BC,2.0,$$,2
ChIJufvNXFZ3hlQR-9PyAGmqjbo,North Burnaby Wonton House,"6650 Hastings St, Burnaby, BC V5B 1S1",49.280196,-122.965492,3.7,246.0,chinese_restaurant,"chinese_restaurant, restaurant, food, point_of_interest, establishment",http://www.northburnabywontonhouse.com/,https://maps.google.com/?cid=13442587830735000571&g_mp=Cidnb29nbGUubWFwcy5wbGFjZXMudjEuUGxhY2VzLlNlYXJjaFRleHQQAhgEIAA,Chinese restaurants in Burnaby BC,1.0,$,1
ChIJR3_YQJhzhlQRtHWzMI4yGJI,Uncle Pu's Sichuan Taste蒲大叔川菜,"3132 W Broadway, Vancouver, BC V6K 2G9",49.2640338,-123.1749512,3.7,208.0,chinese_restaurant,"chinese_restaurant, restaurant, food, point_of_interest, establishment",https://unclepussichuantaste.com/?,https://maps.google.com/?cid=10527219715262346676&g_mp=Cidnb29nbGUubWFwcy5wbGFjZXMudjEuUGxhY2VzLlNlYXJjaFRleHQQAhgEIAA,Chinese restaurants in Kitsilano BC,2.0,$$,2
ChIJmXWK2CVwhlQRLqVkw3z5HFQ,Westview Oriental Restaurant,"2609 Westview Dr #108, North Vancouver, BC V7N 4M2",49.333472,-123.0887683,3.6,455.0,chinese_restaurant,"chinese_restaurant, restaurant, food, point_of_interest, establishment",http://www.westviewchinese.com/,https://maps.google.com/?cid=6060993512783258926&g_mp=Cidnb29nbGUubWFwcy5wbGFjZXMudjEuUGxhY2VzLlNlYXJjaFRleHQQAhgEIAA,Chinese restaurants in North Vancouver BC,2.0,$$,2
ChIJXSRAavVwhlQRmMqCtjYIw50,Golden Pearl Restaurant (BEST PRICE ORDER on website: https://goldenpearlrestaurant.onlineordering.io/),"333 Brooksbank Ave #128, North Vancouver, BC V7J 3S8",49.3082602,-123.04145119999998,3.6,332.0,chinese_restaurant,"chinese_restaurant, restaurant, food, point_of_interest, establishment",https://goldenpearlrestaurant.onlineordering.io/en/order,https://maps.google.com/?cid=11367938915496544920&g_mp=Cidnb29nbGUubWFwcy5wbGFjZXMudjEuUGxhY2VzLlNlYXJjaFRleHQQAhgEIAA,Chinese restaurants in North Vancouver BC,2.0,$$,2
ChIJsZojy6txhlQRMUlKl0r7U68,Dingding Restaurant,"682 Seymour St, Vancouver, BC V6B 3K3",49.282063,-123.11656839999998,3.6,150.0,chinese_restaurant,"chinese_restaurant, restaurant, food, point_of_interest, establishment",https://dingdingrestaurant.zomi.menu/,https://maps.google.com/?cid=12633717677488752945&g_mp=Cidnb29nbGUubWFwcy5wbGFjZXMudjEuUGxhY2VzLlNlYXJjaFRleHQQAhgEIAA,Chinese restaurants in Downtown Vancouver BC,2.0,$$,2
ChIJr8gJPAB1hlQRN14CVif5Glw,Quesada Burritos & Tacos,"5951 Number 3 Rd Unit 118, Richmond, BC V6X 2E3",49.1709812,-123.1368732,3.6,102.0,mexican_restaurant,"mexican_restaurant, burrito_restaurant, tex_mex_restaurant, american_restaurant, restaurant, food, point_of_interest, establishment",https://quesada.ca/,https://maps.google.com/?cid=6636890948225883703&g_mp=Cidnb29nbGUubWFwcy5wbGFjZXMudjEuUGxhY2VzLlNlYXJjaFRleHQQAhgEIAA,Mexican restaurants in Richmond BC,1.0,$,1
ChIJW9UcBAALhlQRCFcgzj-bCtU,TASTY BBQ & BEER BAR,"7771 Westminster Hwy Unit 180, Richmond, BC V6X 1A4",49.1704041,-123.1393646,3.6,24.0,barbecue_restaurant,"barbecue_restaurant, restaurant, food, point_of_interest, establishment",,https://maps.google.com/?cid=15351252978189227784&g_mp=Cidnb29nbGUubWFwcy5wbGFjZXMudjEuUGxhY2VzLlNlYXJjaFRleHQQAhgEIAA,Brazilian restaurants in Richmond BC,2.0,$$,2
ChIJBS1MqVh2hlQRwMX3CNVjvNw,Grand Crystal Seafood Restaurant,"4500 Kingsway #2216, Burnaby, BC V5H 2A9",49.2296666,-123.0050668,3.5,924.0,chinese_restaurant,"chinese_restaurant, seafood_restaurant, wedding_venue, event_venue, restaurant, food, service, point_of_interest, establishment",https://grandcrystal.ca/,https://maps.google.com/?cid=15905697750595388864&g_mp=Cidnb29nbGUubWFwcy5wbGFjZXMudjEuUGxhY2VzLlNlYXJjaFRleHQQAhgEIAA,Seafood restaurants in Burnaby BC,2.0,$$,2
ChIJhzuAa5NzhlQRIG-P1XOisAo,Sun Garden Chinese Restaurant,"3832 Oak St, Vancouver, BC V6H 2M5",49.2514875,-123.1272813,3.5,181.0,chinese_restaurant,"chinese_restaurant, family_restaurant, meal_delivery, food_delivery, asian_restaurant, meal_takeaway, restaurant, food, point_of_interest, establishment",http://sungardenchinese.com/,https://maps.google.com/?cid=770294154668240672&g_mp=Cidnb29nbGUubWFwcy5wbGFjZXMudjEuUGxhY2VzLlNlYXJjaFRleHQQAhgEIAA,Chinese restaurants in Mount Pleasant BC,2.0,$$,2
ChIJZVmeP1R5hlQRUQXKBx1E8hE,Chipotle Mexican Grill,"3778 Grande Prom. Unit 440, Burnaby, BC V3J 1N5",49.2492697,-122.893914,3.4,627.0,mexican_restaurant,"mexican_restaurant, restaurant, food, point_of_interest, establishment",https://locations.chipotle.ca/bc/burnaby/3778-grand-promenade?utm_source=google&utm_medium=yext&utm_campaign=yext_listings?restaurant=4877,https://maps.google.com/?cid=1293170934484174161&g_mp=Cidnb29nbGUubWFwcy5wbGFjZXMudjEuUGxhY2VzLlNlYXJjaFRleHQQAhgEIAA,Mexican restaurants in Burnaby BC,1.0,$,1
ChIJObGeeDhwhlQRfrZojUsVjyA,Pho Spot,"1442 Lonsdale Ave, North Vancouver, BC V7M 2J1",49.3217062,-123.07212519999996,3.4,310.0,vietnamese_restaurant,"vietnamese_restaurant, restaurant, food, point_of_interest, establishment",https://phospotrestaurant.com/,https://maps.google.com/?cid=2346117345122498174&g_mp=Cidnb29nbGUubWFwcy5wbGFjZXMudjEuUGxhY2VzLlNlYXJjaFRleHQQAhgEIAA,Vietnamese restaurants in North Vancouver BC,1.0,$,1
ChIJ9Vwt10xwhlQRx2Xygm7nozs,Cilantro and Jalapeno,"123 Carrie Cates Ct #131, North Vancouver, BC V7M 3K7",49.3103165,-123.08186779999998,3.4,295.0,mexican_restaurant,"mexican_restaurant, restaurant, food, point_of_interest, establishment",http://www.cilantroandjalapeno.com/,https://maps.google.com/?cid=4297532931270927815&g_mp=Cidnb29nbGUubWFwcy5wbGFjZXMudjEuUGxhY2VzLlNlYXJjaFRleHQQAhgEIAA,Mexican restaurants in North Vancouver BC,1.0,$,1
ChIJj15cRV5xhlQR_a9ANlAyCD0,Red Chilli,"741 Lonsdale Ave, North Vancouver, BC V7M 2G9",49.3176325,-123.0730376,3.4,264.0,restaurant,"restaurant, chicken_restaurant, seafood_restaurant, meal_takeaway, chinese_restaurant, food, point_of_interest, establishment",http://redchilliszechuanrestaurant.ca/,https://maps.google.com/?cid=4397820356216270845&g_mp=Cidnb29nbGUubWFwcy5wbGFjZXMudjEuUGxhY2VzLlNlYXJjaFRleHQQAhgEIAA,Chinese restaurants in North Vancouver BC,2.0,$$,2
ChIJf_Kdn5UKhlQRPjWVi1H9dK0,Thai Kitchen,"8180 No 2 Rd #160, Richmond, BC V7C 5J8",49.1537585,-123.1570322,3.2,245.0,thai_restaurant,"thai_restaurant, restaurant, food, point_of_interest, establishment",http://thaikitchen.zomi.menu/,https://maps.google.com/?cid=12498893392535958846&g_mp=Cidnb29nbGUubWFwcy5wbGFjZXMudjEuUGxhY2VzLlNlYXJjaFRleHQQAhgEIAA,Thai restaurants in Richmond BC,2.0,$$,2
ChIJsV8VMM1xhlQRZzQJffupYLE,Manchu Wok,"935 Marine Dr #11, North Vancouver, BC V7P 1S3",49.321752,-123.100162,3.1,62.0,chinese_restaurant,"chinese_restaurant, chicken_restaurant, asian_restaurant, chinese_noodle_restaurant, meal_delivery, food_delivery, cantonese_restaurant, meal_takeaway, restaurant, food, point_of_interest, establishment",https://locations.manchuwok.com/stores/capilano-mall/?utm_source=G&utm_medium=LPM&utm_campaign=MTY,https://maps.google.com/?cid=12781402640077108327&g_mp=Cidnb29nbGUubWFwcy5wbGFjZXMudjEuUGxhY2VzLlNlYXJjaFRleHQQAhgEIAA,Chinese restaurants in North Vancouver BC,1.0,$,1
ChIJ2054cAB1hlQRi5NQCjAmcio,Espana,"650 W 41st Ave 410 N Tower, Vancouver, BC V5Z 0N8",49.2319212,-123.11855269999998,2.4,13.0,spanish_restaurant,"spanish_restaurant, restaurant, food, point_of_interest, establishment",,https://maps.google.com/?cid=3058549084711326603&g_mp=Cidnb29nbGUubWFwcy5wbGFjZXMudjEuUGxhY2VzLlNlYXJjaFRleHQQAhgEIAA,Spanish restaurants in Richmond BC,2.0,$$,2
ChIJ9zKGFZpzhlQRR3spf7yD9pI,Charcutería,"1102 Davie St, Vancouver, BC V6E 1X4",49.280445,-123.1315288,1.0,1.0,restaurant,"restaurant, food, point_of_interest, establishment",,https://maps.google.com/?cid=10589796419418815303&g_mp=Cidnb29nbGUubWFwcy5wbGFjZXMudjEuUGxhY2VzLlNlYXJjaFRleHQQAhgEIAA,Brazilian restaurants in Downtown Vancouver BC,2.0,$$,2
